SKU_ID,SKU_Name,Category,ABC_Class,Supplier_ID,Supplier_Name,Warehouse_ID,Warehouse_Location,Batch_ID,Received_Date,Last_Purchase_Date,Expiry_Date,Stock_Age_Days,Quantity_On_Hand,Quantity_Reserved,Quantity_Committed,Damaged_Qty,Returns_Qty,Avg_Daily_Sales,Forecast_Next_30d,Days_of_Inventory,Reorder_Point,Safety_Stock,Lead_Time_Days,Unit_Cost_USD,Last_Purchase_Price_USD,Total_Inventory_Value_USD,SKU_Churn_Rate,Order_Frequency_per_month,Supplier_OnTime_Pct,FIFO_FEFO,Inventory_Status,Count_Variance,Audit_Date,Audit_Variance_Pct,Demand_Forecast_Accuracy_Pct,Notes,ATP,Oversold_Flag,Below_Safety_Stock_Flag,Reorder_Flag,Sellable_ATP,Sellable_Coverage_Days,Expired_Flag,Expiry_30_Days_Flag,Dead_Stock_Flag
SKU0001,Pantry Product 13,Pantry,A,S005,PT Agro Raya,WHBDG,Bandung - Rancaekek,BATCH2679,2025-07-14,2025-06-01,2027-04-25,57,359,100,36,0,0,28.57,971.0,12.57,51,22,1,5.81,5.71,2084.25,2.39,5.0,70.68,FIFO,In Stock,0,2025-06-26,-7.14,95.67,,223,0,0,0,223,7.81,0,0,0
SKU0002,Fresh Product 112,Fresh Produce,C,S004,PT Nusantara Supplier,WHDPS,Denpasar - Tabanan,BATCH4257,2025-04-08,2025-02-22,2025-04-11,154,314,64,0,0,1,34.99,796.0,8.97,744,254,14,1.45,1.33,456.71,3.34,12.0,84.61,FEFO,Low Stock,4,2025-08-12,2.15,86.0,,250,0,1,1,250,7.14,1,0,0
SKU0003,Meat Product 446,Meat,B,S001,PT Segar Makmur,WHBDG,Bandung - Rancaekek,BATCH6574,2025-03-15,2025-02-26,2025-04-02,178,485,28,62,3,1,36.55,1.377,13.27,225,79,4,1.86,1.69,902.63,2.26,11.0,85.36,FIFO,Expiring Soon,-5,2025-08-13,6.85,87.64,,395,0,0,0,395,10.81,1,0,0
SKU0004,Seafood Product 48,Seafood,A,S007,PT Bakerindo,WHJKT,Jakarta - Cengkareng,BATCH5333,2025-06-10,2025-04-20,2025-06-18,91,281,92,49,0,0,25.49,716.0,11.02,162,60,4,14.5,14.12,4073.15,2.72,10.0,72.81,FIFO,Expiring Soon,0,2025-07-13,-6.69,71.15,,140,0,0,1,140,5.49,1,0,0
SKU0005,Personal Product 194,Personal Care,A,S002,PT Indo Fresh,WHDPS,Denpasar - Tabanan,BATCH6925,2025-06-26,2025-05-21,2030-01-03,75,235,63,33,0,2,17.05,518.0,13.78,80,29,3,9.46,10.31,2222.91,2.18,2.0,70.93,FIFO,In Stock,-5,2025-06-11,1.23,76.25,High return rate,139,0,0,0,139,8.15,0,0,0
SKU0006,Beverages Product 41,Beverages,A,S004,PT Nusantara Supplier,WHJKT,Jakarta - Cengkareng,BATCH8428,2025-06-04,2025-04-25,2027-12-25,97,446,66,31,1,1,32.81,1.058,13.59,349,119,7,5.16,5.86,2303.14,2.21,7.0,76.44,FEFO,In Stock,-4,2025-08-20,1.98,71.23,,349,0,0,1,349,10.64,0,0,0
SKU0007,Dairy Product 137,Dairy,C,S002,PT Indo Fresh,WHDPS,Denpasar - Tabanan,BATCH9751,2025-03-31,2025-02-13,2025-04-12,162,368,87,118,0,0,53.35,1.521,6.9,169,62,2,2.13,2.36,784.87,4.35,13.0,97.82,FIFO,Expiring Soon,0,2025-08-20,7.21,68.44,,163,0,0,1,163,3.06,1,0,0
SKU0008,Meat Product 474,Meat,C,S009,PT Beverage Nusantara,WHBDG,Bandung - Rancaekek,BATCH1916,2025-03-18,2025-03-04,2025-04-02,175,135,73,32,0,1,21.71,469.0,6.22,66,23,2,4.89,5.62,660.64,4.82,9.0,93.69,FIFO,Expiring Soon,-5,2025-07-31,-4.66,73.11,,30,0,0,1,30,1.38,1,0,0
SKU0009,Fresh Product 468,Fresh Produce,B,S010,PT DailyDairy,WHSBY,Surabaya - Sidoarjo,BATCH9179,2025-07-17,2025-06-22,2025-07-30,54,1,126,83,0,0,78.76,1.975,14.87,357,121,3,1.33,1.4,1562.93,2.02,22.0,81.41,FEFO,Expiring Soon,1,2025-08-22,3.55,84.52,,-208,1,1,1,0,0.0,1,0,0
SKU0010,Meat Product 288,Meat,C,S009,PT Beverage Nusantara,WHSBY,Surabaya - Sidoarjo,BATCH7543,2025-04-13,2025-03-21,2025-05-01,149,49,12,16,2,0,7.23,176.0,6.78,85,34,7,11.34,11.67,555.45,4.43,9.0,87.13,FIFO,Low Stock,-3,2025-08-23,-4.78,70.6,,21,0,1,1,21,2.9,1,0,0
SKU0011,Fresh Product 25,Fresh Produce,C,S002,PT Indo Fresh,WHBDG,Bandung - Rancaekek,BATCH7916,2025-04-02,2025-02-23,2025-04-07,160,711,4,124,2,2,75.51,2.74,9.42,231,80,2,1.12,1.07,795.61,3.19,27.0,80.85,FIFO,Expiring Soon,0,2025-07-22,-3.49,84.99,,583,0,0,0,583,7.72,1,0,0
SKU0012,Personal Product 271,Personal Care,C,S005,PT Agro Raya,WHDPS,Denpasar - Tabanan,BATCH2876,2025-09-07,2025-07-26,2030-07-01,2,66,16,12,1,0,6.86,179.0,9.62,73,25,7,6.85,7.15,452.13,3.12,5.0,80.92,FEFO,Low Stock,2,2025-06-19,-0.15,60.92,,38,0,0,1,38,5.54,0,0,0
SKU0013,Meat Product 81,Meat,C,S008,PT Hygienic Supplies,WHJKT,Jakarta - Cengkareng,BATCH3927,2025-07-04,2025-06-02,2025-07-25,67,443,71,24,0,1,37.28,1.165,11.88,394,133,7,1.66,1.57,736.4,2.52,9.0,95.88,FIFO,Expiring Soon,-4,2025-06-21,1.14,63.69,,348,0,0,1,348,9.33,1,0,0
SKU0014,Pantry Product 312,Pantry,B,S004,PT Nusantara Supplier,WHBDG,Bandung - Rancaekek,BATCH9837,2025-06-06,2025-04-18,2027-05-02,95,130,71,51,0,0,21.21,784.0,6.13,231,83,7,11.19,11.78,1454.61,4.89,10.0,78.95,FIFO,Low Stock,-1,2025-06-25,-8.37,61.05,,8,0,1,1,8,0.38,0,0,0
SKU0015,Fresh Product 476,Fresh Produce,C,S006,PT Frozen Express,WHSBY,Surabaya - Sidoarjo,BATCH4946,2025-07-10,2025-05-15,2025-07-13,61,231,81,42,0,0,29.5,850.0,7.83,314,107,7,1.48,1.49,342.25,3.83,8.0,77.07,FIFO,Low Stock,1,2025-08-30,3.99,88.27,,108,0,0,1,108,3.66,1,0,0
SKU0016,Household Product 390,Household,C,S009,PT Beverage Nusantara,WHBDG,Bandung - Rancaekek,BATCH8787,2025-08-08,2025-06-09,2030-04-20,32,47,11,16,0,0,4.47,101.0,10.51,27,14,3,2.33,2.13,109.53,2.85,2.0,70.51,FIFO,In Stock,0,2025-08-07,1.32,71.83,,20,0,0,1,20,4.47,0,0,0
SKU0017,Pantry Product 494,Pantry,A,S004,PT Nusantara Supplier,WHDPS,Denpasar - Tabanan,BATCH6107,2025-03-17,2025-02-20,2027-05-02,176,197,2,26,0,4,24.4,889.0,8.07,370,126,10,11.52,10.5,2269.74,3.72,4.0,87.28,FEFO,Low Stock,0,2025-07-15,-2.51,85.03,,169,0,0,1,169,6.93,0,0,0
SKU0018,Frozen Product 127,Frozen,A,S004,PT Nusantara Supplier,WHJKT,Jakarta - Cengkareng,BATCH4770,2025-06-15,2025-05-09,2025-12-17,86,484,22,107,0,0,29.62,736.0,16.34,447,151,10,7.58,8.38,3669.49,1.84,10.0,80.28,FIFO,In Stock,-5,2025-09-09,3.03,74.34,Seasonal SKU,355,0,0,1,355,11.99,0,0,0
SKU0019,Meat Product 464,Meat,C,S001,PT Segar Makmur,WHSBY,Surabaya - Sidoarjo,BATCH4899,2025-08-22,2025-08-05,2025-09-12,18,41,6,2,3,0,3.49,95.0,11.75,24,10,4,11.33,13.01,464.73,2.55,3.0,92.26,FEFO,Expiring Soon,4,2025-08-13,-1.75,95.37,,33,0,0,0,33,9.46,0,1,0
SKU0020,Beverages Product 452,Beverages,B,S010,PT DailyDairy,WHDPS,Denpasar - Tabanan,BATCH8749,2025-05-11,2025-03-21,2027-09-20,121,1,182,197,0,0,90.45,2.685,15.21,416,145,3,1.0,1.12,1382.05,1.97,22.0,87.77,FEFO,In Stock,0,2025-08-16,-2.9,78.73,Fragile,-378,1,1,1,0,0.0,0,0,0
SKU0021,Seafood Product 211,Seafood,B,S008,PT Hygienic Supplies,WHJKT,Jakarta - Cengkareng,BATCH1993,2025-03-21,2025-02-24,2025-03-25,172,123,17,11,0,0,7.17,162.0,17.15,83,33,7,9.2,8.45,1131.37,1.75,6.0,81.1,FEFO,Expiring Soon,0,2025-08-27,6.44,97.49,,95,0,0,0,95,13.25,1,0,0
SKU0022,Dairy Product 230,Dairy,C,S003,PT Prima Distribusi,WHMDN,Medan - Deli Serdang,BATCH8579,2025-07-25,2025-07-10,2025-08-09,46,87,87,0,3,1,47.3,1.49,1.84,217,75,3,1.07,0.99,92.85,16.31,15.0,95.62,FIFO,Low Stock,0,2025-07-15,-7.65,96.56,,0,0,1,1,0,0.0,1,0,0
SKU0023,Household Product 51,Household,B,S001,PT Segar Makmur,WHDPS,Denpasar - Tabanan,BATCH4872,2025-09-06,2025-08-27,2027-03-16,3,210,38,30,1,2,19.3,661.0,10.88,407,137,14,4.86,4.58,1020.62,2.76,5.0,75.01,FEFO,Low Stock,-2,2025-07-09,-5.66,94.78,,142,0,0,1,142,7.36,0,0,0
SKU0024,Household Product 463,Household,C,S001,PT Segar Makmur,WHBDG,Bandung - Rancaekek,BATCH7396,2025-06-04,2025-05-19,2026-06-08,97,58,9,1,2,1,8.38,196.0,6.92,39,14,3,13.11,12.72,760.58,4.33,5.0,95.86,FEFO,In Stock,-2,2025-08-04,-1.78,62.9,,48,0,0,0,48,5.73,0,0,0
SKU0025,Personal Product 402,Personal Care,B,S009,PT Beverage Nusantara,WHMDN,Medan - Deli Serdang,BATCH5861,2025-08-01,2025-07-19,2027-08-24,39,77,7,9,0,2,4.96,141.0,15.52,31,16,3,13.92,15.91,1072.16,1.93,1.0,95.51,FIFO,In Stock,0,2025-06-27,6.84,70.39,,61,0,0,0,61,12.3,0,0,0
SKU0026,Fresh Product 161,Fresh Produce,B,S001,PT Segar Makmur,WHJKT,Jakarta - Cengkareng,BATCH9238,2025-04-13,2025-02-14,2025-04-23,149,801,163,83,1,1,79.98,2.569,10.01,361,121,3,2.09,2.38,1672.81,3.0,20.0,85.35,FIFO,Expiring Soon,1,2025-09-02,2.12,73.61,,555,0,0,0,555,6.94,1,0,0
SKU0027,Fresh Product 96,Fresh Produce,B,S002,PT Indo Fresh,WHDPS,Denpasar - Tabanan,BATCH4853,2025-08-23,2025-07-29,2025-09-05,17,470,138,111,1,1,44.01,1.032,10.68,205,73,3,2.0,2.18,939.58,2.81,14.0,81.57,FIFO,Expiring Soon,0,2025-06-29,2.41,60.55,,221,0,0,0,221,5.02,1,0,0
SKU0028,Pantry Product 318,Pantry,B,S002,PT Indo Fresh,WHMDN,Medan - Deli Serdang,BATCH9565,2025-03-25,2025-03-05,2029-07-02,168,293,4,27,2,0,27.22,948.0,10.76,166,57,4,6.73,7.23,1972.15,2.79,8.0,87.25,FEFO,In Stock,4,2025-08-14,5.93,62.52,,262,0,0,0,262,9.63,0,0,0
SKU0029,Seafood Product 136,Seafood,B,S007,PT Bakerindo,WHBDG,Bandung - Rancaekek,BATCH8491,2025-03-22,2025-03-02,2025-03-29,171,259,23,53,0,2,21.23,579.0,12.2,98,34,3,7.2,7.57,1865.81,2.46,8.0,84.19,FIFO,Expiring Soon,0,2025-09-08,-5.52,61.21,,183,0,0,0,183,8.62,1,0,0
SKU0030,Personal Product 52,Personal Care,B,S002,PT Indo Fresh,WHDPS,Denpasar - Tabanan,BATCH5345,2025-07-17,2025-07-09,2029-05-18,54,112,12,22,0,2,13.28,458.0,8.43,287,101,14,17.29,17.65,1936.29,3.56,6.0,83.2,FEFO,Low Stock,-2,2025-09-01,2.37,61.39,,78,0,1,1,78,5.87,0,0,0
SKU0031,Bakery Product 81,Bakery,C,S008,PT Hygienic Supplies,WHDPS,Denpasar - Tabanan,BATCH9666,2025-03-13,2025-03-13,2025-03-17,180,134,11,16,3,1,19.25,570.0,6.96,30,11,1,2.36,2.33,316.8,4.31,10.0,79.75,FEFO,Expiring Soon,-3,2025-06-17,-0.52,82.2,High return rate,107,0,0,0,107,5.56,1,0,0
SKU0032,Meat Product 456,Meat,C,S002,PT Indo Fresh,WHDPS,Denpasar - Tabanan,BATCH5616,2025-08-01,2025-06-24,2025-08-14,39,17,1,6,4,1,2.29,89.0,7.42,11,9,1,11.3,12.71,192.16,4.04,3.0,94.1,FIFO,Expiring Soon,0,2025-07-28,-8.4,64.26,,10,0,0,1,10,4.37,1,0,0
SKU0033,Pantry Product 136,Pantry,C,S009,PT Beverage Nusantara,WHMDN,Medan - Deli Serdang,BATCH2512,2025-07-07,2025-05-28,2026-10-19,64,72,13,21,1,3,5.96,151.0,12.08,23,11,2,4.09,3.87,294.57,2.48,3.0,74.55,FEFO,In Stock,4,2025-08-05,-3.53,64.36,Promotional item,38,0,0,0,38,6.38,0,0,0
SKU0034,Beverages Product 327,Beverages,A,S005,PT Agro Raya,WHBDG,Bandung - Rancaekek,BATCH8007,2025-05-19,2025-04-14,2029-06-21,113,509,86,48,3,1,54.19,1.242,9.39,407,136,5,3.95,3.67,2012.03,3.19,22.0,97.52,FIFO,In Stock,2,2025-08-26,-0.54,92.33,High return rate,375,0,0,1,375,6.92,0,0,0
SKU0035,Pantry Product 428,Pantry,B,S006,PT Frozen Express,WHDPS,Denpasar - Tabanan,BATCH8041,2025-04-21,2025-04-13,2027-02-18,141,88,12,14,1,3,6.95,191.0,12.66,76,27,7,14.87,13.99,1308.27,2.37,4.0,83.65,FIFO,In Stock,1,2025-08-01,6.29,93.33,,62,0,0,1,62,8.92,0,0,0
SKU0036,Personal Product 498,Personal Care,C,S001,PT Segar Makmur,WHSBY,Surabaya - Sidoarjo,BATCH5088,2025-07-18,2025-06-06,2030-05-14,53,69,38,23,3,0,18.94,647.0,3.64,122,46,4,7.74,7.41,534.34,8.23,11.0,91.06,FIFO,Low Stock,2,2025-07-26,0.86,86.36,,8,0,1,1,8,0.42,0,0,0
SKU0037,Personal Product 209,Personal Care,A,S010,PT DailyDairy,WHBDG,Bandung - Rancaekek,BATCH3900,2025-07-11,2025-05-16,2027-06-08,60,197,20,13,2,1,19.11,622.0,10.31,122,46,4,12.5,11.72,2462.76,2.91,8.0,97.94,FEFO,In Stock,-6,2025-09-06,-5.41,86.37,,164,0,0,0,164,8.58,0,0,0
SKU0038,Personal Product 401,Personal Care,B,S007,PT Bakerindo,WHBDG,Bandung - Rancaekek,BATCH2771,2025-07-03,2025-06-09,2027-05-25,68,298,32,24,0,2,15.07,335.0,19.77,121,46,5,4.09,3.7,1218.16,1.52,5.0,74.88,FIFO,In Stock,2,2025-07-11,3.03,62.94,,242,0,0,0,242,16.06,0,0,0
SKU0039,Household Product 236,Household,C,S006,PT Frozen Express,WHSBY,Surabaya - Sidoarjo,BATCH1387,2025-07-13,2025-06-01,2027-10-12,58,85,15,34,2,2,16.91,635.0,5.03,81,30,3,4.13,4.07,351.33,5.97,6.0,75.2,FIFO,In Stock,-4,2025-07-20,6.06,73.16,,36,0,0,1,36,2.13,0,0,0
SKU0040,Household Product 496,Household,B,S005,PT Agro Raya,WHSBY,Surabaya - Sidoarjo,BATCH7548,2025-03-29,2025-02-14,2029-02-04,164,81,24,30,5,1,8.96,327.0,9.04,18,9,1,10.22,10.51,827.67,3.32,3.0,81.72,FEFO,In Stock,3,2025-09-06,9.51,80.33,Promotional item,27,0,0,0,27,3.01,0,0,0
SKU0041,Dairy Product 493,Dairy,B,S005,PT Agro Raya,WHJKT,Jakarta - Cengkareng,BATCH8119,2025-08-13,2025-07-22,2025-09-08,27,398,6,3,3,3,48.59,1.406,8.19,513,173,7,2.17,1.98,861.95,3.66,18.0,75.37,FEFO,Low Stock,4,2025-07-16,5.51,75.23,,389,0,0,1,389,8.01,1,0,0
SKU0042,Frozen Product 198,Frozen,B,S010,PT DailyDairy,WHBDG,Bandung - Rancaekek,BATCH8144,2025-07-06,2025-07-06,2026-01-13,65,207,57,18,2,1,47.41,1.163,4.37,73,26,1,7.03,7.85,1455.73,6.87,18.0,86.8,FIFO,In Stock,5,2025-07-25,-1.84,79.21,,132,0,0,0,132,2.78,0,0,0
SKU0043,Personal Product 472,Personal Care,A,S006,PT Frozen Express,WHDPS,Denpasar - Tabanan,BATCH3041,2025-06-21,2025-05-06,2030-03-10,80,193,37,21,2,0,14.36,324.0,13.44,155,54,7,22.22,25.24,4288.52,2.23,9.0,94.34,FEFO,In Stock,0,2025-07-07,-7.18,84.06,,135,0,0,1,135,9.4,0,0,0
SKU0044,Bakery Product 207,Bakery,C,S005,PT Agro Raya,WHDPS,Denpasar - Tabanan,BATCH7888,2025-08-08,2025-06-27,2025-08-11,32,42,15,4,2,0,5.29,187.0,7.94,59,22,7,1.77,2.01,74.37,3.78,1.0,77.93,FEFO,Low Stock,3,2025-06-15,5.27,76.16,,23,0,0,1,23,4.35,1,0,0
SKU0045,Dairy Product 292,Dairy,C,S005,PT Agro Raya,WHMDN,Medan - Deli Serdang,BATCH5978,2025-04-22,2025-04-04,2025-04-29,140,293,61,8,2,1,39.11,1.211,7.49,123,45,2,2.53,2.86,742.23,4.0,18.0,70.32,FIFO,Expiring Soon,0,2025-07-16,-7.64,84.75,,224,0,0,0,224,5.73,1,0,0
SKU0046,Pantry Product 165,Pantry,C,S008,PT Hygienic Supplies,WHMDN,Medan - Deli Serdang,BATCH4501,2025-05-19,2025-04-17,2030-03-02,113,298,80,85,0,0,27.1,650.0,11.0,82,28,2,2.31,2.32,689.04,2.73,8.0,86.71,FEFO,In Stock,3,2025-08-19,-2.34,88.05,,133,0,0,0,133,4.91,0,0,0
SKU0047,Meat Product 340,Meat,B,S010,PT DailyDairy,WHSBY,Surabaya - Sidoarjo,BATCH6085,2025-08-17,2025-08-03,2025-08-29,23,282,59,57,2,1,27.22,774.0,10.36,43,16,1,6.5,6.86,1832.58,2.9,5.0,98.55,FIFO,Expiring Soon,-4,2025-08-22,-0.52,86.79,High return rate,166,0,0,0,166,6.1,1,0,0
SKU0048,Personal Product 313,Personal Care,C,S002,PT Indo Fresh,WHMDN,Medan - Deli Serdang,BATCH4185,2025-05-26,2025-04-11,2029-12-05,106,48,4,5,2,1,3.47,113.0,13.83,13,10,1,0.43,0.47,20.63,2.17,4.0,89.76,FEFO,In Stock,5,2025-07-08,2.78,97.26,,39,0,0,0,39,11.24,0,0,0
SKU0049,Dairy Product 353,Dairy,C,S001,PT Segar Makmur,WHJKT,Jakarta - Cengkareng,BATCH3881,2025-05-24,2025-04-03,2025-06-07,108,80,62,18,2,0,36.53,1.322,2.19,118,45,2,0.94,1.08,75.3,13.7,17.0,87.59,FEFO,Low Stock,-1,2025-09-03,8.89,72.13,,0,0,1,1,0,0.0,1,0,0
SKU0050,Personal Product 63,Personal Care,C,S008,PT Hygienic Supplies,WHBDG,Bandung - Rancaekek,BATCH9702,2025-05-14,2025-04-09,2030-02-09,118,42,5,10,2,1,3.89,144.0,10.8,14,10,1,5.98,6.19,251.21,2.78,1.0,70.72,FEFO,In Stock,-2,2025-07-15,5.81,83.4,,27,0,0,0,27,6.94,0,0,0
SKU0051,Beverages Product 259,Beverages,C,S007,PT Bakerindo,WHDPS,Denpasar - Tabanan,BATCH8777,2025-05-18,2025-04-20,2027-04-08,114,42,12,4,1,0,4.08,110.0,10.29,27,15,3,6.99,7.3,293.45,2.91,2.0,83.79,FEFO,In Stock,4,2025-08-09,-4.57,79.86,,26,0,0,1,26,6.37,0,0,0
SKU0052,Meat Product 399,Meat,B,S009,PT Beverage Nusantara,WHMDN,Medan - Deli Serdang,BATCH5499,2025-04-02,2025-03-05,2025-04-14,160,435,124,67,1,1,34.41,1.331,12.64,52,18,1,4.62,4.61,2009.05,2.37,13.0,99.18,FIFO,Expiring Soon,0,2025-08-04,-7.51,93.6,,244,0,0,0,244,7.09,1,0,0
SKU0053,Seafood Product 458,Seafood,C,S009,PT Beverage Nusantara,WHJKT,Jakarta - Cengkareng,BATCH4788,2025-08-05,2025-07-12,2025-08-10,35,41,4,6,1,2,2.88,72.0,14.24,6,3,1,11.66,11.62,478.21,2.11,2.0,77.68,FIFO,Expiring Soon,-1,2025-06-11,-9.27,79.69,,31,0,0,0,31,10.76,1,0,0
SKU0054,Bakery Product 170,Bakery,B,S009,PT Beverage Nusantara,WHMDN,Medan - Deli Serdang,BATCH4388,2025-05-26,2025-04-03,2025-05-28,106,680,47,26,0,0,35.91,1.356,18.94,117,45,2,2.3,2.1,1566.31,1.58,11.0,70.15,FEFO,Expiring Soon,-2,2025-07-22,7.04,87.94,,607,0,0,0,607,16.9,1,0,0
SKU0055,Pantry Product 357,Pantry,C,S001,PT Segar Makmur,WHDPS,Denpasar - Tabanan,BATCH1096,2025-06-04,2025-04-05,2029-02-04,97,29,4,3,2,1,2.41,89.0,12.03,39,15,10,10.53,10.39,305.28,2.49,4.0,94.69,FEFO,Low Stock,3,2025-08-02,3.56,90.3,,22,0,0,1,22,9.13,0,0,0
SKU0056,Household Product 489,Household,A,S007,PT Bakerindo,WHDPS,Denpasar - Tabanan,BATCH4613,2025-04-23,2025-03-23,2029-09-09,139,216,36,18,0,2,13.92,294.0,15.52,70,28,3,14.1,13.26,3045.75,1.93,8.0,92.45,FIFO,In Stock,0,2025-08-06,6.36,70.91,,162,0,0,0,162,11.64,0,0,0
SKU0057,Fresh Product 173,Fresh Produce,B,S007,PT Bakerindo,WHBDG,Bandung - Rancaekek,BATCH9751,2025-05-13,2025-05-12,2025-05-18,119,1,43,129,0,0,77.22,1.725,14.83,117,40,1,1.49,1.63,1706.97,2.02,26.0,87.53,FEFO,Expiring Soon,1,2025-06-26,4.17,92.39,,-171,1,1,1,0,0.0,1,0,0
SKU0058,Fresh Product 330,Fresh Produce,C,S007,PT Bakerindo,WHBDG,Bandung - Rancaekek,BATCH1823,2025-05-14,2025-04-28,2025-05-19,118,81,31,9,2,2,9.92,238.0,8.17,17,7,1,1.14,1.11,92.66,3.67,3.0,90.07,FEFO,Expiring Soon,2,2025-07-30,9.94,90.2,,41,0,0,0,41,4.13,1,0,0
SKU0059,Seafood Product 390,Seafood,B,S007,PT Bakerindo,WHSBY,Surabaya - Sidoarjo,BATCH2341,2025-05-25,2025-04-25,2025-06-01,107,112,16,29,2,0,8.92,307.0,12.56,49,22,3,10.51,10.62,1176.96,2.39,6.0,76.01,FIFO,Expiring Soon,-3,2025-07-02,-3.76,67.61,Promotional item,67,0,0,0,67,7.51,1,0,0
SKU0060,Meat Product 36,Meat,C,S001,PT Segar Makmur,WHJKT,Jakarta - Cengkareng,BATCH1333,2025-07-08,2025-05-30,2025-07-19,63,129,3,15,0,3,7.84,193.0,16.45,169,59,14,2.46,2.7,316.98,1.82,1.0,87.17,FIFO,Low Stock,0,2025-08-10,-0.37,78.68,Seasonal SKU,111,0,0,1,111,14.16,1,0,0
SKU0061,Pantry Product 112,Pantry,B,S008,PT Hygienic Supplies,WHSBY,Surabaya - Sidoarjo,BATCH2876,2025-06-07,2025-04-19,2027-05-16,94,198,2,25,0,0,24.13,552.0,8.21,154,57,4,4.25,4.74,842.33,3.66,7.0,79.63,FIFO,In Stock,-7,2025-08-01,5.6,69.2,Seasonal SKU,171,0,0,0,171,7.09,0,0,0
SKU0062,Personal Product 295,Personal Care,C,S007,PT Bakerindo,WHMDN,Medan - Deli Serdang,BATCH4978,2025-07-21,2025-07-15,2026-12-23,50,27,5,4,1,0,3.11,72.0,8.68,12,9,1,13.09,12.44,353.36,3.46,3.0,78.82,FEFO,In Stock,-2,2025-06-14,3.86,94.06,,18,0,0,0,18,5.79,0,0,0
SKU0063,Dairy Product 290,Dairy,A,S001,PT Segar Makmur,WHSBY,Surabaya - Sidoarjo,BATCH7071,2025-04-26,2025-04-22,2025-05-16,136,858,145,66,0,0,57.0,1.365,15.05,431,146,5,3.79,3.98,3254.05,1.99,23.0,89.18,FEFO,Expiring Soon,7,2025-09-08,5.68,76.67,,647,0,0,0,647,11.35,1,0,0
SKU0064,Household Product 55,Household,B,S007,PT Bakerindo,WHSBY,Surabaya - Sidoarjo,BATCH3506,2025-03-31,2025-03-04,2028-10-27,162,109,0,26,2,2,12.7,391.0,8.58,60,22,3,9.85,9.26,1073.2,3.5,3.0,82.34,FIFO,In Stock,1,2025-07-05,-9.58,78.74,,83,0,0,0,83,6.54,0,0,0
SKU0065,Meat Product 414,Meat,B,S009,PT Beverage Nusantara,WHMDN,Medan - Deli Serdang,BATCH5397,2025-05-13,2025-04-23,2025-05-31,119,492,58,97,0,0,33.94,954.0,14.5,365,127,7,3.64,3.77,1789.7,2.07,13.0,89.32,FIFO,Expiring Soon,2,2025-08-29,0.28,83.04,,337,0,0,1,337,9.93,1,0,0
SKU0066,Frozen Product 385,Frozen,C,S008,PT Hygienic Supplies,WHDPS,Denpasar - Tabanan,BATCH7209,2025-04-06,2025-03-16,2026-03-23,156,76,7,42,2,2,15.63,472.0,4.86,55,24,2,7.94,7.96,603.81,6.17,3.0,81.95,FIFO,In Stock,0,2025-07-08,2.04,75.7,,27,0,0,1,27,1.73,0,0,0
SKU0067,Dairy Product 109,Dairy,C,S006,PT Frozen Express,WHSBY,Surabaya - Sidoarjo,BATCH5526,2025-06-14,2025-05-10,2025-06-29,87,261,81,6,0,1,36.03,1.386,7.24,165,57,3,2.7,2.87,704.0,4.14,10.0,75.01,FIFO,Expiring Soon,3,2025-07-05,-3.5,77.24,,174,0,0,0,174,4.83,1,0,0
SKU0068,Fresh Product 369,Fresh Produce,C,S007,PT Bakerindo,WHMDN,Medan - Deli Serdang,BATCH8800,2025-04-20,2025-03-10,2025-04-26,142,271,97,65,2,2,30.28,895.0,8.95,233,82,5,1.44,1.36,391.19,3.35,14.0,95.61,FEFO,Expiring Soon,-4,2025-07-14,-9.27,92.08,,109,0,0,1,109,3.6,1,0,0
SKU0069,Fresh Product 114,Fresh Produce,C,S007,PT Bakerindo,WHBDG,Bandung - Rancaekek,BATCH7046,2025-06-23,2025-05-24,2025-07-06,78,130,26,29,3,1,13.39,377.0,9.71,27,14,1,0.75,0.72,97.88,3.09,3.0,98.71,FEFO,Expiring Soon,0,2025-07-17,-6.4,78.24,,75,0,0,0,75,5.6,1,0,0
SKU0070,Pantry Product 181,Pantry,C,S008,PT Hygienic Supplies,WHSBY,Surabaya - Sidoarjo,BATCH4777,2025-06-23,2025-06-16,2027-11-19,78,12,12,0,1,0,8.37,243.0,1.43,16,8,1,8.83,9.5,105.93,20.92,6.0,88.23,FIFO,Low Stock,0,2025-07-31,-5.96,92.99,Temperature controlled,0,0,1,1,0,0.0,0,0,0
SKU0071,Personal Product 354,Personal Care,A,S003,PT Prima Distribusi,WHBDG,Bandung - Rancaekek,BATCH5530,2025-07-16,2025-05-31,2029-04-02,55,211,46,31,1,1,14.69,393.0,14.36,71,27,3,21.76,22.73,4591.78,2.09,5.0,89.19,FEFO,In Stock,-3,2025-08-28,-3.03,92.92,,134,0,0,0,134,9.12,0,0,0
SKU0072,Meat Product 185,Meat,A,S003,PT Prima Distribusi,WHSBY,Surabaya - Sidoarjo,BATCH5494,2025-09-06,2025-09-04,2025-09-15,3,505,69,42,2,1,37.18,1.246,13.58,391,131,7,9.53,8.87,4814.92,2.21,13.0,81.01,FIFO,Expiring Soon,2,2025-07-01,0.89,74.77,,394,0,0,0,394,10.6,0,1,0
SKU0073,Personal Product 327,Personal Care,C,S008,PT Hygienic Supplies,WHJKT,Jakarta - Cengkareng,BATCH5658,2025-09-06,2025-08-07,2029-11-24,3,45,8,2,2,1,2.76,87.0,16.3,20,12,3,5.91,6.09,266.11,1.84,4.0,98.19,FEFO,In Stock,6,2025-07-15,-0.42,80.28,,35,0,0,0,35,12.68,0,0,0
SKU0074,Personal Product 130,Personal Care,C,S008,PT Hygienic Supplies,WHJKT,Jakarta - Cengkareng,BATCH9056,2025-08-24,2025-08-20,2028-11-21,16,51,13,7,2,0,5.7,175.0,8.95,13,7,1,0.75,0.72,38.27,3.35,3.0,82.2,FIFO,In Stock,1,2025-08-21,-4.3,71.83,Temperature controlled,31,0,0,0,31,5.44,0,0,0
SKU0075,Personal Product 44,Personal Care,C,S004,PT Nusantara Supplier,WHJKT,Jakarta - Cengkareng,BATCH4697,2025-04-20,2025-03-02,2028-08-19,142,32,13,17,0,2,5.35,117.0,5.98,16,11,1,3.31,3.78,105.94,5.02,5.0,76.26,FEFO,In Stock,0,2025-07-14,-0.33,84.06,,2,0,1,1,2,0.37,0,0,0
SKU0076,Meat Product 302,Meat,C,S007,PT Bakerindo,WHSBY,Surabaya - Sidoarjo,BATCH2625,2025-04-17,2025-02-16,2025-04-23,145,88,23,13,1,3,17.62,556.0,4.99,192,69,7,7.92,8.44,696.55,6.01,5.0,88.94,FIFO,Low Stock,2,2025-06-21,-8.09,66.38,,52,0,1,1,52,2.95,1,0,0
SKU0077,Beverages Product 81,Beverages,A,S004,PT Nusantara Supplier,WHBDG,Bandung - Rancaekek,BATCH3564,2025-04-21,2025-04-21,2026-09-21,141,431,35,78,3,2,55.58,1.892,7.75,1,392,14,4.94,5.18,2127.11,3.87,17.0,87.79,FEFO,Low Stock,7,2025-07-14,3.52,60.6,,318,0,1,0,318,5.72,0,0,0
SKU0078,Frozen Product 17,Frozen,B,S004,PT Nusantara Supplier,WHSBY,Surabaya - Sidoarjo,BATCH8438,2025-03-13,2025-03-09,2025-11-20,180,318,130,119,0,0,45.47,1.01,6.99,205,69,3,3.36,3.22,1068.67,4.29,13.0,95.96,FIFO,In Stock,5,2025-08-07,-2.9,90.41,,69,0,0,1,69,1.52,0,0,0
SKU0079,Pantry Product 339,Pantry,B,S004,PT Nusantara Supplier,WHMDN,Medan - Deli Serdang,BATCH4683,2025-08-11,2025-07-01,2029-08-30,29,87,12,36,1,1,16.46,504.0,5.29,127,45,5,9.87,9.03,858.51,5.68,9.0,99.28,FIFO,Low Stock,5,2025-08-06,1.25,63.67,,39,0,1,1,39,2.37,0,0,0
SKU0080,Fresh Product 85,Fresh Produce,B,S005,PT Agro Raya,WHDPS,Denpasar - Tabanan,BATCH8195,2025-04-17,2025-04-10,2025-04-24,145,468,146,34,0,0,45.5,1.235,10.29,478,160,7,2.34,2.46,1094.84,2.92,14.0,85.04,FEFO,Low Stock,0,2025-06-13,0.14,74.47,,288,0,0,1,288,6.33,1,0,0
SKU0081,Bakery Product 140,Bakery,B,S009,PT Beverage Nusantara,WHDPS,Denpasar - Tabanan,BATCH2317,2025-05-06,2025-03-29,2025-05-11,126,256,31,69,2,0,21.74,796.0,11.78,99,34,3,3.39,3.15,867.46,2.55,7.0,98.78,FIFO,Expiring Soon,5,2025-07-16,6.35,90.63,,156,0,0,0,156,7.18,1,0,0
SKU0082,Pantry Product 14,Pantry,A,S002,PT Indo Fresh,WHBDG,Bandung - Rancaekek,BATCH1339,2025-03-21,2025-02-01,2029-06-11,172,246,70,71,1,1,24.85,736.0,9.9,78,28,2,9.72,11.07,2391.69,3.03,8.0,95.12,FEFO,In Stock,1,2025-06-28,6.5,79.23,High return rate,105,0,0,0,105,4.23,0,0,0
SKU0083,Frozen Product 334,Frozen,C,S008,PT Hygienic Supplies,WHSBY,Surabaya - Sidoarjo,BATCH8141,2025-07-25,2025-06-15,2026-06-19,46,9,9,0,0,0,2.85,110.0,3.16,18,12,2,1.0,0.92,9.02,9.5,1.0,73.58,FEFO,Low Stock,-6,2025-08-29,9.9,69.09,,0,0,1,1,0,0.0,0,0,0
SKU0084,Bakery Product 165,Bakery,C,S002,PT Indo Fresh,WHBDG,Bandung - Rancaekek,BATCH9117,2025-06-17,2025-05-30,2025-06-22,84,82,21,16,2,1,9.77,333.0,8.39,109,41,7,1.56,1.49,128.04,3.57,5.0,75.22,FEFO,Low Stock,0,2025-07-01,-6.52,90.1,Seasonal SKU,45,0,0,1,45,4.61,1,0,0
SKU0085,Seafood Product 166,Seafood,B,S002,PT Indo Fresh,WHMDN,Medan - Deli Serdang,BATCH9889,2025-05-01,2025-04-02,2025-05-04,131,223,46,83,1,0,28.95,893.0,7.7,181,65,4,7.03,6.57,1568.14,3.89,10.0,93.16,FEFO,Expiring Soon,-1,2025-09-03,0.71,77.27,,94,0,0,1,94,3.25,1,0,0
SKU0086,Bakery Product 388,Bakery,B,S008,PT Hygienic Supplies,WHMDN,Medan - Deli Serdang,BATCH5375,2025-08-27,2025-07-23,2025-08-30,13,490,203,59,4,0,67.01,2.203,7.31,203,69,2,3.62,3.29,1774.93,4.1,25.0,71.97,FIFO,Expiring Soon,5,2025-08-04,8.04,94.01,,228,0,0,0,228,3.4,1,0,0
SKU0087,Beverages Product 63,Beverages,C,S001,PT Segar Makmur,WHDPS,Denpasar - Tabanan,BATCH3594,2025-07-10,2025-06-21,2030-07-02,61,173,62,21,1,2,16.72,440.0,10.35,26,9,1,4.24,3.9,734.14,2.9,5.0,89.48,FIFO,In Stock,0,2025-07-01,-8.57,73.29,,90,0,0,0,90,5.38,0,0,0
SKU0088,Meat Product 431,Meat,B,S002,PT Indo Fresh,WHMDN,Medan - Deli Serdang,BATCH9165,2025-08-10,2025-06-12,2025-08-19,30,150,39,2,0,0,12.07,464.0,12.43,22,10,1,9.53,10.42,1428.89,2.41,8.0,79.98,FEFO,Expiring Soon,-1,2025-07-06,2.88,90.35,,109,0,0,0,109,9.03,1,0,0
SKU0089,Bakery Product 248,Bakery,C,S008,PT Hygienic Supplies,WHBDG,Bandung - Rancaekek,BATCH3369,2025-05-16,2025-04-22,2025-05-22,116,105,0,64,1,1,18.05,472.0,5.82,274,94,10,3.75,3.49,393.57,5.16,12.0,99.05,FIFO,Low Stock,-3,2025-06-25,-6.05,91.01,,41,0,1,1,41,2.27,1,0,0
SKU0090,Household Product 443,Household,C,S002,PT Indo Fresh,WHSBY,Surabaya - Sidoarjo,BATCH9318,2025-05-26,2025-05-09,2028-04-21,106,17,3,4,3,0,1.82,63.0,9.34,9,5,2,18.78,17.61,319.24,3.21,1.0,74.47,FIFO,In Stock,1,2025-08-04,-3.15,83.25,,10,0,0,0,10,5.49,0,0,0
SKU0091,Household Product 297,Household,C,S008,PT Hygienic Supplies,WHBDG,Bandung - Rancaekek,BATCH8935,2025-05-18,2025-04-26,2029-05-25,114,111,36,20,0,0,11.97,393.0,9.27,131,47,7,2.33,2.61,258.44,3.24,10.0,70.33,FEFO,Low Stock,-3,2025-07-01,-4.44,71.82,,55,0,0,1,55,4.59,0,0,0
SKU0092,Bakery Product 478,Bakery,A,S006,PT Frozen Express,WHBDG,Bandung - Rancaekek,BATCH7274,2025-03-15,2025-03-01,2025-03-18,178,780,149,75,0,1,53.83,1.264,14.49,246,85,3,3.12,3.11,2436.25,2.07,14.0,81.87,FEFO,Expiring Soon,3,2025-09-04,2.87,85.2,,556,0,0,0,556,10.33,1,0,0
SKU0093,Frozen Product 468,Frozen,B,S007,PT Bakerindo,WHMDN,Medan - Deli Serdang,BATCH3492,2025-03-24,2025-02-21,2026-03-05,169,207,61,59,2,0,26.49,794.0,7.81,47,21,1,7.12,7.61,1473.8,3.84,9.0,82.8,FIFO,In Stock,-2,2025-08-24,6.1,62.93,,87,0,0,0,87,3.28,0,0,0
SKU0094,Pantry Product 446,Pantry,C,S002,PT Indo Fresh,WHMDN,Medan - Deli Serdang,BATCH8486,2025-08-15,2025-08-15,2029-07-27,25,118,19,3,1,1,7.4,286.0,15.95,51,21,4,1.6,1.84,189.08,1.88,7.0,95.16,FIFO,In Stock,5,2025-07-19,4.94,66.28,,96,0,0,0,96,12.97,0,0,0
SKU0095,Personal Product 39,Personal Care,C,S008,PT Hygienic Supplies,WHSBY,Surabaya - Sidoarjo,BATCH7512,2025-06-15,2025-05-05,2029-12-12,86,44,8,22,0,0,10.05,212.0,4.38,79,29,5,5.87,5.36,258.32,6.85,2.0,81.77,FIFO,Low Stock,0,2025-07-29,8.08,62.18,,14,0,1,1,14,1.39,0,0,0
SKU0096,Household Product 195,Household,B,S006,PT Frozen Express,WHMDN,Medan - Deli Serdang,BATCH2121,2025-04-24,2025-04-09,2026-07-06,138,61,10,4,4,1,9.97,272.0,6.12,111,41,7,18.49,16.94,1127.96,4.9,1.0,89.58,FEFO,Low Stock,-5,2025-08-11,-0.25,94.19,,47,0,0,1,47,4.71,0,0,0
SKU0097,Bakery Product 51,Bakery,C,S002,PT Indo Fresh,WHMDN,Medan - Deli Serdang,BATCH5906,2025-07-29,2025-06-02,2025-08-05,42,151,59,92,0,2,40.53,916.0,3.73,130,49,2,3.87,3.81,584.66,8.05,11.0,86.01,FIFO,Expiring Soon,-3,2025-09-04,-3.83,85.98,,0,0,1,1,0,0.0,1,0,0
SKU0098,Fresh Product 184,Fresh Produce,C,S006,PT Frozen Express,WHMDN,Medan - Deli Serdang,BATCH9702,2025-08-03,2025-07-08,2025-08-09,37,214,117,58,4,1,46.16,1.51,4.64,75,29,1,2.04,2.27,436.92,6.47,9.0,93.79,FIFO,Expiring Soon,3,2025-08-19,3.38,80.73,,39,0,0,1,39,0.84,1,0,0
SKU0099,Pantry Product 196,Pantry,C,S010,PT DailyDairy,WHBDG,Bandung - Rancaekek,BATCH3344,2025-05-05,2025-04-21,2029-08-11,127,18,6,1,0,1,2.51,73.0,7.17,16,8,3,7.05,7.26,126.91,4.18,2.0,71.92,FEFO,In Stock,-1,2025-06-20,-5.9,97.43,,11,0,0,1,11,4.38,0,0,0
SKU0100,Meat Product 5,Meat,A,S008,PT Hygienic Supplies,WHSBY,Surabaya - Sidoarjo,BATCH2210,2025-03-20,2025-02-20,2025-03-30,173,339,189,65,0,0,36.55,829.0,9.27,386,130,7,6.37,5.88,2159.87,3.23,16.0,79.21,FEFO,Low Stock,-2,2025-06-26,-1.18,73.55,,85,0,1,1,85,2.33,1,0,0
SKU0101,Personal Product 354,Personal Care,B,S005,PT Agro Raya,WHMDN,Medan - Deli Serdang,BATCH7302,2025-06-24,2025-05-01,2027-08-05,77,58,16,20,0,1,5.7,181.0,10.18,20,9,2,16.17,16.02,938.1,2.95,4.0,93.56,FEFO,In Stock,-5,2025-08-27,7.94,61.27,,22,0,0,0,22,3.86,0,0,0
SKU0102,Pantry Product 295,Pantry,A,S005,PT Agro Raya,WHSBY,Surabaya - Sidoarjo,BATCH7484,2025-09-04,2025-08-18,2030-05-14,5,293,37,11,1,0,25.85,549.0,11.33,196,67,5,14.53,13.68,4256.12,2.65,12.0,94.24,FIFO,In Stock,0,2025-06-29,7.64,81.27,,245,0,0,0,245,9.48,0,0,0
SKU0103,Beverages Product 499,Beverages,A,S001,PT Segar Makmur,WHDPS,Denpasar - Tabanan,BATCH4770,2025-05-05,2025-03-28,2027-12-12,127,562,73,18,2,0,37.06,1.272,15.16,286,101,5,3.78,3.49,2125.65,1.98,15.0,87.03,FEFO,In Stock,-1,2025-08-12,4.38,67.27,,471,0,0,0,471,12.71,0,0,0
SKU0104,Pantry Product 348,Pantry,A,S003,PT Prima Distribusi,WHJKT,Jakarta - Cengkareng,BATCH1645,2025-04-02,2025-03-14,2029-11-15,160,197,65,28,0,0,24.38,892.0,8.08,43,19,1,11.15,10.5,2196.47,3.71,9.0,96.52,FEFO,In Stock,-2,2025-09-05,3.11,68.19,,104,0,0,0,104,4.27,0,0,0
SKU0105,Beverages Product 47,Beverages,B,S005,PT Agro Raya,WHSBY,Surabaya - Sidoarjo,BATCH4289,2025-05-26,2025-05-18,2027-05-20,106,329,50,81,0,0,87.67,3.009,3.75,135,47,1,5.28,6.04,1735.8,7.99,26.0,78.62,FEFO,In Stock,-3,2025-07-04,-7.79,94.89,,198,0,0,0,198,2.26,0,0,0
SKU0106,Meat Product 85,Meat,A,S005,PT Agro Raya,WHMDN,Medan - Deli Serdang,BATCH2886,2025-06-26,2025-05-28,2025-07-11,75,415,45,66,2,1,30.65,1.099,13.54,52,21,1,11.06,10.29,4591.19,2.22,8.0,87.66,FIFO,Expiring Soon,-1,2025-08-22,-8.63,62.82,,304,0,0,0,304,9.92,1,0,0
SKU0107,Meat Product 347,Meat,C,S007,PT Bakerindo,WHDPS,Denpasar - Tabanan,BATCH7464,2025-06-08,2025-06-08,2025-06-15,93,302,98,72,4,1,35.34,903.0,8.55,374,127,7,2.18,2.11,657.51,3.51,13.0,85.49,FEFO,Low Stock,6,2025-07-03,5.78,68.37,Promotional item,132,0,0,1,132,3.74,1,0,0
SKU0108,Beverages Product 345,Beverages,C,S005,PT Agro Raya,WHDPS,Denpasar - Tabanan,BATCH7086,2025-06-04,2025-05-29,2030-01-01,97,480,164,44,1,1,87.12,2.633,5.51,266,92,2,0.45,0.48,218.21,5.45,28.0,89.24,FIFO,In Stock,-1,2025-07-11,1.83,63.96,Temperature controlled,272,0,0,0,272,3.12,0,0,0
SKU0109,Seafood Product 313,Seafood,A,S004,PT Nusantara Supplier,WHJKT,Jakarta - Cengkareng,BATCH5951,2025-03-31,2025-02-18,2025-04-10,162,187,68,16,0,0,18.42,543.0,10.15,56,19,2,14.36,13.06,2684.74,2.96,9.0,94.58,FEFO,Expiring Soon,0,2025-08-26,2.08,77.12,Seasonal SKU,103,0,0,0,103,5.59,1,0,0
SKU0110,Seafood Product 253,Seafood,C,S002,PT Indo Fresh,WHJKT,Jakarta - Cengkareng,BATCH7367,2025-07-11,2025-06-12,2025-07-16,60,4,4,0,1,0,9.26,252.0,0.43,23,14,1,12.97,12.96,51.88,69.45,5.0,78.1,FEFO,Low Stock,-4,2025-06-16,-8.26,79.28,,0,0,1,1,0,0.0,1,0,0
SKU0111,Beverages Product 277,Beverages,B,S007,PT Bakerindo,WHDPS,Denpasar - Tabanan,BATCH2622,2025-08-01,2025-06-09,2028-11-27,39,577,78,98,2,1,43.34,942.0,13.31,137,50,2,3.28,3.73,1891.23,2.25,12.0,93.61,FEFO,In Stock,4,2025-06-23,4.43,93.12,,401,0,0,0,401,9.25,0,0,0
SKU0112,Personal Product 17,Personal Care,C,S006,PT Frozen Express,WHBDG,Bandung - Rancaekek,BATCH4868,2025-05-19,2025-03-26,2028-11-14,113,46,13,4,1,2,3.21,102.0,14.33,18,12,2,16.67,18.93,766.72,2.09,4.0,91.36,FEFO,In Stock,2,2025-08-28,3.37,60.38,,29,0,0,0,29,9.03,0,0,0
SKU0113,Bakery Product 462,Bakery,C,S006,PT Frozen Express,WHJKT,Jakarta - Cengkareng,BATCH4109,2025-05-31,2025-05-24,2025-06-04,101,649,79,12,3,0,63.46,2.078,10.23,290,100,3,0.92,0.86,598.38,2.93,25.0,89.85,FEFO,Expiring Soon,-1,2025-08-29,1.17,92.13,,558,0,0,0,558,8.79,1,0,0
SKU0114,Pantry Product 306,Pantry,C,S001,PT Segar Makmur,WHJKT,Jakarta - Cengkareng,BATCH3063,2025-06-16,2025-04-27,2027-10-27,85,88,33,20,3,2,9.88,314.0,8.91,113,44,7,4.35,4.38,382.63,3.37,4.0,74.21,FIFO,Low Stock,1,2025-09-01,-3.62,86.81,,35,0,1,1,35,3.54,0,0,0
SKU0115,Pantry Product 301,Pantry,A,S004,PT Nusantara Supplier,WHBDG,Bandung - Rancaekek,BATCH1046,2025-06-17,2025-05-31,2027-04-15,84,168,37,10,2,0,11.03,347.0,15.23,51,18,3,13.38,12.38,2248.58,1.97,2.0,98.67,FIFO,In Stock,0,2025-08-24,6.94,81.27,,121,0,0,0,121,10.97,0,0,0
SKU0116,Household Product 57,Household,C,S001,PT Segar Makmur,WHBDG,Bandung - Rancaekek,BATCH4898,2025-09-06,2025-07-31,2028-09-08,3,108,41,27,3,0,19.57,728.0,5.52,297,101,10,4.96,4.49,535.19,5.44,12.0,74.55,FEFO,Low Stock,0,2025-09-07,5.12,64.41,,40,0,1,1,40,2.04,0,0,0
SKU0117,Fresh Product 380,Fresh Produce,B,S007,PT Bakerindo,WHDPS,Denpasar - Tabanan,BATCH2041,2025-08-11,2025-07-12,2025-08-25,29,572,114,13,1,1,45.63,1.641,12.54,140,49,2,1.52,1.43,868.41,2.39,12.0,99.49,FEFO,Expiring Soon,-1,2025-07-25,0.15,80.7,,445,0,0,0,445,9.75,1,0,0
SKU0118,Fresh Product 258,Fresh Produce,C,S004,PT Nusantara Supplier,WHDPS,Denpasar - Tabanan,BATCH9543,2025-08-29,2025-08-10,2025-09-12,11,829,89,39,0,0,66.26,1.959,12.51,207,74,2,0.63,0.67,523.18,2.4,31.0,85.73,FEFO,Expiring Soon,3,2025-06-19,-5.97,80.63,,701,0,0,0,701,10.58,0,1,0
SKU0119,Fresh Product 246,Fresh Produce,C,S007,PT Bakerindo,WHMDN,Medan - Deli Serdang,BATCH9032,2025-03-18,2025-02-01,2025-03-22,175,126,33,12,0,1,14.8,541.0,8.51,162,58,7,2.21,2.07,278.95,3.52,5.0,85.08,FEFO,Low Stock,2,2025-08-31,-0.75,82.37,,81,0,0,1,81,5.47,1,0,0
SKU0120,Seafood Product 76,Seafood,A,S002,PT Indo Fresh,WHBDG,Bandung - Rancaekek,BATCH7240,2025-07-01,2025-05-24,2025-07-09,70,262,29,33,2,1,17.74,449.0,14.77,381,133,14,8.4,7.69,2200.85,2.03,4.0,91.65,FEFO,Low Stock,4,2025-07-13,-9.94,71.85,,200,0,0,1,200,11.27,1,0,0
SKU0121,Bakery Product 407,Bakery,A,S002,PT Indo Fresh,WHDPS,Denpasar - Tabanan,BATCH8398,2025-07-16,2025-05-21,2025-07-21,55,1,160,168,2,1,65.26,1.717,18.95,297,101,3,3.17,3.02,3920.18,1.58,26.0,91.84,FIFO,Expiring Soon,1,2025-07-19,9.15,60.54,,-327,1,1,1,0,0.0,1,0,0
SKU0122,Frozen Product 213,Frozen,B,S002,PT Indo Fresh,WHSBY,Surabaya - Sidoarjo,BATCH5176,2025-05-23,2025-04-30,2026-02-07,109,488,121,79,2,1,38.16,818.0,12.79,237,84,4,2.0,2.0,976.0,2.35,14.0,87.02,FIFO,In Stock,1,2025-06-14,4.46,71.63,,288,0,0,0,288,7.55,0,0,0
SKU0123,Fresh Product 426,Fresh Produce,C,S002,PT Indo Fresh,WHJKT,Jakarta - Cengkareng,BATCH7105,2025-05-22,2025-04-01,2025-05-26,110,38,12,5,1,0,5.46,142.0,6.96,26,10,3,1.84,1.69,69.73,4.31,4.0,84.05,FIFO,Expiring Soon,1,2025-06-30,-1.94,90.53,Temperature controlled,21,0,0,1,21,3.85,1,0,0
SKU0124,Pantry Product 344,Pantry,C,S002,PT Indo Fresh,WHMDN,Medan - Deli Serdang,BATCH7929,2025-06-11,2025-04-17,2030-03-04,90,200,44,55,3,0,19.57,606.0,10.22,31,11,1,3.62,3.91,724.52,2.94,7.0,97.05,FIFO,In Stock,-3,2025-08-04,7.34,84.21,,101,0,0,0,101,5.16,0,0,0
SKU0125,Seafood Product 296,Seafood,B,S009,PT Beverage Nusantara,WHBDG,Bandung - Rancaekek,BATCH4674,2025-08-01,2025-06-08,2025-08-11,39,154,35,10,2,1,12.64,280.0,12.18,20,7,1,11.37,11.68,1750.75,2.46,1.0,77.28,FIFO,Expiring Soon,-4,2025-07-27,-9.06,91.89,,109,0,0,0,109,8.62,1,0,0
SKU0126,Bakery Product 391,Bakery,C,S005,PT Agro Raya,WHDPS,Denpasar - Tabanan,BATCH1430,2025-07-14,2025-06-06,2025-07-19,57,215,29,53,3,1,24.19,916.0,8.89,76,28,2,3.09,3.49,665.04,3.38,7.0,77.5,FEFO,Expiring Soon,-1,2025-09-06,8.86,85.66,,133,0,0,0,133,5.5,1,0,0
SKU0127,Beverages Product 159,Beverages,B,S006,PT Frozen Express,WHSBY,Surabaya - Sidoarjo,BATCH3347,2025-09-08,2025-08-03,2027-09-14,1,146,31,37,0,0,19.92,761.0,7.33,64,24,2,7.03,7.7,1026.23,4.09,6.0,92.64,FEFO,In Stock,0,2025-09-01,2.88,79.02,Seasonal SKU,78,0,0,0,78,3.92,0,0,0
SKU0128,Fresh Product 272,Fresh Produce,C,S004,PT Nusantara Supplier,WHMDN,Medan - Deli Serdang,BATCH6585,2025-05-25,2025-05-15,2025-06-04,107,560,165,75,0,0,66.66,2.517,8.4,1,334,10,1.22,1.34,681.13,3.57,23.0,72.52,FEFO,Low Stock,6,2025-08-01,5.08,64.78,,320,0,1,0,320,4.8,1,0,0
SKU0129,Beverages Product 291,Beverages,C,S010,PT DailyDairy,WHJKT,Jakarta - Cengkareng,BATCH3579,2025-08-27,2025-07-10,2027-07-11,13,812,174,38,0,0,67.35,1.452,12.06,510,173,5,0.54,0.6,434.83,2.49,21.0,77.87,FIFO,In Stock,0,2025-06-15,6.77,87.98,Fragile,600,0,0,0,600,8.91,0,0,0
SKU0130,Beverages Product 249,Beverages,A,S010,PT DailyDairy,WHMDN,Medan - Deli Serdang,BATCH4531,2025-05-26,2025-04-08,2027-12-06,106,841,133,108,1,1,88.01,2.039,9.56,265,89,2,5.85,6.03,4923.13,3.14,35.0,80.27,FIFO,In Stock,4,2025-07-27,9.52,70.09,,600,0,0,0,600,6.82,0,0,0
SKU0131,Meat Product 348,Meat,C,S010,PT DailyDairy,WHMDN,Medan - Deli Serdang,BATCH1744,2025-04-28,2025-04-14,2025-05-12,134,28,1,4,1,0,2.05,65.0,13.66,15,9,3,5.4,5.07,151.29,2.2,1.0,89.81,FEFO,Expiring Soon,2,2025-06-25,7.99,77.99,High return rate,23,0,0,0,23,11.22,1,0,0
SKU0132,Seafood Product 109,Seafood,A,S003,PT Prima Distribusi,WHSBY,Surabaya - Sidoarjo,BATCH2965,2025-06-27,2025-06-27,2025-07-05,74,319,12,82,0,0,29.72,957.0,10.73,184,65,4,9.57,9.49,3052.42,2.79,14.0,74.35,FEFO,Expiring Soon,4,2025-07-16,-5.49,89.69,,225,0,0,0,225,7.57,1,0,0
SKU0133,Bakery Product 361,Bakery,C,S004,PT Nusantara Supplier,WHDPS,Denpasar - Tabanan,BATCH6802,2025-04-19,2025-04-15,2025-04-26,143,255,83,69,2,0,45.27,1.324,5.63,141,50,2,0.53,0.6,134.49,5.33,21.0,96.48,FEFO,Expiring Soon,1,2025-09-04,2.42,81.31,,103,0,0,1,103,2.28,1,0,0
SKU0134,Frozen Product 40,Frozen,C,S006,PT Frozen Express,WHDPS,Denpasar - Tabanan,BATCH7626,2025-05-23,2025-04-08,2026-04-14,109,86,18,26,2,1,8.58,248.0,10.02,17,8,1,5.72,6.51,491.95,2.99,2.0,98.94,FEFO,In Stock,-3,2025-08-03,9.9,82.56,Seasonal SKU,42,0,0,0,42,4.9,0,0,0
SKU0135,Personal Product 88,Personal Care,B,S010,PT DailyDairy,WHMDN,Medan - Deli Serdang,BATCH2443,2025-03-17,2025-02-18,2028-03-27,176,202,51,28,1,2,20.02,721.0,10.09,151,51,5,5.0,5.07,1009.13,2.97,6.0,85.18,FIFO,In Stock,-3,2025-08-09,5.63,89.81,,123,0,0,1,123,6.14,0,0,0
SKU0136,Bakery Product 41,Bakery,C,S007,PT Bakerindo,WHSBY,Surabaya - Sidoarjo,BATCH6456,2025-06-15,2025-04-27,2025-06-18,86,155,10,99,3,2,20.01,704.0,7.75,93,33,3,3.33,3.32,516.0,3.87,7.0,84.93,FIFO,Expiring Soon,-4,2025-08-31,5.09,69.54,,46,0,0,1,46,2.3,1,0,0
SKU0137,Fresh Product 262,Fresh Produce,C,S004,PT Nusantara Supplier,WHSBY,Surabaya - Sidoarjo,BATCH3419,2025-06-12,2025-05-28,2025-06-26,89,66,21,12,0,0,7.92,228.0,8.33,39,15,3,0.79,0.79,51.87,3.6,7.0,77.53,FIFO,Expiring Soon,1,2025-08-22,-3.47,94.34,,33,0,0,1,33,4.17,1,0,0
SKU0138,Dairy Product 79,Dairy,C,S002,PT Indo Fresh,WHBDG,Bandung - Rancaekek,BATCH8601,2025-04-02,2025-02-13,2025-04-24,160,382,62,3,0,1,36.85,1.234,10.37,388,130,7,1.75,1.75,667.05,2.89,15.0,95.84,FEFO,Low Stock,-2,2025-06-14,6.22,89.3,,317,0,0,1,317,8.6,1,0,0
SKU0139,Pantry Product 326,Pantry,C,S010,PT DailyDairy,WHSBY,Surabaya - Sidoarjo,BATCH3473,2025-04-02,2025-03-05,2028-01-09,160,73,17,16,1,1,9.19,227.0,7.94,23,14,1,8.22,7.53,600.4,3.78,3.0,75.64,FIFO,In Stock,-1,2025-07-11,-2.76,60.38,,40,0,0,0,40,4.35,0,0,0
SKU0140,Seafood Product 141,Seafood,C,S010,PT DailyDairy,WHJKT,Jakarta - Cengkareng,BATCH6085,2025-06-11,2025-05-13,2025-06-15,90,125,84,41,0,1,22.22,827.0,5.63,338,116,10,6.03,6.5,753.89,5.33,9.0,93.03,FEFO,Low Stock,4,2025-09-05,6.34,90.65,Promotional item,0,0,1,1,0,0.0,1,0,0
SKU0141,Fresh Product 443,Fresh Produce,C,S002,PT Indo Fresh,WHDPS,Denpasar - Tabanan,BATCH7299,2025-04-10,2025-03-12,2025-04-21,152,278,213,65,0,1,76.42,1.824,3.64,115,39,1,1.58,1.71,440.44,8.25,19.0,73.6,FIFO,Expiring Soon,2,2025-07-14,-6.56,66.85,,0,0,1,1,0,0.0,1,0,0
SKU0142,Pantry Product 97,Pantry,C,S006,PT Frozen Express,WHDPS,Denpasar - Tabanan,BATCH3471,2025-05-11,2025-05-08,2029-03-02,121,235,49,54,1,0,25.66,768.0,9.16,78,27,2,2.14,2.3,502.74,3.28,7.0,90.76,FEFO,In Stock,-3,2025-08-27,4.54,74.46,,132,0,0,0,132,5.14,0,0,0
SKU0143,Household Product 366,Household,A,S002,PT Indo Fresh,WHDPS,Denpasar - Tabanan,BATCH1641,2025-03-28,2025-03-13,2027-03-16,165,122,9,15,1,0,9.32,357.0,13.09,198,68,14,19.42,19.56,2369.24,2.29,7.0,94.08,FEFO,Low Stock,3,2025-07-15,-3.82,87.15,,98,0,0,1,98,10.52,0,0,0
SKU0144,Pantry Product 187,Pantry,C,S006,PT Frozen Express,WHSBY,Surabaya - Sidoarjo,BATCH6543,2025-06-02,2025-04-20,2028-09-16,99,35,5,0,1,1,3.06,98.0,11.44,10,4,2,7.67,7.96,268.53,2.62,2.0,72.02,FIFO,In Stock,2,2025-06-21,-4.25,72.69,,30,0,0,0,30,9.8,0,0,0
SKU0145,Fresh Product 49,Fresh Produce,B,S009,PT Beverage Nusantara,WHMDN,Medan - Deli Serdang,BATCH3463,2025-06-29,2025-06-08,2025-07-06,72,456,35,28,0,1,26.43,927.0,17.25,123,44,3,2.02,2.32,923.08,1.74,9.0,86.16,FIFO,Expiring Soon,0,2025-06-27,5.7,89.84,,393,0,0,0,393,14.87,1,0,0
SKU0146,Personal Product 159,Personal Care,A,S007,PT Bakerindo,WHBDG,Bandung - Rancaekek,BATCH2388,2025-04-10,2025-03-22,2030-03-31,152,162,10,22,1,1,14.33,470.0,11.3,24,10,1,24.48,23.29,3965.81,2.65,3.0,98.07,FEFO,In Stock,-4,2025-06-19,-0.34,96.8,,130,0,0,0,130,9.07,0,0,0
SKU0147,Household Product 344,Household,C,S009,PT Beverage Nusantara,WHJKT,Jakarta - Cengkareng,BATCH7937,2025-03-28,2025-02-24,2029-12-30,165,45,9,0,4,0,2.75,87.0,16.36,7,4,1,6.3,6.26,283.37,1.83,1.0,70.06,FEFO,In Stock,2,2025-09-07,1.27,79.98,,36,0,0,0,36,13.09,0,0,0
SKU0148,Dairy Product 110,Dairy,C,S006,PT Frozen Express,WHMDN,Medan - Deli Serdang,BATCH3253,2025-07-22,2025-07-13,2025-08-05,49,180,9,0,0,1,9.67,370.0,18.61,16,6,1,1.36,1.23,244.28,1.61,5.0,70.25,FIFO,Expiring Soon,4,2025-08-03,1.66,75.16,,171,0,0,0,171,17.68,1,0,0
SKU0149,Fresh Product 395,Fresh Produce,C,S009,PT Beverage Nusantara,WHDPS,Denpasar - Tabanan,BATCH6517,2025-08-31,2025-07-06,2025-09-13,9,134,26,1,1,1,11.95,395.0,11.21,63,27,3,1.25,1.27,168.02,2.68,4.0,96.89,FIFO,Expiring Soon,-1,2025-06-25,9.93,86.63,,107,0,0,0,107,8.95,0,1,0
SKU0150,Dairy Product 426,Dairy,C,S010,PT DailyDairy,WHBDG,Bandung - Rancaekek,BATCH7731,2025-05-20,2025-04-27,2025-05-28,112,209,62,2,0,1,23.29,696.0,8.97,142,49,4,0.89,0.89,186.93,3.34,11.0,95.52,FIFO,Expiring Soon,-1,2025-07-15,-3.34,70.77,,145,0,0,0,145,6.23,1,0,0
SKU0151,Beverages Product 402,Beverages,A,S008,PT Hygienic Supplies,WHBDG,Bandung - Rancaekek,BATCH6070,2025-04-26,2025-03-06,2027-08-28,136,1,152,220,0,2,86.26,1.845,13.99,390,131,3,7.34,7.8,8858.17,2.14,30.0,84.49,FEFO,In Stock,1,2025-08-16,8.73,71.44,,-371,1,1,1,0,0.0,0,0,0
SKU0152,Personal Product 226,Personal Care,C,S008,PT Hygienic Supplies,WHSBY,Surabaya - Sidoarjo,BATCH9641,2025-06-04,2025-05-09,2029-03-29,97,28,12,0,2,1,3.53,127.0,7.93,16,9,2,23.2,25.44,649.59,3.78,2.0,97.27,FIFO,In Stock,2,2025-08-15,8.85,76.96,,16,0,0,1,16,4.53,0,0,0
SKU0153,Dairy Product 129,Dairy,B,S001,PT Segar Makmur,WHMDN,Medan - Deli Serdang,BATCH2680,2025-06-06,2025-04-22,2025-06-30,95,463,39,34,1,0,34.54,1.27,13.4,368,126,7,2.22,2.18,1027.21,2.24,11.0,84.84,FIFO,Expiring Soon,1,2025-08-04,-2.91,63.9,High return rate,390,0,0,0,390,11.29,1,0,0
SKU0154,Meat Product 464,Meat,B,S009,PT Beverage Nusantara,WHBDG,Bandung - Rancaekek,BATCH4637,2025-05-21,2025-03-30,2025-05-28,111,474,86,66,3,0,34.64,967.0,13.68,162,58,3,3.54,3.44,1675.87,2.19,12.0,95.46,FEFO,Expiring Soon,1,2025-07-27,-0.82,78.6,,322,0,0,0,322,9.3,1,0,0
SKU0155,Bakery Product 203,Bakery,B,S009,PT Beverage Nusantara,WHSBY,Surabaya - Sidoarjo,BATCH2337,2025-07-11,2025-06-18,2025-07-16,60,642,9,28,0,0,55.89,1.696,11.49,422,143,5,2.36,2.27,1516.15,2.61,16.0,81.54,FIFO,Expiring Soon,-5,2025-09-06,-2.91,83.09,,605,0,0,0,605,10.82,1,0,0
SKU0156,Fresh Product 366,Fresh Produce,C,S006,PT Frozen Express,WHBDG,Bandung - Rancaekek,BATCH5700,2025-08-05,2025-06-08,2025-08-08,35,224,52,12,1,1,21.47,577.0,10.43,99,35,3,0.82,0.87,182.6,2.88,10.0,92.56,FEFO,Expiring Soon,4,2025-06-12,-1.76,80.77,,160,0,0,0,160,7.45,1,0,0
SKU0157,Beverages Product 241,Beverages,A,S008,PT Hygienic Supplies,WHDPS,Denpasar - Tabanan,BATCH1311,2025-09-08,2025-08-23,2027-02-17,1,1,180,46,0,2,77.75,2.856,14.11,1,398,10,5.5,5.95,6028.45,2.13,20.0,85.68,FIFO,Low Stock,5,2025-08-21,3.95,67.73,,-225,1,1,1,0,0.0,0,0,0
SKU0158,Beverages Product 271,Beverages,A,S007,PT Bakerindo,WHJKT,Jakarta - Cengkareng,BATCH5934,2025-06-28,2025-06-21,2027-10-27,73,687,43,120,2,2,82.42,3.167,8.34,497,167,4,4.18,4.71,2873.31,3.6,31.0,81.08,FIFO,In Stock,0,2025-08-10,-5.93,62.53,,524,0,0,0,524,6.36,0,0,0
SKU0159,Household Product 235,Household,B,S002,PT Indo Fresh,WHJKT,Jakarta - Cengkareng,BATCH9782,2025-05-05,2025-05-04,2029-09-08,127,52,12,2,3,1,9.24,195.0,5.63,18,9,1,16.17,16.43,841.07,5.33,3.0,93.73,FIFO,In Stock,-4,2025-08-22,4.45,68.27,,38,0,0,0,38,4.11,0,0,0
SKU0160,Fresh Product 181,Fresh Produce,B,S004,PT Nusantara Supplier,WHDPS,Denpasar - Tabanan,BATCH2402,2025-05-26,2025-04-23,2025-05-31,106,719,111,103,1,2,46.13,1.519,15.59,208,70,3,2.0,1.81,1438.14,1.92,15.0,77.62,FEFO,Expiring Soon,1,2025-09-01,-5.86,73.18,,505,0,0,0,505,10.95,1,0,0
SKU0161,Pantry Product 403,Pantry,B,S009,PT Beverage Nusantara,WHDPS,Denpasar - Tabanan,BATCH8702,2025-09-04,2025-09-02,2028-11-11,5,164,32,41,1,1,13.56,495.0,12.09,47,20,2,9.2,9.17,1508.73,2.48,6.0,83.3,FEFO,In Stock,0,2025-07-24,1.77,93.01,,91,0,0,0,91,6.71,0,0,0
SKU0162,Fresh Product 404,Fresh Produce,B,S002,PT Indo Fresh,WHSBY,Surabaya - Sidoarjo,BATCH2698,2025-07-10,2025-05-22,2025-07-24,61,616,164,105,2,1,37.33,1.229,16.5,117,42,2,2.41,2.59,1483.76,1.82,10.0,90.62,FEFO,Expiring Soon,2,2025-08-23,-5.63,90.97,Temperature controlled,347,0,0,0,347,9.3,1,0,0
SKU0163,Seafood Product 330,Seafood,B,S003,PT Prima Distribusi,WHMDN,Medan - Deli Serdang,BATCH3986,2025-03-15,2025-01-23,2025-03-25,178,154,5,21,0,2,13.54,447.0,11.37,49,22,2,6.79,6.45,1045.43,2.64,10.0,83.74,FIFO,Expiring Soon,0,2025-09-01,0.28,63.58,,128,0,0,0,128,9.45,1,0,0
SKU0164,Personal Product 19,Personal Care,B,S005,PT Agro Raya,WHBDG,Bandung - Rancaekek,BATCH1686,2025-08-29,2025-08-09,2027-10-11,11,88,16,10,1,2,8.3,288.0,10.6,17,9,1,14.41,13.8,1267.88,2.83,7.0,99.23,FEFO,In Stock,0,2025-07-06,-9.71,61.48,,62,0,0,0,62,7.47,0,0,0
SKU0165,Household Product 243,Household,B,S005,PT Agro Raya,WHJKT,Jakarta - Cengkareng,BATCH5687,2025-03-28,2025-03-06,2027-04-23,165,63,33,18,1,1,9.4,298.0,6.7,143,49,10,15.26,15.03,961.14,4.48,6.0,84.76,FIFO,Low Stock,-4,2025-06-18,0.55,62.03,,12,0,1,1,12,1.28,0,0,0
SKU0166,Dairy Product 189,Dairy,C,S007,PT Bakerindo,WHMDN,Medan - Deli Serdang,BATCH6554,2025-05-20,2025-05-09,2025-06-08,112,203,122,81,2,1,42.74,1.028,4.75,264,93,4,3.01,3.24,611.19,6.32,19.0,90.64,FEFO,Low Stock,-3,2025-06-13,-0.9,60.73,,0,0,1,1,0,0.0,1,0,0
SKU0167,Personal Product 266,Personal Care,A,S005,PT Agro Raya,WHJKT,Jakarta - Cengkareng,BATCH8055,2025-05-24,2025-04-16,2026-11-01,108,206,51,20,0,0,20.27,460.0,10.16,66,25,2,21.0,23.28,4326.49,2.95,7.0,87.6,FIFO,In Stock,0,2025-07-02,2.85,82.58,,135,0,0,0,135,6.66,0,0,0
SKU0168,Fresh Product 168,Fresh Produce,C,S005,PT Agro Raya,WHSBY,Surabaya - Sidoarjo,BATCH7981,2025-05-18,2025-05-08,2025-05-30,114,465,273,136,1,0,78.21,2.297,5.95,120,42,1,1.4,1.27,652.63,5.05,17.0,71.98,FEFO,Expiring Soon,0,2025-07-27,7.95,92.2,,56,0,0,1,56,0.72,1,0,0
SKU0169,Beverages Product 467,Beverages,A,S006,PT Frozen Express,WHDPS,Denpasar - Tabanan,BATCH1939,2025-05-21,2025-05-17,2027-12-04,111,753,102,108,0,0,82.06,2.655,9.18,250,86,2,7.81,7.88,5879.2,3.27,26.0,78.92,FEFO,In Stock,-4,2025-07-25,0.6,68.35,,543,0,0,0,543,6.62,0,0,0
SKU0170,Beverages Product 82,Beverages,B,S001,PT Segar Makmur,WHBDG,Bandung - Rancaekek,BATCH8179,2025-04-07,2025-04-05,2030-01-24,155,201,42,18,1,1,18.67,393.0,10.77,201,70,7,7.81,7.96,1569.39,2.79,9.0,86.14,FIFO,Low Stock,0,2025-09-01,5.61,66.62,,141,0,0,1,141,7.55,0,0,0
SKU0171,Pantry Product 186,Pantry,A,S007,PT Bakerindo,WHDPS,Denpasar - Tabanan,BATCH3513,2025-09-01,2025-07-20,2030-01-22,8,216,19,30,0,2,20.26,739.0,10.66,100,39,3,14.88,15.22,3213.89,2.81,7.0,86.75,FEFO,In Stock,-1,2025-07-24,-0.34,75.46,,167,0,0,0,167,8.24,0,0,0
SKU0172,Beverages Product 294,Beverages,B,S003,PT Prima Distribusi,WHDPS,Denpasar - Tabanan,BATCH6150,2025-06-08,2025-04-28,2028-08-31,93,253,132,29,0,0,49.98,1.491,5.06,381,131,5,4.72,4.4,1193.83,5.93,24.0,87.01,FEFO,Low Stock,2,2025-08-09,7.09,75.45,,92,0,1,1,92,1.84,0,0,0
SKU0173,Fresh Product 96,Fresh Produce,C,S008,PT Hygienic Supplies,WHDPS,Denpasar - Tabanan,BATCH2929,2025-06-02,2025-05-17,2025-06-13,99,237,91,89,0,0,32.84,1.206,7.22,202,71,4,1.53,1.44,362.44,4.16,9.0,95.68,FEFO,Expiring Soon,-2,2025-06-11,3.46,69.49,,57,0,1,1,57,1.74,1,0,0
SKU0174,Personal Product 147,Personal Care,A,S008,PT Hygienic Supplies,WHBDG,Bandung - Rancaekek,BATCH2213,2025-08-09,2025-07-12,2027-05-13,31,119,39,9,1,0,16.06,406.0,7.41,32,16,1,19.88,22.46,2365.37,4.05,7.0,99.49,FIFO,In Stock,-1,2025-07-15,-9.2,94.52,,71,0,0,0,71,4.42,0,0,0
SKU0175,Household Product 496,Household,B,S006,PT Frozen Express,WHSBY,Surabaya - Sidoarjo,BATCH9882,2025-08-24,2025-08-06,2029-09-23,16,72,20,14,1,0,8.56,223.0,8.41,60,26,4,15.5,15.77,1116.31,3.57,6.0,83.74,FEFO,In Stock,-6,2025-08-20,5.47,92.41,,38,0,0,1,38,4.44,0,0,0
SKU0176,Personal Product 327,Personal Care,A,S003,PT Prima Distribusi,WHSBY,Surabaya - Sidoarjo,BATCH2988,2025-05-02,2025-04-20,2027-08-04,130,310,81,78,0,0,22.96,490.0,13.5,74,28,2,19.4,20.21,6014.78,2.22,9.0,88.04,FIFO,In Stock,2,2025-08-10,8.58,91.42,,151,0,0,0,151,6.58,0,0,0
SKU0177,Fresh Product 284,Fresh Produce,C,S010,PT DailyDairy,WHSBY,Surabaya - Sidoarjo,BATCH3126,2025-05-13,2025-04-04,2025-05-24,119,326,73,15,1,2,28.82,1.017,11.31,609,206,14,1.79,1.92,584.42,2.65,11.0,77.08,FIFO,Low Stock,-2,2025-09-01,0.86,70.57,,238,0,0,1,238,8.26,1,0,0
SKU0178,Personal Product 369,Personal Care,B,S008,PT Hygienic Supplies,WHDPS,Denpasar - Tabanan,BATCH2208,2025-05-27,2025-05-19,2028-09-11,105,56,0,13,1,3,7.55,213.0,7.42,26,11,2,17.84,20.09,999.06,4.04,5.0,75.62,FEFO,In Stock,2,2025-06-19,6.35,93.61,Fragile,43,0,0,0,43,5.7,0,0,0
SKU0179,Beverages Product 177,Beverages,B,S003,PT Prima Distribusi,WHDPS,Denpasar - Tabanan,BATCH3981,2025-03-30,2025-02-09,2029-07-15,163,529,61,65,1,0,35.53,1.15,14.89,219,77,4,1.64,1.76,867.61,2.01,12.0,71.33,FIFO,In Stock,-1,2025-07-16,9.0,82.18,,403,0,0,0,403,11.34,0,0,0
SKU0180,Household Product 426,Household,C,S002,PT Indo Fresh,WHDPS,Denpasar - Tabanan,BATCH3697,2025-08-01,2025-07-22,2028-04-14,39,8,2,2,0,0,1.29,40.0,6.2,17,11,5,4.75,4.75,37.99,4.84,1.0,98.93,FEFO,Low Stock,3,2025-06-11,-3.46,77.63,,4,0,1,1,4,3.1,0,0,0
SKU0181,Personal Product 266,Personal Care,C,S005,PT Agro Raya,WHJKT,Jakarta - Cengkareng,BATCH5496,2025-07-07,2025-06-29,2027-08-13,64,41,6,4,1,0,2.61,93.0,15.71,22,12,4,5.6,5.28,229.72,1.91,1.0,98.61,FEFO,In Stock,0,2025-06-23,1.36,97.38,,31,0,0,0,31,11.88,0,0,0
SKU0182,Frozen Product 87,Frozen,C,S010,PT DailyDairy,WHDPS,Denpasar - Tabanan,BATCH6531,2025-08-01,2025-06-09,2026-03-12,39,155,72,38,0,1,18.68,410.0,8.3,62,25,2,4.02,4.52,622.88,3.62,7.0,87.01,FIFO,In Stock,-4,2025-09-06,4.9,81.18,Temperature controlled,45,0,0,1,45,2.41,0,0,0
SKU0183,Meat Product 108,Meat,B,S010,PT DailyDairy,WHMDN,Medan - Deli Serdang,BATCH9159,2025-04-04,2025-02-07,2025-04-09,158,206,42,43,2,2,31.7,855.0,6.5,195,68,4,9.5,9.29,1956.96,4.62,15.0,77.05,FEFO,Expiring Soon,-2,2025-06-19,-5.0,95.27,,121,0,0,1,121,3.82,1,0,0
SKU0184,Frozen Product 413,Frozen,B,S007,PT Bakerindo,WHSBY,Surabaya - Sidoarjo,BATCH1981,2025-05-16,2025-05-06,2025-11-30,116,403,71,10,3,0,39.13,1.196,10.3,302,106,5,4.59,4.49,1848.2,2.91,11.0,78.5,FEFO,In Stock,2,2025-07-18,-1.24,80.44,,322,0,0,0,322,8.23,0,0,0
SKU0185,Dairy Product 311,Dairy,C,S003,PT Prima Distribusi,WHSBY,Surabaya - Sidoarjo,BATCH6658,2025-06-20,2025-05-26,2025-07-20,81,48,2,4,0,0,4.66,130.0,10.3,23,14,2,2.58,2.52,123.85,2.91,2.0,79.29,FIFO,Expiring Soon,0,2025-07-24,6.73,72.03,,42,0,0,0,42,9.01,1,0,0
SKU0186,Fresh Product 124,Fresh Produce,C,S008,PT Hygienic Supplies,WHJKT,Jakarta - Cengkareng,BATCH5061,2025-07-03,2025-06-24,2025-07-13,68,339,7,114,1,0,63.57,1.622,5.33,104,40,1,0.39,0.44,133.8,5.63,22.0,79.1,FIFO,Expiring Soon,2,2025-09-03,-1.37,92.08,,218,0,0,0,218,3.43,1,0,0
SKU0187,Bakery Product 316,Bakery,C,S007,PT Bakerindo,WHBDG,Bandung - Rancaekek,BATCH6123,2025-07-31,2025-07-19,2025-08-04,40,238,59,15,3,1,24.79,723.0,9.6,192,68,5,2.51,2.53,596.33,3.12,7.0,96.17,FIFO,Expiring Soon,3,2025-07-08,-7.35,89.65,,164,0,0,1,164,6.62,1,0,0
SKU0188,Frozen Product 451,Frozen,B,S005,PT Agro Raya,WHMDN,Medan - Deli Serdang,BATCH7442,2025-09-04,2025-08-03,2026-03-26,5,277,24,74,0,0,25.85,579.0,10.72,201,72,5,3.94,4.34,1091.08,2.8,7.0,97.34,FEFO,In Stock,0,2025-08-10,-8.95,68.93,,179,0,0,1,179,6.92,0,0,0
SKU0189,Seafood Product 26,Seafood,C,S005,PT Agro Raya,WHMDN,Medan - Deli Serdang,BATCH5681,2025-04-10,2025-03-07,2025-04-20,152,95,40,30,2,1,13.18,341.0,7.21,64,24,3,4.78,5.46,453.92,4.16,3.0,82.57,FIFO,Expiring Soon,-3,2025-08-27,0.88,94.36,,25,0,0,1,25,1.9,1,0,0
SKU0190,Personal Product 373,Personal Care,A,S006,PT Frozen Express,WHMDN,Medan - Deli Serdang,BATCH7563,2025-06-08,2025-06-05,2026-09-08,93,145,26,28,5,0,20.34,550.0,7.13,97,36,3,20.86,19.21,3024.61,4.21,7.0,77.91,FIFO,In Stock,-2,2025-07-25,-5.78,74.99,,91,0,0,1,91,4.47,0,0,0
SKU0191,Fresh Product 259,Fresh Produce,C,S008,PT Hygienic Supplies,WHDPS,Denpasar - Tabanan,BATCH2946,2025-06-30,2025-06-22,2025-07-12,71,300,76,50,0,1,35.63,896.0,8.42,273,95,5,1.09,1.06,328.32,3.56,10.0,94.37,FIFO,Expiring Soon,-1,2025-07-21,7.72,75.63,,174,0,0,1,174,4.88,1,0,0
SKU0192,Personal Product 286,Personal Care,B,S006,PT Frozen Express,WHBDG,Bandung - Rancaekek,BATCH9341,2025-07-21,2025-06-26,2029-12-05,50,116,34,14,1,0,20.78,500.0,5.58,158,54,5,16.93,15.36,1963.35,5.37,12.0,82.67,FIFO,Low Stock,3,2025-09-04,-1.11,73.37,Promotional item,68,0,0,1,68,3.27,0,0,0
SKU0193,Household Product 266,Household,C,S008,PT Hygienic Supplies,WHBDG,Bandung - Rancaekek,BATCH3290,2025-04-07,2025-03-18,2029-02-25,155,37,3,0,1,2,3.45,104.0,10.72,16,6,3,5.94,6.31,219.75,2.8,1.0,72.75,FEFO,In Stock,0,2025-08-20,5.62,62.32,,34,0,0,0,34,9.86,0,0,0
SKU0194,Pantry Product 432,Pantry,C,S005,PT Agro Raya,WHDPS,Denpasar - Tabanan,BATCH9351,2025-06-15,2025-05-12,2029-04-18,86,29,8,7,1,0,4.92,179.0,5.89,75,26,10,14.47,15.28,419.58,5.09,3.0,97.4,FEFO,Low Stock,-1,2025-06-11,4.94,61.71,,14,0,1,1,14,2.85,0,0,0
SKU0195,Frozen Product 9,Frozen,C,S006,PT Frozen Express,WHSBY,Surabaya - Sidoarjo,BATCH7824,2025-03-21,2025-02-12,2025-10-15,172,139,95,5,0,1,24.34,758.0,5.71,82,33,2,3.32,3.79,462.01,5.25,7.0,91.08,FEFO,In Stock,0,2025-06-13,-8.99,79.01,,39,0,0,1,39,1.6,0,0,0
SKU0196,Pantry Product 136,Pantry,B,S010,PT DailyDairy,WHDPS,Denpasar - Tabanan,BATCH8871,2025-07-13,2025-07-03,2026-10-26,58,201,37,34,0,0,16.24,611.0,12.38,124,43,5,4.61,4.82,927.07,2.42,3.0,90.2,FEFO,In Stock,3,2025-08-22,-4.93,72.38,,130,0,0,0,130,8.0,0,0,0
SKU0197,Meat Product 294,Meat,A,S002,PT Indo Fresh,WHBDG,Bandung - Rancaekek,BATCH6139,2025-09-05,2025-08-10,2025-09-24,4,326,40,73,1,0,33.82,766.0,9.64,204,69,4,10.98,9.92,3578.96,3.11,17.0,93.96,FIFO,In Stock,0,2025-07-19,-3.55,90.98,,213,0,0,0,213,6.3,0,1,0
SKU0198,Bakery Product 397,Bakery,C,S010,PT DailyDairy,WHMDN,Medan - Deli Serdang,BATCH3262,2025-08-25,2025-07-23,2025-09-01,15,393,19,33,1,1,47.64,1.346,8.25,76,28,1,1.84,1.93,724.73,3.64,19.0,73.93,FIFO,Expiring Soon,0,2025-06-30,6.25,85.56,,341,0,0,0,341,7.16,1,0,0
SKU0199,Beverages Product 270,Beverages,B,S007,PT Bakerindo,WHSBY,Surabaya - Sidoarjo,BATCH9734,2025-07-27,2025-07-06,2029-02-22,44,246,39,36,1,2,14.58,508.0,16.87,159,57,7,5.13,5.9,1262.64,1.78,6.0,78.33,FEFO,In Stock,2,2025-06-15,-8.15,71.69,,171,0,0,0,171,11.73,0,0,0
SKU0200,Beverages Product 330,Beverages,B,S005,PT Agro Raya,WHDPS,Denpasar - Tabanan,BATCH5038,2025-05-09,2025-04-22,2027-06-06,123,370,93,21,3,1,29.23,957.0,12.66,50,21,1,2.53,2.6,934.25,2.37,19.0,97.45,FEFO,In Stock,0,2025-08-12,-4.56,65.85,,256,0,0,0,256,8.76,0,0,0
SKU0201,Personal Product 395,Personal Care,B,S005,PT Agro Raya,WHBDG,Bandung - Rancaekek,BATCH9011,2025-03-17,2025-02-25,2030-02-27,176,111,0,7,0,2,8.37,200.0,13.26,59,26,4,17.0,16.91,1886.98,2.26,5.0,96.06,FEFO,In Stock,3,2025-07-27,-8.76,85.01,,104,0,0,0,104,12.43,0,0,0
SKU0202,Personal Product 370,Personal Care,C,S005,PT Agro Raya,WHSBY,Surabaya - Sidoarjo,BATCH9899,2025-08-09,2025-07-16,2029-10-26,31,73,40,10,0,1,10.29,328.0,7.09,115,43,7,10.55,11.2,769.87,4.23,3.0,81.56,FEFO,Low Stock,0,2025-07-27,9.09,82.11,,23,0,1,1,23,2.24,0,0,0
SKU0203,Household Product 149,Household,B,S001,PT Segar Makmur,WHSBY,Surabaya - Sidoarjo,BATCH8247,2025-08-20,2025-07-10,2028-07-29,20,278,47,25,2,3,14.95,354.0,18.6,70,25,3,3.67,3.58,1020.79,1.61,9.0,75.92,FEFO,In Stock,3,2025-07-10,0.6,66.54,,206,0,0,0,206,13.78,0,0,0
SKU0204,Household Product 139,Household,B,S009,PT Beverage Nusantara,WHSBY,Surabaya - Sidoarjo,BATCH4920,2025-08-05,2025-07-21,2027-03-16,35,145,43,8,3,1,16.04,472.0,9.04,127,47,5,6.64,6.52,963.19,3.32,4.0,93.18,FIFO,In Stock,-1,2025-06-16,-2.12,76.06,,94,0,0,1,94,5.86,0,0,0
SKU0205,Meat Product 120,Meat,B,S001,PT Segar Makmur,WHJKT,Jakarta - Cengkareng,BATCH8739,2025-05-27,2025-05-21,2025-06-11,105,171,7,40,3,0,14.99,559.0,11.41,28,13,1,7.99,7.44,1366.0,2.63,4.0,84.85,FIFO,Expiring Soon,-4,2025-09-09,-6.21,91.74,,124,0,0,0,124,8.27,1,0,0
SKU0206,Personal Product 81,Personal Care,C,S007,PT Bakerindo,WHMDN,Medan - Deli Serdang,BATCH4267,2025-05-10,2025-03-23,2030-01-01,122,60,17,7,2,3,6.24,152.0,9.62,25,13,2,1.98,2.08,118.94,3.12,4.0,89.66,FEFO,In Stock,0,2025-07-30,-5.59,62.26,,36,0,0,0,36,5.77,0,0,0
SKU0207,Fresh Product 394,Fresh Produce,C,S002,PT Indo Fresh,WHDPS,Denpasar - Tabanan,BATCH1611,2025-07-12,2025-05-15,2025-07-23,59,322,60,38,2,0,38.14,901.0,8.44,63,25,1,0.48,0.49,153.34,3.55,7.0,86.93,FIFO,Expiring Soon,-3,2025-07-18,-0.33,79.22,,224,0,0,0,224,5.87,1,0,0
SKU0208,Dairy Product 471,Dairy,B,S001,PT Segar Makmur,WHMDN,Medan - Deli Serdang,BATCH5742,2025-05-06,2025-03-11,2025-05-18,126,646,109,191,0,0,53.05,1.232,12.18,88,35,1,2.61,2.54,1686.9,2.46,15.0,99.19,FIFO,Expiring Soon,1,2025-09-08,-8.46,79.71,,346,0,0,0,346,6.52,1,0,0
SKU0209,Pantry Product 476,Pantry,A,S006,PT Frozen Express,WHSBY,Surabaya - Sidoarjo,BATCH9901,2025-05-16,2025-04-13,2029-12-19,116,247,28,20,0,2,28.52,934.0,8.66,52,23,1,10.36,9.47,2558.77,3.46,7.0,84.47,FEFO,In Stock,0,2025-08-23,-3.38,82.03,,199,0,0,0,199,6.98,0,0,0
SKU0210,Frozen Product 99,Frozen,C,S002,PT Indo Fresh,WHSBY,Surabaya - Sidoarjo,BATCH5215,2025-07-30,2025-06-15,2026-05-23,41,22,11,2,0,1,4.45,149.0,4.94,22,9,3,2.19,2.31,48.1,6.07,3.0,91.82,FIFO,Low Stock,0,2025-09-08,2.95,96.54,,9,0,0,1,9,2.02,0,0,0
SKU0211,Household Product 291,Household,C,S004,PT Nusantara Supplier,WHBDG,Bandung - Rancaekek,BATCH7643,2025-04-06,2025-02-13,2029-11-04,156,16,1,3,1,1,1.32,38.0,12.12,10,6,3,12.44,13.89,199.03,2.48,2.0,99.4,FEFO,In Stock,-2,2025-07-06,-8.81,80.85,,12,0,0,0,12,9.09,0,0,0
SKU0212,Bakery Product 49,Bakery,C,S003,PT Prima Distribusi,WHBDG,Bandung - Rancaekek,BATCH5064,2025-05-10,2025-05-10,2025-05-14,122,289,82,138,1,0,48.26,1.583,5.99,224,79,3,0.97,1.02,281.28,5.01,15.0,72.04,FEFO,Expiring Soon,-3,2025-07-22,8.77,67.55,,69,0,1,1,69,1.43,1,0,0
SKU0213,Beverages Product 489,Beverages,B,S006,PT Frozen Express,WHSBY,Surabaya - Sidoarjo,BATCH1187,2025-04-13,2025-03-28,2029-06-29,149,205,52,12,0,4,26.94,630.0,7.61,211,76,5,6.65,7.31,1364.17,3.94,6.0,78.43,FEFO,Low Stock,3,2025-06-13,4.7,69.93,,141,0,0,1,141,5.23,0,0,0
SKU0214,Beverages Product 239,Beverages,C,S005,PT Agro Raya,WHBDG,Bandung - Rancaekek,BATCH9233,2025-05-29,2025-03-31,2030-04-03,103,54,9,6,0,0,4.35,142.0,12.41,8,4,1,5.93,6.4,320.21,2.42,2.0,87.35,FEFO,In Stock,-3,2025-06-13,-2.77,70.47,Promotional item,39,0,0,0,39,8.97,0,0,0
SKU0215,Bakery Product 114,Bakery,B,S004,PT Nusantara Supplier,WHBDG,Bandung - Rancaekek,BATCH8454,2025-05-10,2025-03-24,2025-05-13,122,529,144,21,1,1,45.01,1.395,11.75,136,46,2,1.61,1.55,849.73,2.55,15.0,72.41,FEFO,Expiring Soon,-2,2025-07-18,-6.03,82.34,,364,0,0,0,364,8.09,1,0,0
SKU0216,Personal Product 388,Personal Care,C,S009,PT Beverage Nusantara,WHBDG,Bandung - Rancaekek,BATCH2341,2025-07-08,2025-06-05,2030-05-01,63,20,10,3,0,1,5.12,160.0,3.91,58,22,7,2.47,2.62,49.37,7.68,5.0,95.95,FEFO,Low Stock,-4,2025-07-04,3.38,85.2,,7,0,1,1,7,1.37,0,0,0
SKU0217,Fresh Product 289,Fresh Produce,C,S002,PT Indo Fresh,WHJKT,Jakarta - Cengkareng,BATCH4312,2025-04-22,2025-03-17,2025-05-03,140,198,54,22,4,0,22.33,843.0,8.87,242,86,7,0.41,0.41,80.84,3.38,7.0,79.69,FIFO,Low Stock,-1,2025-08-19,-2.87,83.57,,122,0,0,1,122,5.46,1,0,0
SKU0218,Pantry Product 60,Pantry,C,S004,PT Nusantara Supplier,WHDPS,Denpasar - Tabanan,BATCH9361,2025-05-07,2025-04-09,2026-11-09,125,61,15,18,1,1,6.29,178.0,9.7,31,12,3,1.1,1.11,67.14,3.09,4.0,92.16,FIFO,In Stock,2,2025-07-13,2.9,70.23,Fragile,28,0,0,1,28,4.45,0,0,0
SKU0219,Frozen Product 30,Frozen,B,S009,PT Beverage Nusantara,WHMDN,Medan - Deli Serdang,BATCH1356,2025-03-21,2025-02-24,2025-12-04,172,169,35,62,6,0,42.61,1.605,3.97,72,29,1,7.28,6.7,1230.15,7.56,19.0,96.9,FEFO,In Stock,-2,2025-09-09,2.0,93.11,,72,0,0,1,72,1.69,0,0,0
SKU0220,Pantry Product 24,Pantry,C,S007,PT Bakerindo,WHSBY,Surabaya - Sidoarjo,BATCH9866,2025-03-14,2025-03-11,2026-07-22,179,216,47,9,0,0,25.75,580.0,8.39,80,28,2,1.73,1.59,374.41,3.58,13.0,95.36,FIFO,In Stock,2,2025-07-11,-6.46,85.94,Fragile,160,0,0,0,160,6.21,0,0,0
SKU0221,Dairy Product 70,Dairy,C,S007,PT Bakerindo,WHSBY,Surabaya - Sidoarjo,BATCH7184,2025-06-04,2025-05-11,2025-06-25,97,187,45,4,1,1,15.41,353.0,12.13,94,32,4,3.87,3.93,723.75,2.47,7.0,96.15,FIFO,Expiring Soon,5,2025-06-14,6.57,91.88,,138,0,0,0,138,8.96,1,0,0
SKU0222,Household Product 69,Household,C,S006,PT Frozen Express,WHJKT,Jakarta - Cengkareng,BATCH7439,2025-07-26,2025-06-23,2029-07-30,45,274,66,11,0,0,19.27,424.0,14.22,298,105,10,1.42,1.33,389.16,2.11,5.0,73.6,FIFO,Low Stock,-2,2025-08-12,9.55,69.71,,197,0,0,1,197,10.22,0,0,0
SKU0223,Beverages Product 153,Beverages,C,S008,PT Hygienic Supplies,WHDPS,Denpasar - Tabanan,BATCH7214,2025-05-24,2025-04-02,2029-05-17,108,62,3,21,1,0,8.19,268.0,7.57,53,20,4,3.44,3.46,213.51,3.96,4.0,79.47,FIFO,In Stock,0,2025-08-09,5.7,75.92,,38,0,0,1,38,4.64,0,0,0
SKU0224,Dairy Product 97,Dairy,A,S002,PT Indo Fresh,WHJKT,Jakarta - Cengkareng,BATCH1256,2025-03-24,2025-03-09,2025-04-13,169,787,112,62,1,4,59.76,1.558,13.17,185,65,2,2.71,3.02,2130.72,2.28,24.0,95.85,FIFO,Expiring Soon,0,2025-09-01,-7.89,91.24,Seasonal SKU,613,0,0,0,613,10.26,1,0,0
SKU0225,Frozen Product 345,Frozen,C,S001,PT Segar Makmur,WHBDG,Bandung - Rancaekek,BATCH8191,2025-08-29,2025-08-15,2026-06-07,11,76,40,18,3,0,13.13,356.0,5.79,100,34,5,6.06,6.54,460.52,5.18,5.0,92.95,FIFO,Low Stock,0,2025-09-02,-7.79,76.88,Promotional item,18,0,1,1,18,1.37,0,0,0
SKU0226,Meat Product 470,Meat,A,S010,PT DailyDairy,WHSBY,Surabaya - Sidoarjo,BATCH4881,2025-04-15,2025-03-27,2025-04-30,147,446,78,27,1,2,39.58,836.0,11.27,238,80,4,6.34,7.06,2826.61,2.66,11.0,79.95,FIFO,Expiring Soon,2,2025-06-17,-8.05,75.33,,341,0,0,0,341,8.62,1,0,0
SKU0227,Bakery Product 141,Bakery,C,S001,PT Segar Makmur,WHDPS,Denpasar - Tabanan,BATCH3869,2025-04-11,2025-03-02,2025-04-18,151,17,3,5,1,3,3.04,110.0,5.59,12,6,2,3.4,3.37,57.74,5.36,3.0,89.88,FEFO,Expiring Soon,-3,2025-06-30,-1.23,72.89,,9,0,0,1,9,2.96,1,0,0
SKU0228,Personal Product 483,Personal Care,A,S007,PT Bakerindo,WHDPS,Denpasar - Tabanan,BATCH7821,2025-06-20,2025-05-25,2030-05-16,81,139,68,32,0,0,22.98,600.0,6.05,178,63,5,21.15,19.11,2940.49,4.96,7.0,84.85,FIFO,Low Stock,-3,2025-08-02,0.24,70.98,,39,0,1,1,39,1.7,0,0,0
SKU0229,Beverages Product 243,Beverages,A,S004,PT Nusantara Supplier,WHBDG,Bandung - Rancaekek,BATCH3365,2025-06-25,2025-05-05,2030-06-13,76,448,180,47,0,0,74.47,1.804,6.02,336,113,3,6.41,5.83,2872.67,4.99,37.0,92.52,FEFO,In Stock,0,2025-09-02,-4.52,74.9,,221,0,0,1,221,2.97,0,0,0
SKU0230,Personal Product 286,Personal Care,B,S009,PT Beverage Nusantara,WHBDG,Bandung - Rancaekek,BATCH5177,2025-06-02,2025-05-20,2027-10-12,99,374,35,66,1,1,24.55,823.0,15.23,76,27,2,2.98,3.02,1116.2,1.97,19.0,83.9,FEFO,In Stock,-4,2025-06-19,0.62,95.11,Fragile,273,0,0,0,273,11.12,0,0,0
SKU0231,Household Product 48,Household,C,S009,PT Beverage Nusantara,WHBDG,Bandung - Rancaekek,BATCH7179,2025-08-27,2025-07-15,2028-02-27,13,0,0,0,0,0,8.19,202.0,0.0,13,5,1,9.71,10.82,0.0,245.7,3.0,95.04,FIFO,Out of Stock,-3,2025-08-31,4.51,80.73,,0,0,1,1,0,0.0,0,0,0
SKU0232,Beverages Product 371,Beverages,C,S009,PT Beverage Nusantara,WHBDG,Bandung - Rancaekek,BATCH6455,2025-05-10,2025-04-21,2027-07-11,122,204,79,43,3,4,26.06,639.0,7.83,161,57,4,3.3,3.42,672.93,3.83,11.0,83.72,FIFO,In Stock,-2,2025-08-13,7.69,66.32,,82,0,0,1,82,3.15,0,0,0
SKU0233,Personal Product 61,Personal Care,B,S008,PT Hygienic Supplies,WHBDG,Bandung - Rancaekek,BATCH4350,2025-03-15,2025-02-18,2029-08-03,178,177,52,33,3,1,18.85,542.0,9.39,90,33,3,5.91,5.6,1045.43,3.19,9.0,91.97,FIFO,In Stock,0,2025-07-01,8.34,71.86,,92,0,0,0,92,4.88,0,0,0
SKU0234,Meat Product 239,Meat,C,S009,PT Beverage Nusantara,WHSBY,Surabaya - Sidoarjo,BATCH6892,2025-06-23,2025-05-22,2025-07-06,78,25,3,1,2,0,2.76,72.0,9.06,21,10,4,6.18,5.85,154.56,3.31,2.0,98.53,FEFO,Expiring Soon,7,2025-07-12,4.99,88.45,Fragile,21,0,0,1,21,7.61,1,0,0
SKU0235,Beverages Product 164,Beverages,A,S004,PT Nusantara Supplier,WHSBY,Surabaya - Sidoarjo,BATCH1749,2025-06-21,2025-05-16,2028-10-15,80,619,56,149,5,1,95.8,2.105,6.46,727,248,5,5.78,6.18,3576.58,4.64,30.0,81.44,FIFO,Low Stock,2,2025-08-22,3.33,60.84,Temperature controlled,414,0,0,1,414,4.32,0,0,0
SKU0236,Personal Product 297,Personal Care,B,S007,PT Bakerindo,WHSBY,Surabaya - Sidoarjo,BATCH6404,2025-08-01,2025-07-18,2027-09-06,39,330,36,23,2,2,18.72,458.0,17.63,62,25,2,3.72,3.81,1226.84,1.7,7.0,94.42,FEFO,In Stock,3,2025-06-29,-6.43,81.11,,271,0,0,0,271,14.48,0,0,0
SKU0237,Frozen Product 336,Frozen,A,S006,PT Frozen Express,WHSBY,Surabaya - Sidoarjo,BATCH9037,2025-05-07,2025-04-08,2026-05-07,125,423,6,86,2,1,39.87,976.0,10.61,307,108,5,6.18,6.7,2613.76,2.83,15.0,72.99,FIFO,In Stock,1,2025-07-26,-3.87,63.52,,331,0,0,0,331,8.3,0,0,0
SKU0238,Beverages Product 251,Beverages,A,S003,PT Prima Distribusi,WHDPS,Denpasar - Tabanan,BATCH9584,2025-03-29,2025-03-27,2026-07-27,164,588,160,166,0,0,81.53,2.58,7.21,621,213,5,6.38,7.29,3749.56,4.16,31.0,87.77,FIFO,Low Stock,-2,2025-06-16,4.55,67.3,Seasonal SKU,262,0,0,1,262,3.21,0,0,0
SKU0239,Bakery Product 432,Bakery,B,S004,PT Nusantara Supplier,WHJKT,Jakarta - Cengkareng,BATCH4583,2025-08-02,2025-07-01,2025-08-04,38,421,3,78,0,1,38.42,1.006,10.96,121,44,2,2.21,2.41,932.22,2.74,12.0,71.21,FEFO,Expiring Soon,-1,2025-07-24,6.1,87.54,Temperature controlled,340,0,0,0,340,8.85,1,0,0
SKU0240,Personal Product 338,Personal Care,C,S008,PT Hygienic Supplies,WHJKT,Jakarta - Cengkareng,BATCH7739,2025-09-08,2025-09-08,2029-09-01,1,147,24,5,1,0,15.96,366.0,9.21,57,25,2,1.53,1.46,224.41,3.26,5.0,87.02,FIFO,In Stock,3,2025-07-04,-0.33,91.82,,118,0,0,0,118,7.39,0,0,0
SKU0241,Pantry Product 147,Pantry,C,S001,PT Segar Makmur,WHDPS,Denpasar - Tabanan,BATCH8054,2025-03-15,2025-01-23,2029-12-24,178,30,3,2,2,2,2.06,66.0,14.56,6,4,1,2.05,2.29,61.57,2.06,1.0,81.93,FIFO,In Stock,-4,2025-08-27,-3.08,93.62,,25,0,0,0,25,12.14,0,0,0
SKU0242,Pantry Product 124,Pantry,A,S004,PT Nusantara Supplier,WHDPS,Denpasar - Tabanan,BATCH6807,2025-04-28,2025-04-11,2027-09-26,134,335,124,43,1,1,26.19,700.0,12.79,277,94,7,14.9,15.11,4991.84,2.35,11.0,70.47,FEFO,In Stock,-5,2025-08-30,-0.36,95.14,,168,0,0,1,168,6.41,0,0,0
SKU0243,Bakery Product 290,Bakery,C,S004,PT Nusantara Supplier,WHBDG,Bandung - Rancaekek,BATCH2320,2025-06-25,2025-05-15,2025-07-02,76,199,61,55,2,0,28.26,923.0,7.04,177,64,4,3.87,4.05,770.71,4.26,11.0,76.66,FIFO,Expiring Soon,0,2025-08-29,5.33,94.17,,83,0,0,1,83,2.94,1,0,0
SKU0244,Bakery Product 244,Bakery,C,S001,PT Segar Makmur,WHJKT,Jakarta - Cengkareng,BATCH2354,2025-03-14,2025-02-11,2025-03-17,179,48,0,6,2,0,5.7,124.0,8.42,21,10,2,2.66,2.95,127.59,3.56,4.0,98.82,FEFO,Expiring Soon,0,2025-06-19,6.17,79.2,,42,0,0,0,42,7.37,1,0,0
SKU0245,Pantry Product 440,Pantry,C,S002,PT Indo Fresh,WHDPS,Denpasar - Tabanan,BATCH4463,2025-08-30,2025-07-04,2027-12-13,10,215,27,18,1,1,13.91,308.0,15.46,91,35,4,3.05,3.28,655.3,1.94,9.0,95.65,FEFO,In Stock,-2,2025-08-06,5.31,74.71,Seasonal SKU,170,0,0,0,170,12.22,0,0,0
SKU0246,Beverages Product 144,Beverages,B,S009,PT Beverage Nusantara,WHDPS,Denpasar - Tabanan,BATCH3938,2025-03-25,2025-01-25,2026-05-31,168,692,85,86,0,0,94.87,2.802,7.29,571,192,4,1.61,1.75,1113.5,4.11,30.0,71.69,FEFO,In Stock,4,2025-09-07,-5.43,66.38,,521,0,0,1,521,5.49,0,0,0
SKU0247,Pantry Product 386,Pantry,A,S007,PT Bakerindo,WHJKT,Jakarta - Cengkareng,BATCH4939,2025-06-25,2025-05-20,2027-05-23,76,299,24,16,0,2,26.65,920.0,11.22,209,76,5,8.87,9.29,2653.51,2.67,16.0,70.9,FEFO,In Stock,5,2025-06-15,-4.87,71.81,,259,0,0,0,259,9.72,0,0,0
SKU0248,Seafood Product 387,Seafood,A,S003,PT Prima Distribusi,WHJKT,Jakarta - Cengkareng,BATCH1879,2025-05-04,2025-04-28,2025-05-12,128,205,40,17,0,0,26.35,695.0,7.78,124,45,3,11.45,12.76,2347.13,3.86,10.0,83.58,FEFO,Expiring Soon,-4,2025-08-11,-3.9,89.64,,148,0,0,0,148,5.62,1,0,0
SKU0249,Seafood Product 394,Seafood,A,S010,PT DailyDairy,WHDPS,Denpasar - Tabanan,BATCH1485,2025-05-31,2025-04-21,2025-06-08,101,180,88,41,1,0,29.53,944.0,6.1,183,65,4,11.23,11.39,2020.63,4.92,12.0,96.27,FEFO,Low Stock,-3,2025-07-14,-4.19,81.6,,51,0,1,1,51,1.73,1,0,0
SKU0250,Seafood Product 482,Seafood,B,S007,PT Bakerindo,WHMDN,Medan - Deli Serdang,BATCH2404,2025-07-24,2025-06-05,2025-08-02,47,166,27,30,1,2,14.7,326.0,11.29,93,34,4,5.42,5.4,898.96,2.66,6.0,80.24,FEFO,Expiring Soon,2,2025-08-09,-1.05,62.82,,109,0,0,0,109,7.41,1,0,0
SKU0251,Fresh Product 79,Fresh Produce,B,S007,PT Bakerindo,WHBDG,Bandung - Rancaekek,BATCH6909,2025-06-02,2025-05-27,2025-06-10,99,555,126,179,4,0,51.89,1.774,10.7,787,268,10,2.05,1.85,1136.2,2.8,15.0,85.73,FIFO,Low Stock,3,2025-09-09,-4.85,97.83,,250,0,1,1,250,4.82,1,0,0
SKU0252,Frozen Product 390,Frozen,C,S005,PT Agro Raya,WHJKT,Jakarta - Cengkareng,BATCH4070,2025-08-07,2025-07-11,2026-02-25,33,202,19,17,0,2,10.12,358.0,19.96,78,27,5,3.84,3.54,775.58,1.5,4.0,74.23,FEFO,In Stock,-4,2025-06-30,3.36,72.84,,166,0,0,0,166,16.4,0,0,0
SKU0253,Bakery Product 14,Bakery,C,S002,PT Indo Fresh,WHSBY,Surabaya - Sidoarjo,BATCH6315,2025-04-21,2025-02-25,2025-04-23,141,226,31,26,3,1,15.2,421.0,14.87,115,39,5,1.15,1.2,259.65,2.02,8.0,96.42,FEFO,Expiring Soon,-1,2025-09-08,7.36,63.51,,169,0,0,0,169,11.12,1,0,0
SKU0254,Bakery Product 44,Bakery,B,S009,PT Beverage Nusantara,WHBDG,Bandung - Rancaekek,BATCH3778,2025-04-16,2025-03-04,2025-04-22,146,365,0,12,1,0,32.71,715.0,11.16,252,88,5,3.88,3.6,1417.37,2.69,14.0,92.53,FEFO,Expiring Soon,2,2025-08-19,6.44,96.04,Promotional item,353,0,0,0,353,10.79,1,0,0
SKU0255,Meat Product 75,Meat,A,S002,PT Indo Fresh,WHBDG,Bandung - Rancaekek,BATCH7899,2025-05-21,2025-05-02,2025-06-03,111,595,74,33,0,0,31.62,1.003,18.82,51,19,1,6.9,7.26,4104.25,1.59,11.0,73.95,FEFO,Expiring Soon,4,2025-08-31,-8.23,88.1,,488,0,0,0,488,15.43,1,0,0
SKU0256,Personal Product 370,Personal Care,C,S008,PT Hygienic Supplies,WHDPS,Denpasar - Tabanan,BATCH8501,2025-04-05,2025-03-30,2027-05-10,157,21,2,6,2,1,2.74,58.0,7.66,11,8,1,23.85,25.73,500.78,3.91,1.0,95.55,FIFO,In Stock,6,2025-08-02,-4.58,79.35,Fragile,13,0,0,0,13,4.74,0,0,0
SKU0257,Seafood Product 318,Seafood,C,S007,PT Bakerindo,WHSBY,Surabaya - Sidoarjo,BATCH8055,2025-05-20,2025-03-29,2025-05-28,112,35,19,8,0,2,13.13,438.0,2.67,48,22,2,13.33,14.59,466.57,11.25,3.0,82.07,FIFO,Low Stock,4,2025-08-02,7.17,71.89,,8,0,1,1,8,0.61,1,0,0
SKU0258,Personal Product 103,Personal Care,B,S008,PT Hygienic Supplies,WHSBY,Surabaya - Sidoarjo,BATCH6228,2025-07-26,2025-07-08,2028-10-18,45,122,53,15,2,4,17.64,516.0,6.92,87,34,3,8.44,9.51,1029.16,4.34,3.0,77.69,FEFO,In Stock,2,2025-06-28,7.04,75.08,,54,0,0,1,54,3.06,0,0,0
SKU0259,Seafood Product 144,Seafood,A,S007,PT Bakerindo,WHSBY,Surabaya - Sidoarjo,BATCH9939,2025-08-11,2025-07-31,2025-08-17,29,235,15,23,1,0,21.94,482.0,10.71,40,18,1,8.74,8.51,2053.34,2.8,8.0,88.54,FIFO,Expiring Soon,5,2025-07-12,8.59,76.95,,197,0,0,0,197,8.98,1,0,0
SKU0260,Dairy Product 409,Dairy,C,S005,PT Agro Raya,WHJKT,Jakarta - Cengkareng,BATCH9180,2025-05-28,2025-05-20,2025-06-25,104,85,10,12,2,0,5.21,161.0,16.31,17,7,2,2.2,2.34,187.31,1.84,3.0,73.08,FEFO,Expiring Soon,-1,2025-08-10,-8.37,65.07,,63,0,0,0,63,12.09,1,0,0
SKU0261,Dairy Product 217,Dairy,C,S007,PT Bakerindo,WHJKT,Jakarta - Cengkareng,BATCH8851,2025-05-18,2025-04-11,2025-06-13,114,27,27,0,0,0,53.0,1.361,0.51,561,190,7,1.27,1.34,34.17,58.89,27.0,94.63,FEFO,Low Stock,-2,2025-07-03,-8.49,74.63,,0,0,1,1,0,0.0,1,0,0
SKU0262,Personal Product 355,Personal Care,C,S007,PT Bakerindo,WHDPS,Denpasar - Tabanan,BATCH9796,2025-08-31,2025-07-24,2028-09-05,9,23,10,0,2,1,3.7,79.0,6.22,81,29,14,17.85,19.58,410.45,4.83,4.0,77.53,FIFO,Low Stock,3,2025-08-27,2.06,63.49,,13,0,1,1,13,3.51,0,0,0
SKU0263,Pantry Product 182,Pantry,B,S003,PT Prima Distribusi,WHDPS,Denpasar - Tabanan,BATCH7547,2025-08-29,2025-07-12,2029-10-25,11,103,55,48,2,2,22.8,694.0,4.52,242,82,7,11.59,11.79,1193.54,6.64,10.0,89.34,FEFO,Low Stock,1,2025-07-16,8.57,62.51,Seasonal SKU,0,0,1,1,0,0.0,0,0,0
SKU0264,Meat Product 262,Meat,C,S009,PT Beverage Nusantara,WHDPS,Denpasar - Tabanan,BATCH8303,2025-04-14,2025-03-22,2025-04-26,148,71,5,42,1,1,24.71,605.0,2.87,265,92,7,1.92,2.13,136.17,10.44,9.0,92.32,FEFO,Low Stock,-1,2025-07-12,7.54,63.87,,24,0,1,1,24,0.97,1,0,0
SKU0265,Pantry Product 257,Pantry,C,S003,PT Prima Distribusi,WHSBY,Surabaya - Sidoarjo,BATCH2712,2025-09-03,2025-08-16,2029-05-18,6,51,9,10,0,1,6.41,175.0,7.96,73,28,7,8.86,8.08,451.95,3.77,2.0,91.69,FEFO,Low Stock,-1,2025-08-30,1.46,82.66,High return rate,32,0,0,1,32,4.99,0,0,0
SKU0266,Seafood Product 176,Seafood,A,S008,PT Hygienic Supplies,WHBDG,Bandung - Rancaekek,BATCH6706,2025-04-29,2025-03-30,2025-05-09,133,238,56,16,0,1,17.84,434.0,13.34,29,11,1,10.13,10.83,2411.75,2.25,10.0,88.89,FIFO,Expiring Soon,-3,2025-07-15,7.17,64.01,,166,0,0,0,166,9.3,1,0,0
SKU0267,Frozen Product 35,Frozen,B,S005,PT Agro Raya,WHJKT,Jakarta - Cengkareng,BATCH6620,2025-08-11,2025-07-01,2026-02-12,29,494,73,96,0,0,47.98,1.803,10.3,150,54,2,3.2,3.38,1580.36,2.91,13.0,92.23,FIFO,In Stock,-2,2025-06-15,-9.04,97.09,,325,0,0,0,325,6.77,0,0,0
SKU0268,Personal Product 380,Personal Care,C,S004,PT Nusantara Supplier,WHDPS,Denpasar - Tabanan,BATCH3623,2025-07-27,2025-07-06,2029-08-30,44,55,55,0,1,1,22.48,616.0,2.45,342,117,10,6.56,6.57,360.72,12.26,9.0,83.36,FEFO,Low Stock,3,2025-07-12,9.68,81.45,,0,0,1,1,0,0.0,0,0,0
SKU0269,Bakery Product 95,Bakery,B,S003,PT Prima Distribusi,WHMDN,Medan - Deli Serdang,BATCH4232,2025-05-31,2025-05-03,2025-06-02,101,304,68,44,0,0,48.35,1.409,6.29,81,33,1,3.81,3.92,1158.24,4.77,22.0,72.56,FEFO,Expiring Soon,0,2025-07-22,0.27,87.88,High return rate,192,0,0,0,192,3.97,1,0,0
SKU0270,Dairy Product 386,Dairy,C,S002,PT Indo Fresh,WHDPS,Denpasar - Tabanan,BATCH4063,2025-08-14,2025-07-22,2025-09-07,26,108,13,9,1,3,12.4,292.0,8.71,25,13,1,1.56,1.44,168.25,3.44,3.0,83.78,FEFO,Expiring Soon,-2,2025-08-15,-6.56,76.14,,86,0,0,0,86,6.94,1,0,0
SKU0271,Meat Product 442,Meat,C,S008,PT Hygienic Supplies,WHDPS,Denpasar - Tabanan,BATCH7367,2025-03-30,2025-02-19,2025-04-14,163,67,13,18,1,0,10.6,308.0,6.32,55,23,3,8.7,8.3,582.85,4.75,6.0,70.11,FEFO,Expiring Soon,0,2025-06-26,-8.43,95.74,Promotional item,36,0,0,1,36,3.4,1,0,0
SKU0272,Household Product 317,Household,C,S003,PT Prima Distribusi,WHSBY,Surabaya - Sidoarjo,BATCH2388,2025-04-05,2025-02-21,2029-07-26,157,107,10,2,1,3,7.64,242.0,14.01,35,12,3,3.67,4.06,392.68,2.14,1.0,96.83,FIFO,In Stock,3,2025-07-31,-5.3,64.08,Promotional item,95,0,0,0,95,12.43,0,0,0
SKU0273,Fresh Product 192,Fresh Produce,C,S003,PT Prima Distribusi,WHDPS,Denpasar - Tabanan,BATCH3258,2025-06-02,2025-04-27,2025-06-11,99,891,51,196,2,0,66.48,2.332,13.4,108,42,1,0.89,0.82,795.84,2.24,20.0,81.78,FEFO,Expiring Soon,0,2025-07-17,4.69,67.74,,644,0,0,0,644,9.69,1,0,0
SKU0274,Pantry Product 356,Pantry,B,S003,PT Prima Distribusi,WHDPS,Denpasar - Tabanan,BATCH5732,2025-07-29,2025-07-21,2029-04-26,42,193,36,43,0,0,15.92,616.0,12.12,169,58,7,6.46,6.31,1246.45,2.47,6.0,88.73,FIFO,In Stock,2,2025-07-31,-0.34,73.71,,114,0,0,1,114,7.16,0,0,0
SKU0275,Pantry Product 444,Pantry,B,S006,PT Frozen Express,WHJKT,Jakarta - Cengkareng,BATCH4196,2025-05-08,2025-03-17,2027-02-11,124,148,19,23,0,1,11.0,273.0,13.45,35,13,2,12.93,12.98,1913.09,2.23,4.0,95.12,FEFO,In Stock,2,2025-06-30,-7.11,87.97,,106,0,0,0,106,9.64,0,0,0
SKU0276,Frozen Product 351,Frozen,B,S008,PT Hygienic Supplies,WHMDN,Medan - Deli Serdang,BATCH3740,2025-05-19,2025-05-14,2026-03-20,113,166,52,7,0,1,21.53,833.0,7.71,104,39,3,7.05,7.66,1169.72,3.89,6.0,91.8,FIFO,In Stock,6,2025-08-12,-7.09,74.55,,107,0,0,0,107,4.97,0,0,0
SKU0277,Meat Product 276,Meat,C,S005,PT Agro Raya,WHBDG,Bandung - Rancaekek,BATCH9369,2025-05-15,2025-05-08,2025-06-04,117,236,39,35,0,2,22.57,766.0,10.46,103,35,3,1.81,1.88,426.29,2.87,11.0,81.09,FIFO,Expiring Soon,5,2025-08-06,8.34,82.28,,162,0,0,0,162,7.18,1,0,0
SKU0278,Household Product 188,Household,C,S009,PT Beverage Nusantara,WHJKT,Jakarta - Cengkareng,BATCH4580,2025-05-20,2025-04-23,2029-06-11,112,204,22,11,1,0,12.84,497.0,15.89,60,21,3,2.43,2.62,496.39,1.89,5.0,89.12,FIFO,In Stock,-1,2025-06-18,-1.62,85.32,,171,0,0,0,171,13.32,0,0,0
SKU0279,Meat Product 17,Meat,B,S008,PT Hygienic Supplies,WHSBY,Surabaya - Sidoarjo,BATCH8193,2025-06-12,2025-04-18,2025-06-19,89,373,90,69,0,1,29.27,1.139,12.74,46,17,1,4.08,3.69,1520.83,2.35,9.0,77.93,FIFO,Expiring Soon,0,2025-08-10,-1.86,90.42,,214,0,0,0,214,7.31,1,0,0
SKU0280,Beverages Product 353,Beverages,A,S006,PT Frozen Express,WHDPS,Denpasar - Tabanan,BATCH3719,2025-04-01,2025-02-21,2028-08-24,161,961,167,238,3,0,86.1,3.065,11.16,134,48,1,7.98,8.43,7672.82,2.69,41.0,92.77,FIFO,In Stock,2,2025-08-14,-3.82,75.21,,556,0,0,0,556,6.46,0,0,0
SKU0281,Household Product 292,Household,B,S006,PT Frozen Express,WHDPS,Denpasar - Tabanan,BATCH9827,2025-06-30,2025-06-20,2029-11-03,71,136,46,34,5,2,18.05,589.0,7.53,59,23,2,9.94,9.07,1351.24,3.98,4.0,86.72,FEFO,In Stock,1,2025-06-11,-7.0,60.64,,56,0,0,1,56,3.1,0,0,0
SKU0282,Pantry Product 488,Pantry,C,S009,PT Beverage Nusantara,WHJKT,Jakarta - Cengkareng,BATCH1971,2025-08-06,2025-07-20,2028-11-25,34,37,37,0,2,0,20.31,623.0,1.82,155,53,5,14.0,15.28,518.16,16.47,7.0,70.92,FIFO,Low Stock,0,2025-06-12,-5.8,92.68,,0,0,1,1,0,0.0,0,0,0
SKU0283,Meat Product 365,Meat,B,S006,PT Frozen Express,WHBDG,Bandung - Rancaekek,BATCH9019,2025-03-20,2025-03-11,2025-04-06,173,320,61,91,0,0,25.65,943.0,12.48,274,94,7,2.75,2.77,881.34,2.4,11.0,95.56,FEFO,Expiring Soon,0,2025-06-21,7.07,64.9,,168,0,0,1,168,6.55,1,0,0
SKU0284,Frozen Product 325,Frozen,C,S002,PT Indo Fresh,WHMDN,Medan - Deli Serdang,BATCH7046,2025-05-01,2025-04-02,2026-01-07,131,42,14,20,3,0,8.1,222.0,5.19,13,5,1,5.16,4.74,216.51,5.79,5.0,71.64,FEFO,In Stock,2,2025-07-30,-6.17,80.11,,8,0,0,1,8,0.99,0,0,0
SKU0285,Household Product 434,Household,B,S002,PT Indo Fresh,WHMDN,Medan - Deli Serdang,BATCH6869,2025-03-31,2025-02-05,2029-12-20,162,128,27,25,0,1,12.17,323.0,10.52,81,32,4,11.31,12.86,1447.26,2.85,5.0,98.48,FIFO,In Stock,7,2025-07-03,-3.9,61.34,,76,0,0,1,76,6.24,0,0,0
SKU0286,Personal Product 423,Personal Care,C,S004,PT Nusantara Supplier,WHMDN,Medan - Deli Serdang,BATCH5646,2025-07-03,2025-06-12,2028-04-24,68,64,2,5,2,2,7.2,178.0,8.89,60,24,5,9.62,9.67,615.71,3.38,1.0,95.15,FIFO,In Stock,1,2025-06-29,5.52,88.2,,57,0,0,1,57,7.92,0,0,0
SKU0287,Household Product 458,Household,B,S001,PT Segar Makmur,WHJKT,Jakarta - Cengkareng,BATCH8529,2025-08-15,2025-08-14,2030-02-17,25,269,19,37,3,1,17.61,472.0,15.28,28,10,1,4.36,4.49,1174.13,1.96,5.0,91.49,FIFO,In Stock,0,2025-08-20,-5.31,61.32,,213,0,0,0,213,12.1,0,0,0
SKU0288,Fresh Product 491,Fresh Produce,C,S007,PT Bakerindo,WHBDG,Bandung - Rancaekek,BATCH5945,2025-03-17,2025-03-07,2025-03-22,176,180,22,32,1,1,20.16,743.0,8.93,128,47,4,1.46,1.36,263.11,3.36,11.0,92.32,FEFO,Expiring Soon,0,2025-08-29,1.76,67.41,,126,0,0,1,126,6.25,1,0,0
SKU0289,Meat Product 191,Meat,C,S003,PT Prima Distribusi,WHJKT,Jakarta - Cengkareng,BATCH4836,2025-05-31,2025-05-04,2025-06-14,101,36,3,6,2,0,3.04,65.0,11.84,21,12,3,2.5,2.38,90.0,2.53,2.0,83.28,FIFO,Expiring Soon,-2,2025-06-11,4.91,87.74,High return rate,27,0,0,0,27,8.88,1,0,0
SKU0290,Frozen Product 68,Frozen,C,S010,PT DailyDairy,WHBDG,Bandung - Rancaekek,BATCH8291,2025-04-30,2025-04-30,2026-04-19,132,135,87,7,0,1,29.19,787.0,4.62,134,46,3,2.43,2.73,328.46,6.49,6.0,80.62,FIFO,In Stock,0,2025-06-12,-9.8,87.48,,41,0,1,1,41,1.4,0,0,0
SKU0291,Dairy Product 441,Dairy,C,S007,PT Bakerindo,WHBDG,Bandung - Rancaekek,BATCH4751,2025-05-10,2025-04-16,2025-05-19,122,180,52,41,1,0,17.64,590.0,10.2,266,90,10,1.09,1.06,195.73,2.94,6.0,93.03,FIFO,Low Stock,-2,2025-08-27,5.78,69.25,Promotional item,87,0,1,1,87,4.93,1,0,0
SKU0292,Personal Product 71,Personal Care,B,S007,PT Bakerindo,WHBDG,Bandung - Rancaekek,BATCH3340,2025-03-29,2025-03-25,2030-01-13,164,87,34,16,2,0,10.75,350.0,8.09,53,21,3,9.23,9.59,803.16,3.71,6.0,92.33,FIFO,In Stock,-6,2025-06-23,-6.51,84.73,,37,0,0,1,37,3.44,0,0,0
SKU0293,Frozen Product 370,Frozen,C,S004,PT Nusantara Supplier,WHBDG,Bandung - Rancaekek,BATCH8248,2025-05-27,2025-04-02,2026-04-29,105,126,28,14,0,2,10.01,304.0,12.59,38,18,2,5.25,4.87,661.12,2.38,3.0,95.47,FIFO,In Stock,-2,2025-08-29,-2.23,67.24,,84,0,0,0,84,8.39,0,0,0
SKU0294,Dairy Product 64,Dairy,B,S010,PT DailyDairy,WHMDN,Medan - Deli Serdang,BATCH6152,2025-06-12,2025-04-23,2025-07-02,89,579,132,50,2,0,54.27,1.668,10.67,577,197,7,1.89,2.07,1094.89,2.81,19.0,81.33,FIFO,Expiring Soon,5,2025-08-09,2.44,90.55,,397,0,0,1,397,7.32,1,0,0
SKU0295,Fresh Product 284,Fresh Produce,C,S010,PT DailyDairy,WHDPS,Denpasar - Tabanan,BATCH1439,2025-04-07,2025-02-12,2025-04-14,155,161,16,19,0,0,15.62,532.0,10.31,119,41,5,1.28,1.45,205.73,2.91,8.0,85.52,FEFO,Expiring Soon,-1,2025-08-14,-3.61,71.84,,126,0,0,0,126,8.07,1,0,0
SKU0296,Frozen Product 383,Frozen,A,S007,PT Bakerindo,WHSBY,Surabaya - Sidoarjo,BATCH4921,2025-03-28,2025-02-25,2025-10-07,165,351,44,11,2,2,19.36,532.0,18.13,296,102,10,6.66,6.52,2338.22,1.65,10.0,82.43,FEFO,In Stock,-2,2025-08-26,-8.31,62.92,,296,0,0,1,296,15.29,0,1,0
SKU0297,Pantry Product 37,Pantry,C,S009,PT Beverage Nusantara,WHJKT,Jakarta - Cengkareng,BATCH3162,2025-06-09,2025-05-16,2028-03-18,92,73,7,8,0,0,4.65,121.0,15.7,11,6,1,1.69,1.79,123.19,1.91,3.0,85.29,FEFO,In Stock,2,2025-07-25,6.49,97.24,,58,0,0,0,58,12.47,0,0,0
SKU0298,Dairy Product 242,Dairy,C,S002,PT Indo Fresh,WHJKT,Jakarta - Cengkareng,BATCH1225,2025-04-12,2025-03-27,2025-04-21,150,56,56,0,2,1,35.45,1.255,1.58,61,26,1,0.92,1.04,51.53,18.99,13.0,97.02,FIFO,Low Stock,1,2025-09-04,0.83,84.02,,0,0,1,1,0,0.0,1,0,0
SKU0299,Personal Product 204,Personal Care,B,S009,PT Beverage Nusantara,WHSBY,Surabaya - Sidoarjo,BATCH9209,2025-04-02,2025-02-12,2030-03-31,160,92,16,18,1,4,5.62,121.0,16.37,38,16,4,15.5,17.7,1426.16,1.83,4.0,78.25,FEFO,In Stock,0,2025-07-17,7.8,69.37,,58,0,0,0,58,10.32,0,0,0
SKU0300,Fresh Product 275,Fresh Produce,C,S009,PT Beverage Nusantara,WHDPS,Denpasar - Tabanan,BATCH2369,2025-08-01,2025-07-13,2025-08-08,39,186,17,17,3,0,11.61,366.0,16.02,42,19,2,1.54,1.74,286.98,1.87,3.0,82.21,FIFO,Expiring Soon,-5,2025-07-06,-1.19,96.49,,152,0,0,0,152,13.09,1,0,0
SKU0301,Personal Product 80,Personal Care,B,S009,PT Beverage Nusantara,WHSBY,Surabaya - Sidoarjo,BATCH2083,2025-06-01,2025-05-13,2029-09-14,100,142,26,23,1,0,18.95,445.0,7.49,66,28,2,7.69,8.34,1092.18,4.0,7.0,91.68,FEFO,In Stock,0,2025-08-10,5.95,72.78,Seasonal SKU,93,0,0,0,93,4.91,0,0,0
SKU0302,Personal Product 60,Personal Care,B,S008,PT Hygienic Supplies,WHDPS,Denpasar - Tabanan,BATCH6067,2025-04-07,2025-02-24,2026-07-28,155,137,16,4,2,3,12.78,491.0,10.72,274,95,14,6.53,6.31,894.34,2.8,5.0,79.45,FIFO,Low Stock,4,2025-08-25,-9.58,78.4,High return rate,117,0,0,1,117,9.15,0,0,0
SKU0303,Beverages Product 84,Beverages,C,S008,PT Hygienic Supplies,WHSBY,Surabaya - Sidoarjo,BATCH5247,2025-04-29,2025-04-19,2029-03-23,133,91,76,15,2,1,20.74,569.0,4.39,63,22,2,7.27,8.27,661.74,6.84,14.0,81.97,FEFO,In Stock,-1,2025-08-24,-0.26,69.93,,0,0,1,1,0,0.0,0,0,0
SKU0304,Household Product 376,Household,C,S002,PT Indo Fresh,WHJKT,Jakarta - Cengkareng,BATCH5456,2025-06-16,2025-05-14,2028-11-11,85,30,0,3,0,0,3.14,78.0,9.55,16,10,2,19.42,19.48,582.71,3.14,1.0,72.36,FIFO,In Stock,0,2025-08-07,-5.65,89.66,,27,0,0,0,27,8.6,0,0,0
SKU0305,Pantry Product 40,Pantry,C,S008,PT Hygienic Supplies,WHMDN,Medan - Deli Serdang,BATCH1908,2025-05-02,2025-04-01,2028-05-08,130,13,2,2,2,0,1.29,47.0,10.08,3,2,1,7.27,8.08,94.57,2.98,2.0,76.66,FIFO,In Stock,2,2025-07-24,5.98,87.63,,9,0,0,0,9,6.98,0,0,0
SKU0306,Beverages Product 458,Beverages,B,S010,PT DailyDairy,WHJKT,Jakarta - Cengkareng,BATCH1042,2025-07-13,2025-07-11,2029-05-20,58,661,243,134,0,0,79.67,2.698,8.3,1,406,10,1.85,1.82,1224.17,3.62,25.0,98.89,FIFO,Low Stock,3,2025-08-09,-5.59,83.69,Promotional item,284,0,1,0,284,3.56,0,0,0
SKU0307,Bakery Product 77,Bakery,B,S003,PT Prima Distribusi,WHJKT,Jakarta - Cengkareng,BATCH7870,2025-04-21,2025-04-07,2025-04-28,141,633,55,32,1,2,48.02,1.054,13.18,217,73,3,2.94,2.65,1859.31,2.28,26.0,79.54,FEFO,Expiring Soon,3,2025-08-09,5.22,88.69,,546,0,0,0,546,11.37,1,0,0
SKU0308,Beverages Product 139,Beverages,C,S002,PT Indo Fresh,WHDPS,Denpasar - Tabanan,BATCH9225,2025-06-06,2025-04-24,2027-02-05,95,488,58,119,2,0,58.54,1.9,8.34,273,97,3,1.63,1.78,797.25,3.6,25.0,81.1,FIFO,In Stock,5,2025-08-18,1.0,97.04,,311,0,0,0,311,5.31,0,0,0
SKU0309,Frozen Product 24,Frozen,A,S007,PT Bakerindo,WHJKT,Jakarta - Cengkareng,BATCH6090,2025-05-13,2025-04-23,2026-01-20,119,329,58,39,1,0,26.15,763.0,12.58,118,40,3,7.48,7.61,2460.62,2.38,11.0,93.81,FIFO,In Stock,3,2025-07-01,-9.02,71.46,,232,0,0,0,232,8.87,0,0,0
SKU0310,Bakery Product 150,Bakery,C,S010,PT DailyDairy,WHSBY,Surabaya - Sidoarjo,BATCH8600,2025-04-03,2025-03-11,2025-04-06,159,112,9,14,1,0,10.82,266.0,10.35,123,47,7,2.33,2.24,261.13,2.9,4.0,84.31,FEFO,Low Stock,1,2025-08-15,-9.27,74.11,,89,0,0,1,89,8.23,1,0,0
SKU0311,Pantry Product 408,Pantry,A,S004,PT Nusantara Supplier,WHBDG,Bandung - Rancaekek,BATCH1391,2025-09-08,2025-08-25,2028-12-25,1,291,37,50,4,1,24.73,670.0,11.77,190,66,5,8.25,7.71,2400.81,2.55,14.0,95.52,FEFO,In Stock,5,2025-06-20,3.32,94.46,,204,0,0,0,204,8.25,0,0,0
SKU0312,Household Product 487,Household,C,S006,PT Frozen Express,WHJKT,Jakarta - Cengkareng,BATCH6038,2025-03-25,2025-03-19,2028-05-03,168,35,2,2,3,0,4.39,163.0,7.97,7,3,1,6.75,7.04,236.32,3.76,3.0,73.84,FIFO,In Stock,-3,2025-07-04,-1.16,88.76,,31,0,0,0,31,7.06,0,0,0
SKU0313,Bakery Product 493,Bakery,C,S001,PT Segar Makmur,WHBDG,Bandung - Rancaekek,BATCH1719,2025-06-30,2025-05-03,2025-07-02,71,265,155,110,6,2,57.12,1.612,4.64,430,144,5,1.71,1.86,453.07,6.47,22.0,93.57,FIFO,Low Stock,7,2025-07-05,-9.65,71.3,,0,0,1,1,0,0.0,1,0,0
SKU0314,Personal Product 235,Personal Care,B,S002,PT Indo Fresh,WHDPS,Denpasar - Tabanan,BATCH3187,2025-08-16,2025-07-07,2029-06-16,24,66,11,36,2,0,10.97,388.0,6.02,51,18,3,20.14,19.65,1328.91,4.99,3.0,84.7,FEFO,In Stock,0,2025-08-31,-9.5,70.15,,19,0,0,1,19,1.73,0,0,0
SKU0315,Fresh Product 340,Fresh Produce,C,S003,PT Prima Distribusi,WHBDG,Bandung - Rancaekek,BATCH6161,2025-06-27,2025-04-29,2025-07-04,74,254,25,27,4,1,21.37,483.0,11.89,131,46,4,1.27,1.16,321.34,2.52,8.0,86.61,FEFO,Expiring Soon,-4,2025-06-12,6.55,72.82,,202,0,0,0,202,9.45,1,0,0
SKU0316,Seafood Product 232,Seafood,C,S005,PT Agro Raya,WHBDG,Bandung - Rancaekek,BATCH3230,2025-08-21,2025-07-03,2025-08-27,19,15,2,1,3,1,1.11,25.0,13.51,12,6,5,14.27,14.3,214.04,2.22,3.0,99.48,FIFO,Expiring Soon,0,2025-08-21,-4.25,60.05,Fragile,12,0,0,1,12,10.81,1,0,0
SKU0317,Frozen Product 209,Frozen,C,S002,PT Indo Fresh,WHDPS,Denpasar - Tabanan,BATCH8404,2025-06-10,2025-05-22,2026-01-29,91,136,26,37,0,0,15.46,567.0,8.8,236,81,10,3.01,2.88,409.07,3.41,7.0,80.47,FEFO,Low Stock,-2,2025-08-07,7.63,84.17,,73,0,1,1,73,4.72,0,0,0
SKU0318,Fresh Product 414,Fresh Produce,B,S005,PT Agro Raya,WHDPS,Denpasar - Tabanan,BATCH6370,2025-08-30,2025-08-21,2025-09-05,10,621,46,81,1,1,42.74,1.093,14.53,262,91,4,1.36,1.27,844.68,2.06,11.0,72.91,FIFO,Expiring Soon,1,2025-08-09,-7.87,97.93,,494,0,0,0,494,11.56,1,0,0
SKU0319,Bakery Product 26,Bakery,B,S005,PT Agro Raya,WHSBY,Surabaya - Sidoarjo,BATCH7625,2025-07-27,2025-06-03,2025-07-29,44,554,8,93,1,0,45.07,1.138,12.29,954,323,14,2.53,2.49,1401.23,2.44,16.0,98.77,FEFO,Low Stock,1,2025-06-30,-3.67,95.44,,453,0,0,1,453,10.05,1,0,0
SKU0320,Meat Product 237,Meat,B,S002,PT Indo Fresh,WHBDG,Bandung - Rancaekek,BATCH2010,2025-08-09,2025-06-17,2025-08-14,31,80,25,21,0,1,10.18,327.0,7.86,48,17,3,11.64,10.74,931.25,3.82,4.0,72.52,FIFO,Expiring Soon,-3,2025-08-24,0.23,66.06,,34,0,0,1,34,3.34,1,0,0
SKU0321,Bakery Product 352,Bakery,C,S002,PT Indo Fresh,WHDPS,Denpasar - Tabanan,BATCH2228,2025-04-12,2025-04-11,2025-04-16,150,74,2,12,2,1,15.97,597.0,4.63,55,23,2,3.68,4.15,272.55,6.47,4.0,85.7,FIFO,Expiring Soon,0,2025-08-15,5.63,84.09,,60,0,0,0,60,3.76,1,0,0
SKU0322,Frozen Product 66,Frozen,C,S002,PT Indo Fresh,WHSBY,Surabaya - Sidoarjo,BATCH8552,2025-08-09,2025-08-06,2026-02-15,31,234,15,31,0,2,20.86,506.0,11.22,36,15,1,3.12,3.07,730.9,2.67,3.0,72.22,FIFO,In Stock,1,2025-06-28,-3.43,78.45,,188,0,0,0,188,9.01,0,0,0
SKU0323,Beverages Product 255,Beverages,A,S001,PT Segar Makmur,WHMDN,Medan - Deli Serdang,BATCH3831,2025-03-19,2025-02-25,2028-08-08,174,2,151,139,0,0,85.74,2.618,18.47,902,302,7,4.38,4.47,6934.91,1.62,32.0,88.55,FIFO,In Stock,4,2025-08-17,-7.77,78.3,,-288,1,1,1,0,0.0,0,0,0
SKU0324,Frozen Product 77,Frozen,B,S001,PT Segar Makmur,WHDPS,Denpasar - Tabanan,BATCH5026,2025-04-04,2025-02-22,2026-03-07,158,180,44,38,1,2,38.73,1.34,4.65,586,199,10,6.34,5.8,1141.18,6.45,14.0,93.96,FEFO,Low Stock,3,2025-07-08,8.54,85.55,,98,0,1,1,98,2.53,0,0,0
SKU0325,Pantry Product 32,Pantry,B,S002,PT Indo Fresh,WHSBY,Surabaya - Sidoarjo,BATCH7868,2025-06-03,2025-05-22,2027-03-11,98,108,15,0,0,0,5.99,187.0,18.03,51,21,5,13.03,13.86,1407.29,1.66,4.0,70.14,FIFO,In Stock,-2,2025-06-21,0.23,74.54,,93,0,0,0,93,15.53,0,0,0
SKU0326,Pantry Product 10,Pantry,C,S007,PT Bakerindo,WHSBY,Surabaya - Sidoarjo,BATCH8940,2025-05-10,2025-04-18,2029-05-29,122,69,25,23,3,0,9.42,362.0,7.32,62,24,4,1.36,1.33,94.12,4.1,7.0,72.23,FEFO,In Stock,0,2025-07-22,-2.5,95.46,,21,0,1,1,21,2.23,0,0,0
SKU0327,Fresh Product 306,Fresh Produce,C,S004,PT Nusantara Supplier,WHJKT,Jakarta - Cengkareng,BATCH8728,2025-06-30,2025-05-28,2025-07-03,71,433,147,58,1,0,53.2,1.917,8.14,248,88,3,1.57,1.43,679.59,3.69,16.0,83.89,FEFO,Expiring Soon,-3,2025-06-27,-6.12,92.02,,228,0,0,1,228,4.29,1,0,0
SKU0328,Personal Product 52,Personal Care,C,S004,PT Nusantara Supplier,WHBDG,Bandung - Rancaekek,BATCH1916,2025-07-03,2025-05-16,2029-06-29,68,15,3,2,1,1,1.75,49.0,8.57,16,7,5,4.19,4.51,62.81,3.5,2.0,80.21,FIFO,Low Stock,2,2025-06-28,6.42,74.01,,10,0,0,1,10,5.71,0,0,0
SKU0329,Household Product 182,Household,C,S003,PT Prima Distribusi,WHBDG,Bandung - Rancaekek,BATCH6210,2025-07-11,2025-05-21,2029-11-05,60,15,8,7,0,1,2.92,100.0,5.14,13,10,1,16.8,18.91,252.0,5.84,3.0,72.25,FEFO,In Stock,2,2025-06-26,-8.53,71.77,Promotional item,0,0,1,1,0,0.0,0,0,0
SKU0330,Personal Product 289,Personal Care,A,S003,PT Prima Distribusi,WHDPS,Denpasar - Tabanan,BATCH9882,2025-07-23,2025-07-04,2029-04-26,48,119,43,12,0,1,15.81,500.0,7.53,168,57,7,18.4,21.14,2189.33,3.99,3.0,90.3,FIFO,Low Stock,6,2025-07-09,-6.93,79.22,Seasonal SKU,64,0,0,1,64,4.05,0,0,0
SKU0331,Meat Product 113,Meat,A,S001,PT Segar Makmur,WHDPS,Denpasar - Tabanan,BATCH6435,2025-05-10,2025-03-13,2025-05-15,122,301,29,31,0,1,32.22,1.198,9.34,154,57,3,9.74,9.96,2932.52,3.21,18.0,89.97,FIFO,Expiring Soon,2,2025-08-24,-7.61,94.61,,241,0,0,0,241,7.48,1,0,0
SKU0332,Dairy Product 411,Dairy,C,S006,PT Frozen Express,WHJKT,Jakarta - Cengkareng,BATCH3320,2025-09-04,2025-07-17,2025-09-15,5,86,21,2,0,0,10.47,268.0,8.21,32,11,2,3.29,2.97,283.05,3.65,3.0,87.41,FIFO,Expiring Soon,0,2025-07-04,-9.61,75.46,,63,0,0,0,63,6.02,0,1,0
SKU0333,Personal Product 192,Personal Care,B,S007,PT Bakerindo,WHDPS,Denpasar - Tabanan,BATCH5944,2025-08-15,2025-07-26,2028-07-04,25,128,14,7,1,0,7.79,165.0,16.43,29,13,2,13.25,14.69,1695.56,1.83,4.0,70.83,FIFO,In Stock,0,2025-08-20,-9.13,67.65,,107,0,0,0,107,13.74,0,0,0
SKU0334,Bakery Product 328,Bakery,B,S008,PT Hygienic Supplies,WHSBY,Surabaya - Sidoarjo,BATCH6846,2025-07-27,2025-07-13,2025-08-03,44,1,85,82,0,1,62.06,2.167,16.47,190,66,2,1.36,1.49,1386.45,1.82,26.0,72.43,FIFO,Expiring Soon,2,2025-07-23,-3.78,78.69,,-166,1,1,1,0,0.0,1,0,0
SKU0335,Beverages Product 66,Beverages,C,S003,PT Prima Distribusi,WHJKT,Jakarta - Cengkareng,BATCH7415,2025-03-14,2025-01-19,2029-05-30,179,42,16,16,1,2,8.84,261.0,4.75,60,25,4,6.17,6.73,259.23,6.31,1.0,88.41,FIFO,Low Stock,0,2025-08-17,-9.9,81.72,,10,0,1,1,10,1.13,0,0,0
SKU0336,Personal Product 496,Personal Care,A,S010,PT DailyDairy,WHBDG,Bandung - Rancaekek,BATCH2705,2025-03-30,2025-01-30,2029-05-31,163,150,45,57,0,2,22.39,656.0,6.7,72,27,2,15.76,17.7,2364.69,4.48,10.0,77.13,FEFO,In Stock,-3,2025-08-22,-4.59,71.95,,48,0,0,1,48,2.14,0,0,0
SKU0337,Fresh Product 178,Fresh Produce,B,S006,PT Frozen Express,WHBDG,Bandung - Rancaekek,BATCH6500,2025-03-31,2025-03-03,2025-04-04,162,1,95,103,0,0,71.51,2.127,15.51,2,509,14,1.36,1.38,1511.12,1.93,24.0,74.28,FIFO,Low Stock,-2,2025-08-07,-2.04,78.16,,-197,1,1,1,0,0.0,1,0,0
SKU0338,Beverages Product 180,Beverages,A,S005,PT Agro Raya,WHJKT,Jakarta - Cengkareng,BATCH7323,2025-09-09,2025-08-12,2026-12-16,0,1,141,202,1,0,91.62,2.779,11.19,1,462,10,2.19,2.04,2241.88,2.68,42.0,77.46,FEFO,Low Stock,1,2025-08-19,5.32,64.28,,-342,1,1,1,0,0.0,0,0,0
SKU0339,Frozen Product 194,Frozen,C,S006,PT Frozen Express,WHDPS,Denpasar - Tabanan,BATCH8855,2025-06-05,2025-04-16,2025-12-27,96,186,69,19,0,0,20.39,785.0,9.12,98,37,3,3.85,4.21,715.45,3.29,9.0,92.56,FIFO,In Stock,-2,2025-08-20,-7.93,76.67,,98,0,0,1,98,4.81,0,0,0
SKU0340,Household Product 18,Household,C,S005,PT Agro Raya,WHJKT,Jakarta - Cengkareng,BATCH2715,2025-06-20,2025-06-16,2027-12-06,81,108,29,11,0,1,17.86,467.0,6.05,190,65,7,6.05,6.69,653.55,4.96,10.0,71.49,FEFO,Low Stock,1,2025-08-19,8.11,61.79,,68,0,0,1,68,3.81,0,0,0
SKU0341,Dairy Product 39,Dairy,C,S009,PT Beverage Nusantara,WHJKT,Jakarta - Cengkareng,BATCH8909,2025-06-15,2025-05-01,2025-07-11,86,154,71,83,0,0,44.06,1.279,3.5,74,30,1,0.94,1.02,144.82,8.58,10.0,74.35,FIFO,Expiring Soon,-3,2025-07-16,-8.41,94.03,,0,0,1,1,0,0.0,1,0,0
SKU0342,Dairy Product 456,Dairy,C,S007,PT Bakerindo,WHBDG,Bandung - Rancaekek,BATCH6424,2025-08-27,2025-08-14,2025-09-06,13,47,27,7,0,1,7.09,192.0,6.63,12,5,1,0.9,0.92,42.07,4.53,2.0,88.96,FIFO,Expiring Soon,0,2025-07-19,6.5,96.55,,13,0,0,0,13,1.83,1,0,0
SKU0343,Beverages Product 374,Beverages,A,S009,PT Beverage Nusantara,WHSBY,Surabaya - Sidoarjo,BATCH5872,2025-03-24,2025-03-09,2027-10-21,169,434,297,6,0,1,89.79,3.161,4.83,405,136,3,4.78,4.35,2076.21,6.21,46.0,78.95,FIFO,In Stock,2,2025-09-03,8.27,61.19,,131,0,1,1,131,1.46,0,0,0
SKU0344,Pantry Product 252,Pantry,C,S003,PT Prima Distribusi,WHJKT,Jakarta - Cengkareng,BATCH8005,2025-06-09,2025-06-04,2026-06-16,92,20,11,0,1,1,2.93,92.0,6.83,25,10,5,5.63,5.34,112.6,4.4,4.0,76.9,FEFO,Low Stock,8,2025-06-17,-5.71,68.18,,9,0,1,1,9,3.07,0,0,0
SKU0345,Frozen Product 50,Frozen,C,S001,PT Segar Makmur,WHBDG,Bandung - Rancaekek,BATCH5781,2025-07-28,2025-07-23,2026-07-06,43,176,61,20,2,3,14.89,502.0,11.82,112,38,5,1.35,1.39,237.34,2.54,3.0,86.06,FEFO,In Stock,1,2025-08-26,-4.64,95.74,,95,0,0,1,95,6.38,0,0,0
SKU0346,Bakery Product 251,Bakery,C,S005,PT Agro Raya,WHJKT,Jakarta - Cengkareng,BATCH7349,2025-03-29,2025-03-18,2025-04-04,164,603,95,58,0,0,53.95,1.633,11.18,329,113,4,1.09,1.03,656.97,2.68,21.0,78.79,FEFO,Expiring Soon,5,2025-07-23,4.63,64.02,,450,0,0,0,450,8.34,1,0,0
SKU0347,Frozen Product 135,Frozen,C,S008,PT Hygienic Supplies,WHMDN,Medan - Deli Serdang,BATCH5400,2025-07-04,2025-05-29,2026-02-26,67,116,24,3,0,0,16.32,545.0,7.11,126,44,5,3.96,3.99,459.1,4.22,6.0,93.9,FIFO,Low Stock,-2,2025-08-21,-6.5,72.37,,89,0,0,1,89,5.45,0,0,0
SKU0348,Beverages Product 44,Beverages,B,S006,PT Frozen Express,WHDPS,Denpasar - Tabanan,BATCH4727,2025-05-27,2025-04-22,2029-09-15,105,329,78,63,3,0,29.27,652.0,11.24,137,49,3,4.39,4.59,1442.76,2.67,11.0,75.55,FIFO,In Stock,5,2025-07-22,0.26,63.4,,188,0,0,0,188,6.42,0,0,0
SKU0349,Bakery Product 275,Bakery,C,S008,PT Hygienic Supplies,WHDPS,Denpasar - Tabanan,BATCH5896,2025-07-11,2025-07-06,2025-07-16,60,196,59,23,0,2,12.95,473.0,15.14,44,18,2,2.79,2.81,546.06,1.98,4.0,92.23,FEFO,Expiring Soon,1,2025-09-05,6.35,60.21,,114,0,0,0,114,8.8,1,0,0
SKU0350,Personal Product 410,Personal Care,A,S010,PT DailyDairy,WHDPS,Denpasar - Tabanan,BATCH8357,2025-08-03,2025-07-23,2027-04-06,37,231,51,36,1,0,19.53,512.0,11.83,68,29,2,23.9,24.25,5521.89,2.54,12.0,78.6,FIFO,In Stock,-1,2025-08-13,3.54,97.38,,144,0,0,0,144,7.37,0,0,0
SKU0351,Dairy Product 217,Dairy,C,S002,PT Indo Fresh,WHMDN,Medan - Deli Serdang,BATCH3422,2025-07-20,2025-05-28,2025-08-16,51,210,34,47,1,0,20.58,595.0,10.2,40,19,1,1.88,2.1,393.9,2.94,9.0,86.8,FEFO,Expiring Soon,1,2025-07-31,-1.07,78.86,,129,0,0,0,129,6.27,1,0,0
SKU0352,Personal Product 35,Personal Care,C,S002,PT Indo Fresh,WHMDN,Medan - Deli Serdang,BATCH6343,2025-04-20,2025-02-25,2028-07-11,142,36,2,7,1,1,2.88,106.0,12.5,9,6,1,21.57,23.69,776.5,2.4,1.0,76.62,FEFO,In Stock,0,2025-07-05,-5.5,81.34,,27,0,0,0,27,9.38,0,0,0
SKU0353,Household Product 403,Household,B,S010,PT DailyDairy,WHDPS,Denpasar - Tabanan,BATCH2843,2025-04-29,2025-04-03,2028-09-04,133,187,68,40,6,0,19.27,657.0,9.7,153,57,5,10.13,9.26,1894.33,3.09,7.0,76.63,FIFO,In Stock,-5,2025-08-22,-2.61,73.48,,79,0,0,1,79,4.1,0,0,0
SKU0354,Pantry Product 494,Pantry,A,S002,PT Indo Fresh,WHJKT,Jakarta - Cengkareng,BATCH5687,2025-04-18,2025-02-22,2026-11-10,144,352,67,10,3,0,25.37,972.0,13.87,123,47,3,7.65,8.56,2693.82,2.16,11.0,76.87,FEFO,In Stock,-5,2025-07-19,5.44,77.44,,275,0,0,0,275,10.84,0,0,0
SKU0355,Pantry Product 293,Pantry,A,S010,PT DailyDairy,WHMDN,Medan - Deli Serdang,BATCH5512,2025-08-31,2025-08-06,2027-08-18,9,256,42,4,0,0,24.82,946.0,10.31,119,45,3,8.73,9.68,2235.47,2.91,14.0,76.55,FIFO,In Stock,-2,2025-06-22,-4.5,83.65,,210,0,0,0,210,8.46,0,0,0
SKU0356,Beverages Product 20,Beverages,A,S007,PT Bakerindo,WHSBY,Surabaya - Sidoarjo,BATCH1807,2025-03-17,2025-01-29,2027-07-16,176,779,118,63,0,2,61.62,2.308,12.64,190,67,2,6.63,6.47,5166.41,2.37,23.0,96.2,FEFO,In Stock,3,2025-08-06,-6.48,91.94,,598,0,0,0,598,9.7,0,0,0
SKU0357,Fresh Product 419,Fresh Produce,B,S005,PT Agro Raya,WHSBY,Surabaya - Sidoarjo,BATCH2609,2025-06-30,2025-05-06,2025-07-10,71,422,65,35,0,1,40.47,1.506,10.43,304,102,5,2.15,2.21,907.0,2.88,14.0,79.6,FIFO,Expiring Soon,0,2025-08-23,3.01,88.53,,322,0,0,0,322,7.96,1,0,0
SKU0358,Beverages Product 397,Beverages,A,S006,PT Frozen Express,WHSBY,Surabaya - Sidoarjo,BATCH2462,2025-05-26,2025-05-14,2029-10-15,106,644,115,63,1,0,67.4,2.333,9.55,110,43,1,7.87,9.0,5069.63,3.14,17.0,90.22,FEFO,In Stock,0,2025-08-13,-9.07,84.33,,466,0,0,0,466,6.91,0,0,0
SKU0359,Bakery Product 249,Bakery,C,S009,PT Beverage Nusantara,WHSBY,Surabaya - Sidoarjo,BATCH3604,2025-08-26,2025-08-22,2025-09-01,14,46,12,8,0,0,4.34,140.0,10.6,18,9,2,3.23,3.44,148.42,2.83,2.0,78.18,FEFO,Expiring Soon,1,2025-06-11,-0.46,89.56,,26,0,0,0,26,5.99,1,0,0
SKU0360,Dairy Product 436,Dairy,B,S009,PT Beverage Nusantara,WHDPS,Denpasar - Tabanan,BATCH4158,2025-09-02,2025-07-08,2025-09-14,7,363,121,78,0,1,42.49,1.363,8.54,639,214,10,2.86,2.94,1037.09,3.51,18.0,79.03,FIFO,Low Stock,4,2025-09-02,1.56,78.33,,164,0,1,1,164,3.86,0,1,0
SKU0361,Frozen Product 471,Frozen,C,S006,PT Frozen Express,WHBDG,Bandung - Rancaekek,BATCH8605,2025-07-01,2025-05-30,2026-04-01,70,47,13,11,2,1,5.47,125.0,8.59,44,17,5,6.86,7.63,322.65,3.49,4.0,70.19,FEFO,In Stock,0,2025-06-20,7.95,61.27,,23,0,0,1,23,4.2,0,0,0
SKU0362,Beverages Product 124,Beverages,C,S006,PT Frozen Express,WHMDN,Medan - Deli Serdang,BATCH3909,2025-04-10,2025-02-14,2028-10-09,152,31,4,0,1,0,3.55,78.0,8.73,26,12,4,3.94,3.69,122.15,3.44,1.0,73.23,FEFO,In Stock,-1,2025-06-26,3.91,75.48,,27,0,0,0,27,7.61,0,0,0
SKU0363,Seafood Product 429,Seafood,A,S005,PT Agro Raya,WHJKT,Jakarta - Cengkareng,BATCH7333,2025-06-29,2025-06-26,2025-07-02,72,266,38,32,1,0,27.92,691.0,9.53,299,104,7,9.37,8.76,2492.79,3.15,8.0,91.88,FIFO,Low Stock,5,2025-06-28,-9.98,85.28,,196,0,0,1,196,7.02,1,0,0
SKU0364,Dairy Product 114,Dairy,B,S004,PT Nusantara Supplier,WHBDG,Bandung - Rancaekek,BATCH7709,2025-07-03,2025-06-01,2025-07-30,68,485,45,52,0,0,40.76,915.0,11.9,129,47,2,1.77,2.02,857.67,2.52,16.0,83.86,FIFO,Expiring Soon,-3,2025-06-14,2.05,81.93,High return rate,388,0,0,0,388,9.52,1,0,0
SKU0365,Pantry Product 308,Pantry,B,S001,PT Segar Makmur,WHBDG,Bandung - Rancaekek,BATCH6004,2025-07-07,2025-05-23,2029-12-03,64,123,32,10,3,0,9.66,364.0,12.73,151,54,10,12.91,11.72,1588.1,2.36,4.0,89.24,FEFO,Low Stock,4,2025-07-17,7.58,60.93,,81,0,0,1,81,8.39,0,0,0
SKU0366,Household Product 236,Household,C,S005,PT Agro Raya,WHBDG,Bandung - Rancaekek,BATCH9530,2025-05-13,2025-03-22,2028-01-21,119,6,1,2,0,4,1.01,30.0,5.94,6,4,2,14.68,14.09,88.07,5.05,2.0,89.27,FEFO,Low Stock,1,2025-06-27,-1.7,73.78,Temperature controlled,3,0,1,1,3,2.97,0,0,0
SKU0367,Personal Product 495,Personal Care,C,S006,PT Frozen Express,WHDPS,Denpasar - Tabanan,BATCH5631,2025-03-28,2025-03-09,2029-07-26,165,164,42,31,2,2,16.14,375.0,10.16,172,59,7,2.04,1.93,334.25,2.95,4.0,96.72,FIFO,Low Stock,5,2025-07-10,-1.26,90.92,Promotional item,91,0,0,1,91,5.64,0,0,0
SKU0368,Pantry Product 442,Pantry,C,S005,PT Agro Raya,WHSBY,Surabaya - Sidoarjo,BATCH5895,2025-03-26,2025-03-14,2030-03-21,167,61,22,12,2,1,14.66,529.0,4.16,113,40,5,12.63,14.1,770.23,7.21,6.0,78.55,FIFO,Low Stock,1,2025-07-05,-9.33,79.47,,27,0,1,1,27,1.84,0,0,0
SKU0369,Personal Product 413,Personal Care,C,S010,PT DailyDairy,WHMDN,Medan - Deli Serdang,BATCH3292,2025-03-24,2025-02-06,2028-01-07,169,48,10,18,0,1,14.8,456.0,3.24,320,113,14,0.66,0.59,31.61,9.25,4.0,83.49,FIFO,Low Stock,-3,2025-06-18,6.78,84.84,,20,0,1,1,20,1.35,0,0,0
SKU0370,Meat Product 465,Meat,A,S007,PT Bakerindo,WHMDN,Medan - Deli Serdang,BATCH4111,2025-06-02,2025-05-12,2025-06-08,99,289,24,21,0,3,35.74,1.327,8.09,116,45,2,7.27,7.04,2101.32,3.71,12.0,82.03,FIFO,Expiring Soon,-4,2025-06-14,-8.5,97.34,,244,0,0,0,244,6.83,1,0,0
SKU0371,Household Product 465,Household,B,S006,PT Frozen Express,WHDPS,Denpasar - Tabanan,BATCH3967,2025-06-25,2025-06-07,2027-06-08,76,150,57,22,0,1,15.85,486.0,9.46,55,23,2,6.83,6.82,1024.32,3.17,1.0,77.22,FIFO,In Stock,0,2025-07-11,-0.16,61.87,Promotional item,71,0,0,0,71,4.48,0,0,0
SKU0372,Beverages Product 287,Beverages,C,S003,PT Prima Distribusi,WHSBY,Surabaya - Sidoarjo,BATCH4641,2025-03-26,2025-03-04,2026-09-24,167,126,14,39,1,0,13.88,449.0,9.08,46,18,2,5.51,5.39,694.07,3.3,5.0,83.13,FIFO,In Stock,2,2025-08-01,-3.72,63.61,,73,0,0,0,73,5.26,0,0,0
SKU0373,Personal Product 191,Personal Care,C,S005,PT Agro Raya,WHDPS,Denpasar - Tabanan,BATCH2929,2025-06-26,2025-05-27,2029-01-30,75,97,13,3,1,0,9.43,245.0,10.29,22,13,1,3.09,2.89,300.17,2.92,2.0,71.69,FIFO,In Stock,1,2025-06-20,2.5,96.11,,81,0,0,0,81,8.59,0,0,0
SKU0374,Personal Product 37,Personal Care,A,S008,PT Hygienic Supplies,WHBDG,Bandung - Rancaekek,BATCH7253,2025-05-04,2025-04-01,2027-01-04,128,190,34,15,1,0,13.72,346.0,13.85,25,11,1,22.38,25.16,4251.48,2.17,2.0,71.06,FEFO,In Stock,2,2025-07-19,-7.43,63.21,High return rate,141,0,0,0,141,10.28,0,0,0
SKU0375,Dairy Product 103,Dairy,C,S006,PT Frozen Express,WHMDN,Medan - Deli Serdang,BATCH3346,2025-04-17,2025-03-28,2025-05-08,145,204,44,53,3,0,23.06,810.0,8.85,141,49,4,3.73,4.0,760.41,3.39,8.0,76.18,FIFO,Expiring Soon,-1,2025-08-30,-5.61,77.22,,107,0,0,1,107,4.64,1,0,0
SKU0376,Pantry Product 91,Pantry,A,S006,PT Frozen Express,WHJKT,Jakarta - Cengkareng,BATCH5481,2025-09-08,2025-08-26,2029-03-21,1,306,39,24,0,0,27.34,905.0,11.19,419,146,10,6.99,7.0,2139.95,2.68,10.0,87.38,FIFO,Low Stock,0,2025-06-28,-8.75,92.04,,243,0,0,1,243,8.89,0,0,0
SKU0377,Frozen Product 391,Frozen,B,S002,PT Indo Fresh,WHBDG,Bandung - Rancaekek,BATCH8035,2025-04-05,2025-03-11,2026-01-21,157,470,95,62,0,0,37.77,1.375,12.44,179,66,3,4.18,3.88,1965.07,2.41,11.0,90.8,FEFO,In Stock,-1,2025-07-10,5.89,73.17,,313,0,0,0,313,8.29,0,0,0
SKU0378,Fresh Product 103,Fresh Produce,C,S006,PT Frozen Express,WHJKT,Jakarta - Cengkareng,BATCH4122,2025-06-19,2025-06-18,2025-06-30,82,118,23,19,2,2,12.56,458.0,9.39,133,45,7,1.29,1.28,152.48,3.19,5.0,77.02,FIFO,Low Stock,0,2025-06-21,-6.34,64.66,,76,0,0,1,76,6.05,1,0,0
SKU0379,Meat Product 450,Meat,C,S006,PT Frozen Express,WHSBY,Surabaya - Sidoarjo,BATCH7284,2025-08-07,2025-07-06,2025-08-15,33,78,16,11,3,2,9.95,296.0,7.84,54,24,3,10.11,9.73,788.81,3.83,2.0,73.11,FEFO,Expiring Soon,0,2025-08-19,2.19,71.92,Seasonal SKU,51,0,0,1,51,5.13,1,0,0
SKU0380,Meat Product 149,Meat,A,S008,PT Hygienic Supplies,WHDPS,Denpasar - Tabanan,BATCH6535,2025-04-10,2025-03-14,2025-05-01,152,252,83,50,4,1,27.11,968.0,9.3,165,57,4,8.67,7.99,2185.39,3.23,10.0,98.73,FIFO,Expiring Soon,0,2025-07-28,-6.18,97.55,,119,0,0,1,119,4.39,1,0,0
SKU0381,Frozen Product 385,Frozen,B,S004,PT Nusantara Supplier,WHBDG,Bandung - Rancaekek,BATCH4742,2025-05-29,2025-05-15,2025-11-29,103,300,23,17,0,0,21.6,556.0,13.89,99,34,3,5.64,6.48,1693.05,2.16,7.0,79.16,FIFO,In Stock,-1,2025-08-13,3.58,91.88,,260,0,0,0,260,12.04,0,0,0
SKU0382,Pantry Product 87,Pantry,A,S002,PT Indo Fresh,WHSBY,Surabaya - Sidoarjo,BATCH7147,2025-03-27,2025-01-30,2026-06-11,166,292,36,5,2,0,21.04,580.0,13.88,33,12,1,9.35,10.07,2730.55,2.16,8.0,90.0,FEFO,In Stock,-4,2025-07-03,-7.71,69.18,,251,0,0,0,251,11.93,0,0,0
SKU0383,Pantry Product 25,Pantry,A,S002,PT Indo Fresh,WHJKT,Jakarta - Cengkareng,BATCH2897,2025-08-28,2025-08-02,2030-07-10,12,256,28,45,1,0,14.92,510.0,17.16,48,18,2,8.71,8.49,2229.56,1.75,2.0,74.51,FEFO,In Stock,3,2025-07-23,2.76,61.53,Promotional item,183,0,0,0,183,12.27,0,0,0
SKU0384,Frozen Product 79,Frozen,C,S004,PT Nusantara Supplier,WHJKT,Jakarta - Cengkareng,BATCH2654,2025-06-24,2025-05-13,2026-04-07,77,345,76,37,0,1,49.8,1.725,6.93,524,175,7,1.48,1.59,511.6,4.33,20.0,90.17,FEFO,Low Stock,1,2025-06-22,-7.59,82.13,,232,0,0,1,232,4.66,0,0,0
SKU0385,Dairy Product 426,Dairy,C,S002,PT Indo Fresh,WHDPS,Denpasar - Tabanan,BATCH5631,2025-04-04,2025-03-28,2025-04-14,158,511,60,64,1,0,56.06,1.193,9.12,850,289,10,0.81,0.79,413.45,3.29,18.0,86.6,FIFO,Low Stock,4,2025-07-08,-6.85,81.2,,387,0,0,1,387,6.9,1,0,0
SKU0386,Dairy Product 135,Dairy,C,S009,PT Beverage Nusantara,WHBDG,Bandung - Rancaekek,BATCH7713,2025-06-10,2025-05-23,2025-07-09,91,246,47,24,1,2,19.82,532.0,12.41,125,46,4,1.8,1.81,443.49,2.42,5.0,70.16,FIFO,Expiring Soon,2,2025-09-04,-9.91,64.22,,175,0,0,0,175,8.83,1,0,0
SKU0387,Personal Product 353,Personal Care,B,S008,PT Hygienic Supplies,WHSBY,Surabaya - Sidoarjo,BATCH1208,2025-07-11,2025-05-30,2026-07-16,60,145,62,7,2,0,16.85,430.0,8.61,129,45,5,8.4,9.48,1218.48,3.49,6.0,94.1,FIFO,In Stock,4,2025-08-26,5.96,97.28,,76,0,0,1,76,4.51,0,0,0
SKU0388,Beverages Product 77,Beverages,C,S002,PT Indo Fresh,WHDPS,Denpasar - Tabanan,BATCH5192,2025-08-21,2025-07-11,2027-03-16,19,1,27,30,1,1,66.4,1.435,15.21,106,40,1,0.31,0.29,311.89,1.97,25.0,76.66,FIFO,In Stock,3,2025-07-13,7.71,65.36,,-56,1,1,1,0,0.0,0,0,0
SKU0389,Meat Product 238,Meat,C,S001,PT Segar Makmur,WHJKT,Jakarta - Cengkareng,BATCH5760,2025-07-27,2025-07-04,2025-08-02,44,358,75,64,1,0,29.47,1.065,12.15,136,48,3,1.76,1.89,631.51,2.47,8.0,75.93,FEFO,Expiring Soon,0,2025-07-17,-8.58,83.47,,219,0,0,0,219,7.43,1,0,0
SKU0390,Fresh Product 389,Fresh Produce,C,S001,PT Segar Makmur,WHJKT,Jakarta - Cengkareng,BATCH3793,2025-08-05,2025-07-15,2025-08-18,35,337,20,7,0,0,30.33,731.0,11.11,47,17,1,0.69,0.79,233.54,2.7,6.0,80.06,FEFO,Expiring Soon,0,2025-07-15,8.6,62.25,,310,0,0,0,310,10.22,1,0,0
SKU0391,Meat Product 376,Meat,A,S002,PT Indo Fresh,WHSBY,Surabaya - Sidoarjo,BATCH2865,2025-06-14,2025-05-20,2025-06-24,87,365,26,58,3,2,29.04,759.0,12.57,441,151,10,7.21,7.26,2630.63,2.39,7.0,95.95,FEFO,Low Stock,5,2025-07-13,-7.47,66.46,,281,0,0,1,281,9.68,1,0,0
SKU0392,Bakery Product 436,Bakery,C,S008,PT Hygienic Supplies,WHMDN,Medan - Deli Serdang,BATCH2852,2025-03-27,2025-03-19,2025-03-30,166,628,100,75,4,2,51.99,2.027,12.08,552,188,7,0.66,0.65,413.1,2.48,17.0,88.47,FIFO,Expiring Soon,3,2025-08-20,7.84,92.05,Temperature controlled,453,0,0,1,453,8.71,1,0,0
SKU0393,Frozen Product 292,Frozen,B,S008,PT Hygienic Supplies,WHBDG,Bandung - Rancaekek,BATCH6875,2025-04-06,2025-02-26,2026-01-08,156,238,63,114,0,0,33.24,1.042,7.16,201,68,4,5.93,6.2,1410.72,4.19,12.0,89.56,FIFO,In Stock,0,2025-06-14,-2.24,76.09,,61,0,1,1,61,1.84,0,0,0
SKU0394,Beverages Product 457,Beverages,A,S003,PT Prima Distribusi,WHMDN,Medan - Deli Serdang,BATCH7738,2025-05-08,2025-04-10,2026-12-25,124,321,54,67,0,1,27.28,605.0,11.77,48,21,1,6.85,7.48,2198.79,2.55,12.0,70.05,FIFO,In Stock,-5,2025-09-01,9.39,81.95,,200,0,0,0,200,7.33,0,0,0
SKU0395,Seafood Product 361,Seafood,B,S009,PT Beverage Nusantara,WHDPS,Denpasar - Tabanan,BATCH6542,2025-04-18,2025-03-16,2025-04-24,144,95,29,22,0,0,10.98,425.0,8.65,53,20,3,8.8,8.48,836.27,3.47,3.0,71.89,FIFO,Expiring Soon,-2,2025-07-16,-5.44,71.73,,44,0,0,1,44,4.01,1,0,0
SKU0396,Meat Product 178,Meat,A,S007,PT Bakerindo,WHBDG,Bandung - Rancaekek,BATCH1190,2025-04-20,2025-03-10,2025-04-26,142,336,15,59,1,1,38.54,991.0,8.72,179,63,3,10.56,9.64,3546.68,3.44,12.0,78.21,FIFO,Expiring Soon,0,2025-07-07,0.86,97.43,,262,0,0,0,262,6.8,1,0,0
SKU0397,Household Product 446,Household,A,S003,PT Prima Distribusi,WHJKT,Jakarta - Cengkareng,BATCH4946,2025-05-07,2025-04-16,2028-02-22,125,150,28,22,2,0,13.09,509.0,11.46,47,21,2,17.98,20.48,2697.18,2.62,4.0,76.49,FEFO,In Stock,1,2025-09-03,-3.4,69.6,,100,0,0,0,100,7.64,0,0,0
SKU0398,Pantry Product 194,Pantry,C,S007,PT Bakerindo,WHBDG,Bandung - Rancaekek,BATCH8277,2025-08-20,2025-06-30,2029-03-17,20,144,26,13,1,0,13.86,396.0,10.39,109,40,5,4.44,4.17,640.01,2.89,2.0,92.54,FEFO,In Stock,0,2025-08-29,-2.16,72.03,,105,0,0,1,105,7.58,0,0,0
SKU0399,Frozen Product 61,Frozen,C,S008,PT Hygienic Supplies,WHJKT,Jakarta - Cengkareng,BATCH7755,2025-08-14,2025-08-12,2026-05-24,26,392,126,32,1,0,46.84,1.803,8.37,71,24,1,1.13,1.1,441.51,3.58,19.0,87.59,FIFO,In Stock,-5,2025-08-29,-1.51,65.83,,234,0,0,0,234,5.0,0,0,0
SKU0400,Personal Product 327,Personal Care,A,S005,PT Agro Raya,WHDPS,Denpasar - Tabanan,BATCH8474,2025-04-19,2025-02-18,2027-06-16,143,95,7,19,1,0,7.91,236.0,12.01,33,17,2,22.92,23.4,2177.76,2.5,2.0,84.38,FEFO,In Stock,3,2025-07-25,-4.73,90.17,,69,0,0,0,69,8.72,0,0,0
SKU0401,Household Product 433,Household,A,S008,PT Hygienic Supplies,WHSBY,Surabaya - Sidoarjo,BATCH8751,2025-04-19,2025-03-05,2029-10-09,143,180,6,0,2,1,11.07,258.0,16.26,70,26,4,14.1,16.06,2538.74,1.85,6.0,98.6,FEFO,In Stock,-5,2025-07-14,4.68,92.65,High return rate,174,0,0,0,174,15.72,0,0,0
SKU0402,Fresh Product 182,Fresh Produce,C,S005,PT Agro Raya,WHDPS,Denpasar - Tabanan,BATCH2741,2025-04-29,2025-04-27,2025-05-07,133,320,68,4,2,0,31.81,946.0,10.06,105,41,2,2.41,2.27,771.58,2.98,11.0,81.6,FIFO,Expiring Soon,-2,2025-07-08,7.95,80.6,Fragile,248,0,0,0,248,7.8,1,0,0
SKU0403,Fresh Product 313,Fresh Produce,C,S004,PT Nusantara Supplier,WHBDG,Bandung - Rancaekek,BATCH4532,2025-08-10,2025-07-12,2025-08-19,30,335,41,45,0,0,26.52,607.0,12.63,85,32,2,1.15,1.12,386.29,2.37,11.0,97.36,FIFO,Expiring Soon,-1,2025-07-28,-5.68,60.71,Fragile,249,0,0,0,249,9.39,1,0,0
SKU0404,Fresh Product 325,Fresh Produce,C,S010,PT DailyDairy,WHJKT,Jakarta - Cengkareng,BATCH9260,2025-05-17,2025-05-09,2025-05-27,115,539,64,51,2,0,32.51,927.0,16.58,153,55,3,0.45,0.48,240.29,1.81,20.0,70.44,FEFO,Expiring Soon,0,2025-09-09,-5.0,94.62,,424,0,0,0,424,13.04,1,0,0
SKU0405,Fresh Product 479,Fresh Produce,C,S007,PT Bakerindo,WHDPS,Denpasar - Tabanan,BATCH3903,2025-05-09,2025-03-26,2025-05-20,123,800,52,1,1,0,79.7,2.452,10.04,844,286,7,0.65,0.66,523.52,2.99,33.0,97.94,FIFO,Low Stock,2,2025-08-24,-0.66,97.18,Temperature controlled,747,0,0,1,747,9.37,1,0,0
SKU0406,Pantry Product 165,Pantry,B,S009,PT Beverage Nusantara,WHMDN,Medan - Deli Serdang,BATCH5067,2025-05-25,2025-05-08,2029-10-23,107,129,13,74,1,0,26.73,664.0,4.83,161,54,4,7.72,7.82,996.1,6.22,10.0,82.16,FEFO,Low Stock,-6,2025-07-28,-1.2,67.48,,42,0,1,1,42,1.57,0,0,0
SKU0407,Frozen Product 69,Frozen,C,S003,PT Prima Distribusi,WHMDN,Medan - Deli Serdang,BATCH9393,2025-04-08,2025-03-20,2026-04-02,154,465,99,16,2,0,25.9,572.0,17.95,81,29,2,1.25,1.42,580.92,1.67,5.0,93.84,FEFO,In Stock,1,2025-07-01,-7.28,72.37,,350,0,0,0,350,13.51,0,0,0
SKU0408,Dairy Product 320,Dairy,C,S005,PT Agro Raya,WHSBY,Surabaya - Sidoarjo,BATCH3913,2025-03-21,2025-02-17,2025-04-01,172,514,8,34,0,0,37.55,1.406,13.69,115,40,2,1.36,1.41,700.99,2.19,13.0,88.51,FEFO,Expiring Soon,0,2025-06-11,-9.51,75.8,Promotional item,472,0,0,0,472,12.57,1,0,0
SKU0409,Pantry Product 299,Pantry,A,S010,PT DailyDairy,WHMDN,Medan - Deli Serdang,BATCH5684,2025-03-21,2025-01-24,2029-03-18,172,228,44,37,1,3,19.8,733.0,11.52,65,25,2,11.83,13.03,2697.42,2.61,11.0,76.33,FEFO,In Stock,2,2025-09-08,-4.21,92.12,,147,0,0,0,147,7.42,0,0,0
SKU0410,Fresh Product 75,Fresh Produce,C,S001,PT Segar Makmur,WHJKT,Jakarta - Cengkareng,BATCH3636,2025-07-20,2025-07-02,2025-07-27,51,321,33,31,0,0,26.31,689.0,12.2,125,46,3,1.08,1.1,347.68,2.46,11.0,92.93,FEFO,Expiring Soon,-4,2025-08-22,-1.04,66.09,,257,0,0,0,257,9.77,1,0,0
SKU0411,Beverages Product 152,Beverages,B,S004,PT Nusantara Supplier,WHDPS,Denpasar - Tabanan,BATCH8415,2025-09-01,2025-08-26,2028-09-04,8,296,26,36,1,1,37.4,833.0,7.91,285,98,5,6.69,7.37,1980.33,3.79,11.0,96.77,FIFO,In Stock,4,2025-06-19,-4.94,61.0,,234,0,0,1,234,6.26,0,0,0
SKU0412,Meat Product 402,Meat,A,S005,PT Agro Raya,WHJKT,Jakarta - Cengkareng,BATCH7825,2025-06-04,2025-04-15,2025-06-21,97,209,30,10,0,1,20.64,494.0,10.13,39,18,1,10.39,11.35,2171.01,2.96,3.0,75.46,FEFO,Expiring Soon,3,2025-07-01,-2.98,76.56,Promotional item,169,0,0,0,169,8.19,1,0,0
SKU0413,Dairy Product 445,Dairy,C,S008,PT Hygienic Supplies,WHBDG,Bandung - Rancaekek,BATCH7025,2025-03-31,2025-02-11,2025-04-29,162,225,57,0,0,1,22.47,781.0,10.01,75,30,2,1.16,1.09,261.79,3.0,8.0,75.99,FIFO,Expiring Soon,3,2025-08-16,0.14,69.81,,168,0,0,0,168,7.48,1,0,0
SKU0414,Dairy Product 350,Dairy,B,S002,PT Indo Fresh,WHBDG,Bandung - Rancaekek,BATCH9418,2025-07-27,2025-07-20,2025-08-26,44,776,36,111,0,1,51.21,1.46,15.15,234,80,3,2.09,2.0,1618.89,1.98,18.0,87.21,FEFO,Expiring Soon,4,2025-09-04,2.55,74.65,,629,0,0,0,629,12.28,1,0,0
SKU0415,Pantry Product 67,Pantry,C,S003,PT Prima Distribusi,WHDPS,Denpasar - Tabanan,BATCH6415,2025-07-06,2025-06-07,2026-07-17,65,100,61,39,1,0,20.01,427.0,5.0,219,79,7,1.2,1.26,120.49,6.0,7.0,90.35,FIFO,Low Stock,-1,2025-09-04,7.07,87.83,,0,0,1,1,0,0.0,0,0,0
SKU0416,Seafood Product 27,Seafood,C,S010,PT DailyDairy,WHSBY,Surabaya - Sidoarjo,BATCH2194,2025-05-07,2025-03-18,2025-05-15,125,81,14,13,0,1,4.61,134.0,17.57,54,22,7,8.26,9.14,669.38,1.71,3.0,72.9,FEFO,Expiring Soon,0,2025-07-04,4.47,86.29,,54,0,0,1,54,11.71,1,0,0
SKU0417,Dairy Product 35,Dairy,B,S009,PT Beverage Nusantara,WHBDG,Bandung - Rancaekek,BATCH9798,2025-05-26,2025-05-01,2025-06-19,106,405,53,20,0,0,34.93,1.257,11.59,58,23,1,3.73,4.01,1512.19,2.59,13.0,74.13,FIFO,Expiring Soon,2,2025-07-27,-3.78,97.26,,332,0,0,0,332,9.5,1,0,0
SKU0418,Dairy Product 170,Dairy,B,S006,PT Frozen Express,WHSBY,Surabaya - Sidoarjo,BATCH9691,2025-06-26,2025-05-27,2025-07-09,75,462,63,79,2,0,35.98,774.0,12.84,224,80,4,1.83,1.7,845.78,2.34,14.0,73.26,FIFO,Expiring Soon,2,2025-08-26,-7.05,90.59,,320,0,0,0,320,8.89,1,0,0
SKU0419,Frozen Product 464,Frozen,A,S010,PT DailyDairy,WHDPS,Denpasar - Tabanan,BATCH6258,2025-07-09,2025-06-15,2026-01-15,62,428,176,110,0,0,42.28,1.494,10.12,194,67,3,7.03,7.61,3010.85,2.96,17.0,92.3,FIFO,In Stock,0,2025-07-22,-7.85,62.39,,142,0,0,1,142,3.36,0,0,0
SKU0420,Beverages Product 13,Beverages,B,S009,PT Beverage Nusantara,WHSBY,Surabaya - Sidoarjo,BATCH8300,2025-05-01,2025-03-31,2029-03-07,131,184,18,8,1,0,13.23,462.0,13.91,143,50,7,7.72,7.49,1420.88,2.16,3.0,80.06,FIFO,In Stock,-2,2025-08-03,-2.03,93.25,,158,0,0,0,158,11.94,0,0,0
SKU0421,Dairy Product 264,Dairy,C,S002,PT Indo Fresh,WHJKT,Jakarta - Cengkareng,BATCH9736,2025-07-29,2025-07-29,2025-08-22,42,217,45,22,2,1,13.95,313.0,15.56,48,20,2,3.31,3.04,718.68,1.93,8.0,86.33,FIFO,Expiring Soon,4,2025-08-14,-7.67,76.32,,150,0,0,0,150,10.75,1,0,0
SKU0422,Beverages Product 443,Beverages,C,S007,PT Bakerindo,WHJKT,Jakarta - Cengkareng,BATCH8130,2025-07-19,2025-06-08,2029-07-24,52,859,129,129,1,0,70.26,2.679,12.23,214,73,2,0.29,0.31,248.08,2.45,23.0,71.4,FIFO,In Stock,3,2025-06-14,1.17,90.05,,601,0,0,0,601,8.55,0,0,0
SKU0423,Frozen Product 170,Frozen,C,S001,PT Segar Makmur,WHJKT,Jakarta - Cengkareng,BATCH3916,2025-08-22,2025-07-03,2026-03-03,18,187,34,40,1,1,14.04,316.0,13.32,72,30,3,1.29,1.32,240.97,2.25,3.0,93.98,FEFO,In Stock,7,2025-06-30,1.59,61.99,High return rate,113,0,0,0,113,8.05,0,0,0
SKU0424,Personal Product 209,Personal Care,C,S007,PT Bakerindo,WHMDN,Medan - Deli Serdang,BATCH8094,2025-04-01,2025-03-12,2028-07-07,161,210,27,7,1,0,16.81,366.0,12.49,84,34,3,1.26,1.29,264.64,2.4,3.0,85.36,FIFO,In Stock,0,2025-07-22,6.16,70.7,,176,0,0,0,176,10.47,0,0,0
SKU0425,Pantry Product 329,Pantry,B,S010,PT DailyDairy,WHJKT,Jakarta - Cengkareng,BATCH2189,2025-04-13,2025-03-22,2026-07-15,149,244,60,5,1,0,17.74,538.0,13.75,89,36,3,6.06,5.5,1478.4,2.18,7.0,76.49,FIFO,In Stock,-5,2025-08-03,-2.06,91.13,,179,0,0,0,179,10.09,0,0,0
SKU0426,Seafood Product 45,Seafood,B,S005,PT Agro Raya,WHMDN,Medan - Deli Serdang,BATCH1504,2025-06-04,2025-05-05,2025-06-13,97,323,70,44,2,0,27.75,716.0,11.64,127,44,3,4.62,4.47,1490.71,2.58,13.0,88.44,FIFO,Expiring Soon,-7,2025-07-03,8.61,79.55,,209,0,0,0,209,7.53,1,0,0
SKU0427,Beverages Product 408,Beverages,A,S009,PT Beverage Nusantara,WHSBY,Surabaya - Sidoarjo,BATCH5883,2025-03-31,2025-02-16,2027-01-20,162,768,125,199,0,1,80.64,2.53,9.52,125,44,1,6.86,6.67,5269.48,3.15,25.0,73.99,FEFO,In Stock,0,2025-09-08,-8.28,90.1,,444,0,0,0,444,5.51,0,0,0
SKU0428,Pantry Product 64,Pantry,C,S001,PT Segar Makmur,WHJKT,Jakarta - Cengkareng,BATCH7456,2025-04-16,2025-03-13,2029-08-19,146,40,13,8,2,3,5.2,147.0,7.69,31,15,3,4.58,4.4,183.28,3.9,2.0,81.73,FIFO,In Stock,0,2025-08-01,-9.16,84.47,,19,0,0,1,19,3.65,0,0,0
SKU0429,Beverages Product 372,Beverages,A,S006,PT Frozen Express,WHBDG,Bandung - Rancaekek,BATCH9397,2025-05-27,2025-05-18,2030-01-08,105,1,319,166,2,0,88.26,2.731,12.51,269,92,2,3.54,3.85,3907.39,2.4,27.0,88.21,FIFO,In Stock,0,2025-08-17,0.42,85.12,,-484,1,1,1,0,0.0,0,0,0
SKU0430,Household Product 100,Household,C,S002,PT Indo Fresh,WHBDG,Bandung - Rancaekek,BATCH1891,2025-03-22,2025-01-27,2029-05-26,171,47,12,4,0,1,4.77,155.0,9.85,30,16,3,8.4,7.69,394.6,3.04,2.0,89.36,FEFO,In Stock,4,2025-06-19,6.68,91.1,,31,0,0,0,31,6.5,0,0,0
SKU0431,Meat Product 35,Meat,C,S005,PT Agro Raya,WHJKT,Jakarta - Cengkareng,BATCH6420,2025-07-21,2025-06-29,2025-08-10,50,160,6,5,0,0,14.09,407.0,11.36,64,22,3,3.71,3.83,593.57,2.64,7.0,71.41,FIFO,Expiring Soon,-1,2025-06-16,-3.03,61.15,,149,0,0,0,149,10.57,1,0,0
SKU0432,Fresh Product 318,Fresh Produce,C,S002,PT Indo Fresh,WHBDG,Bandung - Rancaekek,BATCH8383,2025-06-20,2025-05-30,2025-06-30,81,213,17,30,1,3,17.55,667.0,12.14,62,27,2,0.72,0.82,153.64,2.47,10.0,71.9,FEFO,Expiring Soon,0,2025-06-13,6.28,76.83,,166,0,0,0,166,9.46,1,0,0
SKU0433,Pantry Product 187,Pantry,C,S006,PT Frozen Express,WHMDN,Medan - Deli Serdang,BATCH6131,2025-07-28,2025-07-13,2026-08-06,43,19,0,3,4,2,1.68,43.0,11.31,11,8,2,6.21,6.29,118.08,2.65,1.0,92.35,FIFO,In Stock,7,2025-06-19,0.03,64.57,,16,0,0,0,16,9.52,0,0,0
SKU0434,Household Product 69,Household,C,S006,PT Frozen Express,WHMDN,Medan - Deli Serdang,BATCH6877,2025-05-14,2025-03-26,2028-11-11,118,16,4,0,0,3,2.06,77.0,7.77,5,3,1,4.86,5.22,77.74,3.86,2.0,79.08,FEFO,In Stock,3,2025-07-09,3.97,78.59,,12,0,0,0,12,5.83,0,0,0
SKU0435,Dairy Product 311,Dairy,C,S002,PT Indo Fresh,WHSBY,Surabaya - Sidoarjo,BATCH4218,2025-08-05,2025-07-20,2025-08-29,35,262,36,30,2,0,39.11,1.127,6.7,120,42,2,0.94,1.07,245.1,4.48,10.0,93.2,FIFO,Expiring Soon,3,2025-08-31,-4.75,72.57,,196,0,0,0,196,5.01,1,0,0
SKU0436,Household Product 324,Household,B,S001,PT Segar Makmur,WHDPS,Denpasar - Tabanan,BATCH4485,2025-04-14,2025-02-15,2028-07-21,148,110,25,50,2,1,19.19,747.0,5.73,62,24,2,11.55,12.73,1270.28,5.23,16.0,70.53,FIFO,In Stock,2,2025-07-01,9.53,93.94,,35,0,0,1,35,1.82,0,0,0
SKU0437,Personal Product 277,Personal Care,C,S008,PT Hygienic Supplies,WHBDG,Bandung - Rancaekek,BATCH4658,2025-06-08,2025-04-12,2028-08-19,93,21,2,4,3,0,3.12,86.0,6.73,54,23,10,13.67,13.5,287.0,4.46,1.0,93.75,FEFO,Low Stock,4,2025-08-23,-4.7,81.1,,15,0,1,1,15,4.81,0,0,0
SKU0438,Frozen Product 204,Frozen,C,S006,PT Frozen Express,WHDPS,Denpasar - Tabanan,BATCH4913,2025-09-07,2025-07-15,2026-08-22,2,215,88,58,0,1,33.13,1.179,6.49,155,56,3,3.59,4.08,771.68,4.62,15.0,91.14,FIFO,In Stock,2,2025-07-06,5.1,86.44,High return rate,69,0,0,1,69,2.08,0,0,0
SKU0439,Dairy Product 486,Dairy,C,S010,PT DailyDairy,WHBDG,Bandung - Rancaekek,BATCH1662,2025-05-09,2025-04-25,2025-05-27,123,162,30,16,1,1,15.04,554.0,10.77,122,47,5,2.04,2.07,329.96,2.79,6.0,90.81,FEFO,Expiring Soon,-5,2025-08-11,-2.34,72.34,Promotional item,116,0,0,1,116,7.71,1,0,0
SKU0440,Meat Product 343,Meat,A,S004,PT Nusantara Supplier,WHDPS,Denpasar - Tabanan,BATCH8695,2025-06-09,2025-04-12,2025-06-26,92,297,29,33,7,1,24.26,861.0,12.24,151,54,4,6.89,6.53,2045.97,2.45,6.0,77.28,FEFO,Expiring Soon,0,2025-09-04,-4.3,90.07,Promotional item,235,0,0,0,235,9.69,1,0,0
SKU0441,Fresh Product 496,Fresh Produce,C,S009,PT Beverage Nusantara,WHSBY,Surabaya - Sidoarjo,BATCH9918,2025-07-04,2025-05-29,2025-07-16,67,303,96,13,1,2,35.71,795.0,8.48,218,75,4,1.83,2.05,554.4,3.54,15.0,88.7,FIFO,Expiring Soon,3,2025-07-23,6.26,82.04,,194,0,0,1,194,5.43,1,0,0
SKU0442,Bakery Product 335,Bakery,C,S002,PT Indo Fresh,WHDPS,Denpasar - Tabanan,BATCH4651,2025-07-07,2025-06-04,2025-07-12,64,308,114,48,0,1,54.2,1.365,5.68,165,57,2,1.5,1.56,462.71,5.28,15.0,74.64,FEFO,Expiring Soon,1,2025-07-26,-3.98,80.32,,146,0,0,1,146,2.69,1,0,0
SKU0443,Seafood Product 406,Seafood,A,S008,PT Hygienic Supplies,WHDPS,Denpasar - Tabanan,BATCH8207,2025-09-08,2025-08-29,2025-09-13,1,221,23,37,1,1,22.86,634.0,9.67,75,29,2,10.72,11.89,2369.72,3.1,6.0,97.28,FIFO,Expiring Soon,-2,2025-08-31,-9.84,97.4,,161,0,0,0,161,7.04,0,1,0
SKU0444,Meat Product 77,Meat,A,S003,PT Prima Distribusi,WHBDG,Bandung - Rancaekek,BATCH4773,2025-06-09,2025-05-14,2025-06-17,92,459,72,34,0,2,27.14,592.0,16.91,128,47,3,5.22,4.83,2395.8,1.77,10.0,95.7,FEFO,Expiring Soon,0,2025-08-26,-5.25,96.88,,353,0,0,0,353,13.01,1,0,0
SKU0445,Frozen Product 108,Frozen,B,S010,PT DailyDairy,WHBDG,Bandung - Rancaekek,BATCH1367,2025-03-28,2025-03-13,2026-01-07,165,176,68,13,2,2,18.4,600.0,9.57,91,36,3,5.64,5.25,992.99,3.14,5.0,70.23,FIFO,In Stock,0,2025-08-24,-6.63,75.06,,95,0,0,0,95,5.16,0,0,0
SKU0446,Dairy Product 323,Dairy,C,S009,PT Beverage Nusantara,WHJKT,Jakarta - Cengkareng,BATCH1916,2025-04-16,2025-04-06,2025-04-27,146,95,7,0,2,1,9.06,202.0,10.49,74,29,5,3.21,3.56,304.9,2.86,5.0,98.03,FEFO,Expiring Soon,2,2025-08-17,1.44,77.66,,88,0,0,0,88,9.71,1,0,0
SKU0447,Bakery Product 497,Bakery,C,S010,PT DailyDairy,WHJKT,Jakarta - Cengkareng,BATCH2404,2025-03-24,2025-03-11,2025-03-28,169,48,7,5,4,1,4.7,126.0,10.21,53,20,7,1.13,1.15,54.15,2.94,3.0,83.59,FEFO,Low Stock,-2,2025-06-24,4.41,83.19,,36,0,0,1,36,7.66,1,0,0
SKU0448,Household Product 88,Household,C,S004,PT Nusantara Supplier,WHMDN,Medan - Deli Serdang,BATCH3979,2025-04-09,2025-03-01,2027-01-26,153,39,4,0,0,1,2.79,76.0,13.98,26,15,4,17.87,16.24,696.97,2.15,1.0,73.17,FEFO,In Stock,-6,2025-08-19,1.86,77.82,,35,0,0,0,35,12.54,0,0,0
SKU0449,Seafood Product 233,Seafood,C,S010,PT DailyDairy,WHDPS,Denpasar - Tabanan,BATCH7196,2025-08-23,2025-07-30,2025-08-29,17,24,3,4,1,3,1.97,71.0,12.18,13,5,4,3.89,3.61,93.44,2.46,3.0,80.04,FIFO,Expiring Soon,4,2025-08-27,0.1,62.75,Temperature controlled,17,0,0,0,17,8.63,1,0,0
SKU0450,Household Product 259,Household,A,S007,PT Bakerindo,WHBDG,Bandung - Rancaekek,BATCH3906,2025-04-07,2025-03-08,2026-10-21,155,273,35,11,0,0,17.93,553.0,15.23,33,15,1,12.61,12.41,3441.49,1.97,7.0,85.05,FIFO,In Stock,0,2025-07-03,4.36,65.49,,227,0,0,0,227,12.66,0,0,0
SKU0451,Fresh Product 247,Fresh Produce,C,S003,PT Prima Distribusi,WHDPS,Denpasar - Tabanan,BATCH8069,2025-04-24,2025-03-22,2025-04-27,138,244,81,88,3,0,60.42,1.517,4.04,280,99,3,0.58,0.55,141.84,7.43,19.0,70.67,FEFO,Low Stock,-7,2025-07-24,8.19,78.63,,75,0,1,1,75,1.24,1,0,0
SKU0452,Beverages Product 220,Beverages,C,S004,PT Nusantara Supplier,WHMDN,Medan - Deli Serdang,BATCH2600,2025-06-04,2025-05-08,2028-05-21,97,162,53,5,0,0,16.95,414.0,9.56,358,121,14,2.1,2.34,340.52,3.14,5.0,87.56,FIFO,Low Stock,-6,2025-08-08,3.76,76.8,,104,0,1,1,104,6.14,0,0,0
SKU0453,Meat Product 440,Meat,C,S002,PT Indo Fresh,WHSBY,Surabaya - Sidoarjo,BATCH5223,2025-04-09,2025-03-28,2025-04-27,153,21,6,3,0,1,3.81,135.0,5.51,36,17,5,10.66,10.33,223.82,5.44,1.0,89.7,FIFO,Low Stock,0,2025-06-11,6.02,90.08,,12,0,1,1,12,3.15,1,0,0
SKU0454,Fresh Product 268,Fresh Produce,C,S002,PT Indo Fresh,WHDPS,Denpasar - Tabanan,BATCH4365,2025-09-08,2025-07-26,2025-09-17,1,381,35,79,0,0,43.09,1.215,8.84,199,70,3,0.51,0.57,192.63,3.39,14.0,73.48,FEFO,Expiring Soon,-5,2025-07-19,-2.53,93.08,,267,0,0,0,267,6.2,0,1,0
SKU0455,Dairy Product 334,Dairy,C,S010,PT DailyDairy,WHSBY,Surabaya - Sidoarjo,BATCH7939,2025-07-05,2025-05-30,2025-07-29,66,68,68,0,3,0,26.48,798.0,2.57,204,72,5,0.98,0.98,66.65,11.68,13.0,86.28,FEFO,Low Stock,7,2025-06-23,1.6,60.91,,0,0,1,1,0,0.0,1,0,0
SKU0456,Beverages Product 387,Beverages,A,S004,PT Nusantara Supplier,WHMDN,Medan - Deli Serdang,BATCH8904,2025-04-21,2025-04-10,2029-06-05,141,1,160,61,0,2,74.86,1.762,15.48,567,193,5,2.0,2.28,2319.51,1.94,28.0,74.33,FEFO,In Stock,1,2025-06-30,8.83,68.28,,-220,1,1,1,0,0.0,0,0,0
SKU0457,Meat Product 158,Meat,C,S010,PT DailyDairy,WHSBY,Surabaya - Sidoarjo,BATCH3262,2025-03-13,2025-01-18,2025-03-30,180,23,5,7,0,0,2.66,82.0,8.65,6,3,1,6.53,7.15,150.18,3.47,1.0,83.5,FIFO,Expiring Soon,1,2025-08-11,-4.79,81.86,,11,0,0,0,11,4.14,1,0,0
SKU0458,Beverages Product 83,Beverages,A,S002,PT Indo Fresh,WHBDG,Bandung - Rancaekek,BATCH6544,2025-05-02,2025-03-12,2028-07-30,130,1,127,265,1,1,84.52,2.179,13.55,390,136,3,2.29,2.24,2625.03,2.21,34.0,71.06,FIFO,In Stock,-1,2025-08-20,2.76,86.14,,-391,1,1,1,0,0.0,0,0,0
SKU0459,Pantry Product 412,Pantry,B,S002,PT Indo Fresh,WHBDG,Bandung - Rancaekek,BATCH8133,2025-05-12,2025-05-07,2029-09-22,120,109,11,8,2,2,11.01,376.0,9.9,34,12,2,14.01,12.86,1527.3,3.03,4.0,84.07,FIFO,In Stock,2,2025-08-07,2.8,73.51,,90,0,0,0,90,8.17,0,0,0
SKU0460,Fresh Product 20,Fresh Produce,C,S007,PT Bakerindo,WHMDN,Medan - Deli Serdang,BATCH9536,2025-04-05,2025-03-18,2025-04-18,157,310,25,70,0,0,25.35,576.0,12.23,81,30,2,2.11,2.12,654.04,2.45,3.0,72.33,FIFO,Expiring Soon,8,2025-08-18,-7.87,85.04,,215,0,0,0,215,8.48,1,0,0
SKU0461,Bakery Product 104,Bakery,B,S009,PT Beverage Nusantara,WHSBY,Surabaya - Sidoarjo,BATCH9364,2025-07-22,2025-06-19,2025-07-24,49,419,60,92,0,1,42.17,985.0,9.94,638,216,10,3.17,3.18,1328.44,3.02,16.0,91.79,FIFO,Low Stock,1,2025-06-23,8.61,85.68,,267,0,0,1,267,6.33,1,0,0
SKU0462,Fresh Product 123,Fresh Produce,C,S001,PT Segar Makmur,WHBDG,Bandung - Rancaekek,BATCH7544,2025-08-18,2025-07-27,2025-08-25,22,473,164,76,3,0,78.98,2.16,5.99,834,281,7,1.68,1.8,792.51,5.01,31.0,75.85,FEFO,Low Stock,2,2025-07-20,1.92,84.18,,233,0,1,1,233,2.95,1,0,0
SKU0463,Frozen Product 378,Frozen,A,S002,PT Indo Fresh,WHJKT,Jakarta - Cengkareng,BATCH6703,2025-04-22,2025-03-31,2025-12-30,140,815,11,87,1,0,40.0,1.098,20.37,187,67,3,4.46,4.81,3633.19,1.47,13.0,90.08,FEFO,In Stock,3,2025-08-12,2.07,64.5,,717,0,0,0,717,17.92,0,0,0
SKU0464,Dairy Product 477,Dairy,B,S007,PT Bakerindo,WHDPS,Denpasar - Tabanan,BATCH3867,2025-09-08,2025-08-13,2025-09-23,1,537,62,77,1,0,49.47,1.395,10.86,377,130,5,3.33,3.72,1787.08,2.76,18.0,98.86,FIFO,Expiring Soon,2,2025-06-30,-0.33,73.93,Promotional item,398,0,0,0,398,8.05,0,1,0
SKU0465,Seafood Product 60,Seafood,A,S009,PT Beverage Nusantara,WHSBY,Surabaya - Sidoarjo,BATCH8254,2025-04-25,2025-04-01,2025-05-02,137,180,37,48,1,0,19.67,434.0,9.15,68,29,2,11.47,11.08,2064.42,3.28,8.0,96.29,FEFO,Expiring Soon,-2,2025-08-09,-5.8,74.15,,95,0,0,0,95,4.83,1,0,0
SKU0466,Personal Product 235,Personal Care,B,S008,PT Hygienic Supplies,WHDPS,Denpasar - Tabanan,BATCH2904,2025-09-02,2025-08-17,2029-05-16,7,76,5,13,0,2,5.42,160.0,14.02,17,12,1,20.16,19.25,1531.86,2.14,6.0,80.92,FIFO,In Stock,2,2025-07-23,7.24,75.63,,58,0,0,0,58,10.7,0,0,0
SKU0467,Personal Product 347,Personal Care,C,S004,PT Nusantara Supplier,WHSBY,Surabaya - Sidoarjo,BATCH9462,2025-05-27,2025-04-23,2028-05-19,105,37,14,4,0,0,4.06,132.0,9.11,63,22,10,0.75,0.74,27.86,3.29,3.0,92.9,FIFO,Low Stock,-2,2025-06-12,0.86,68.9,,19,0,1,1,19,4.68,0,0,0
SKU0468,Meat Product 48,Meat,B,S007,PT Bakerindo,WHSBY,Surabaya - Sidoarjo,BATCH8807,2025-08-21,2025-08-01,2025-08-31,19,223,59,47,0,0,23.58,552.0,9.46,37,13,1,4.77,4.53,1063.51,3.17,16.0,80.69,FEFO,Expiring Soon,3,2025-08-13,-8.41,94.72,,117,0,0,0,117,4.96,1,0,0
SKU0469,Meat Product 485,Meat,B,S004,PT Nusantara Supplier,WHMDN,Medan - Deli Serdang,BATCH4965,2025-07-20,2025-05-26,2025-08-01,51,193,27,56,4,0,24.79,696.0,7.79,268,94,7,9.24,10.05,1784.25,3.85,11.0,87.21,FEFO,Low Stock,-5,2025-08-14,6.86,83.41,,110,0,0,1,110,4.44,1,0,0
SKU0470,Household Product 429,Household,A,S010,PT DailyDairy,WHSBY,Surabaya - Sidoarjo,BATCH2964,2025-08-01,2025-06-04,2027-03-07,39,120,12,0,1,0,10.22,282.0,11.74,81,30,5,18.98,17.94,2278.02,2.56,5.0,88.43,FIFO,In Stock,-1,2025-06-15,8.29,62.05,,108,0,0,0,108,10.57,0,0,0
SKU0471,Frozen Product 4,Frozen,B,S009,PT Beverage Nusantara,WHJKT,Jakarta - Cengkareng,BATCH6167,2025-05-09,2025-04-08,2026-02-08,123,344,55,85,1,1,28.89,908.0,11.91,441,152,10,3.92,3.54,1347.72,2.52,13.0,78.84,FEFO,Low Stock,1,2025-07-09,-9.31,67.69,,204,0,0,1,204,7.06,0,0,0
SKU0472,Beverages Product 262,Beverages,A,S005,PT Agro Raya,WHMDN,Medan - Deli Serdang,BATCH3101,2025-07-15,2025-07-12,2029-10-08,56,422,54,74,1,0,47.99,1.302,8.79,724,244,10,5.06,5.44,2135.62,3.41,17.0,73.58,FEFO,Low Stock,0,2025-07-10,-0.68,67.13,,294,0,0,1,294,6.13,0,0,0
SKU0473,Fresh Product 178,Fresh Produce,C,S007,PT Bakerindo,WHBDG,Bandung - Rancaekek,BATCH9490,2025-05-15,2025-04-16,2025-05-19,117,211,98,107,2,1,57.71,2.233,3.66,873,296,10,1.64,1.86,345.79,8.21,16.0,71.68,FEFO,Low Stock,1,2025-06-13,6.15,70.42,High return rate,6,0,1,1,6,0.1,1,0,0
SKU0474,Bakery Product 52,Bakery,A,S006,PT Frozen Express,WHSBY,Surabaya - Sidoarjo,BATCH4066,2025-04-06,2025-03-02,2025-04-10,156,759,115,41,0,0,42.43,1.014,17.89,256,86,4,3.92,3.94,2978.85,1.68,14.0,91.26,FEFO,Expiring Soon,0,2025-08-10,5.15,74.14,,603,0,0,0,603,14.21,1,0,0
SKU0475,Personal Product 176,Personal Care,C,S006,PT Frozen Express,WHBDG,Bandung - Rancaekek,BATCH4449,2025-05-05,2025-04-09,2028-09-19,127,52,11,2,5,1,5.04,132.0,10.32,24,14,2,6.26,6.69,325.41,2.91,2.0,89.73,FEFO,In Stock,2,2025-07-25,2.67,60.92,,39,0,0,0,39,7.74,0,0,0
SKU0476,Meat Product 93,Meat,A,S010,PT DailyDairy,WHBDG,Bandung - Rancaekek,BATCH2636,2025-04-15,2025-02-28,2025-04-27,147,239,145,48,1,0,36.81,1.149,6.49,174,64,3,9.34,8.5,2233.12,4.62,19.0,88.44,FEFO,Expiring Soon,0,2025-08-10,-9.71,81.03,,46,0,1,1,46,1.25,1,0,0
SKU0477,Household Product 101,Household,A,S003,PT Prima Distribusi,WHBDG,Bandung - Rancaekek,BATCH3893,2025-05-11,2025-04-15,2026-05-30,121,232,32,38,2,0,15.89,438.0,14.6,54,22,2,15.71,16.08,3643.91,2.05,7.0,89.9,FEFO,In Stock,0,2025-08-23,-0.2,76.5,,162,0,0,0,162,10.2,0,0,0
SKU0478,Household Product 265,Household,C,S009,PT Beverage Nusantara,WHSBY,Surabaya - Sidoarjo,BATCH5111,2025-05-08,2025-04-03,2028-01-12,124,90,28,10,3,2,9.46,269.0,9.51,101,35,7,8.39,9.0,755.08,3.15,4.0,72.85,FIFO,Low Stock,-2,2025-07-21,-0.61,80.47,High return rate,52,0,0,1,52,5.5,0,0,0
SKU0479,Fresh Product 417,Fresh Produce,C,S005,PT Agro Raya,WHMDN,Medan - Deli Serdang,BATCH8370,2025-04-01,2025-02-13,2025-04-05,161,661,81,52,0,1,36.71,885.0,18.01,281,97,5,0.33,0.36,217.8,1.67,11.0,76.05,FEFO,Expiring Soon,-2,2025-08-07,-5.97,71.61,,528,0,0,0,528,14.38,1,0,0
SKU0480,Pantry Product 478,Pantry,C,S005,PT Agro Raya,WHSBY,Surabaya - Sidoarjo,BATCH2986,2025-09-04,2025-08-13,2028-12-25,5,60,10,9,1,0,5.85,154.0,10.26,94,36,10,11.89,12.78,713.5,2.92,4.0,83.95,FIFO,Low Stock,-2,2025-06-28,0.05,70.75,,41,0,0,1,41,7.01,0,0,0
SKU0481,Pantry Product 90,Pantry,C,S005,PT Agro Raya,WHSBY,Surabaya - Sidoarjo,BATCH9363,2025-06-18,2025-05-18,2030-03-27,83,51,13,38,0,2,18.61,669.0,2.74,114,40,4,10.18,11.2,519.19,10.95,7.0,93.23,FEFO,Low Stock,-5,2025-08-30,1.61,70.43,,0,0,1,1,0,0.0,0,0,0
SKU0482,Meat Product 324,Meat,C,S003,PT Prima Distribusi,WHBDG,Bandung - Rancaekek,BATCH7911,2025-03-30,2025-02-18,2025-04-14,163,16,7,3,0,0,2.76,71.0,5.8,44,16,10,11.83,11.35,189.34,5.17,2.0,97.32,FEFO,Low Stock,-1,2025-08-31,7.89,71.56,Promotional item,6,0,1,1,6,2.17,1,0,0
SKU0483,Meat Product 163,Meat,B,S005,PT Agro Raya,WHSBY,Surabaya - Sidoarjo,BATCH5444,2025-04-08,2025-02-11,2025-04-25,154,554,57,108,2,1,38.27,1.052,14.48,296,105,5,2.43,2.75,1345.44,2.07,13.0,97.3,FEFO,Expiring Soon,1,2025-07-25,-0.4,76.36,,389,0,0,0,389,10.16,1,0,0
SKU0484,Pantry Product 231,Pantry,C,S007,PT Bakerindo,WHBDG,Bandung - Rancaekek,BATCH3048,2025-07-24,2025-06-08,2026-09-09,47,38,4,7,2,0,4.16,146.0,9.13,12,8,1,12.49,13.99,474.44,3.28,1.0,77.4,FIFO,In Stock,-2,2025-06-17,1.54,80.68,,27,0,0,0,27,6.49,0,0,0
SKU0485,Beverages Product 384,Beverages,A,S002,PT Indo Fresh,WHBDG,Bandung - Rancaekek,BATCH2687,2025-07-29,2025-07-23,2028-10-19,42,538,48,138,0,0,81.0,2.477,6.64,125,44,1,5.96,5.72,3206.59,4.52,23.0,75.63,FIFO,In Stock,-1,2025-07-11,8.17,78.16,,352,0,0,0,352,4.35,0,0,0
SKU0486,Fresh Product 204,Fresh Produce,C,S009,PT Beverage Nusantara,WHJKT,Jakarta - Cengkareng,BATCH3544,2025-08-14,2025-08-09,2025-08-21,26,179,30,1,2,1,23.99,520.0,7.46,113,41,3,1.52,1.47,271.42,4.02,13.0,84.52,FEFO,Expiring Soon,-1,2025-08-01,2.27,65.58,,148,0,0,0,148,6.17,1,0,0
SKU0487,Beverages Product 227,Beverages,B,S003,PT Prima Distribusi,WHBDG,Bandung - Rancaekek,BATCH1468,2025-04-28,2025-04-26,2027-04-12,134,300,26,10,2,0,21.72,803.0,13.81,136,49,4,4.34,4.32,1303.38,2.17,3.0,94.15,FEFO,In Stock,0,2025-07-30,-7.99,96.39,,264,0,0,0,264,12.15,0,0,0
SKU0488,Frozen Product 446,Frozen,C,S009,PT Beverage Nusantara,WHSBY,Surabaya - Sidoarjo,BATCH3213,2025-04-22,2025-02-21,2026-02-09,140,108,101,7,1,1,30.87,890.0,3.5,142,49,3,3.56,3.73,384.89,8.58,7.0,86.79,FIFO,Low Stock,2,2025-06-26,2.66,73.16,,0,0,1,1,0,0.0,0,0,0
SKU0489,Pantry Product 326,Pantry,C,S010,PT DailyDairy,WHMDN,Medan - Deli Serdang,BATCH9745,2025-04-28,2025-04-09,2029-11-28,134,146,52,7,1,0,15.42,378.0,9.47,77,31,3,3.92,4.01,571.75,3.17,5.0,93.41,FEFO,In Stock,-4,2025-07-10,-6.56,96.97,,87,0,0,0,87,5.64,0,0,0
SKU0490,Household Product 227,Household,B,S005,PT Agro Raya,WHSBY,Surabaya - Sidoarjo,BATCH3551,2025-05-27,2025-05-08,2027-11-10,105,61,10,11,4,1,5.51,148.0,11.07,13,7,1,15.81,16.44,964.5,2.71,4.0,94.71,FIFO,In Stock,2,2025-09-09,-6.25,89.68,,40,0,0,0,40,7.26,0,0,0
SKU0491,Beverages Product 70,Beverages,C,S006,PT Frozen Express,WHSBY,Surabaya - Sidoarjo,BATCH1136,2025-05-12,2025-03-29,2029-05-11,120,83,42,12,2,2,10.13,241.0,8.19,37,17,2,1.39,1.4,115.49,3.66,4.0,70.03,FEFO,In Stock,2,2025-07-10,-7.12,70.08,,29,0,0,1,29,2.86,0,0,0
SKU0492,Beverages Product 409,Beverages,B,S005,PT Agro Raya,WHDPS,Denpasar - Tabanan,BATCH9981,2025-07-12,2025-06-19,2026-07-26,59,256,82,14,7,1,29.84,1.15,8.58,51,21,1,4.88,4.42,1249.64,3.5,13.0,71.48,FIFO,In Stock,-2,2025-07-19,0.48,94.64,,160,0,0,0,160,5.36,0,0,0
SKU0493,Bakery Product 128,Bakery,C,S003,PT Prima Distribusi,WHMDN,Medan - Deli Serdang,BATCH5308,2025-06-05,2025-05-31,2025-06-08,96,357,24,20,2,2,26.81,682.0,13.32,48,21,1,2.21,1.99,787.33,2.25,8.0,71.1,FEFO,Expiring Soon,2,2025-06-21,8.74,60.34,,313,0,0,0,313,11.67,1,0,0
SKU0494,Beverages Product 466,Beverages,C,S010,PT DailyDairy,WHSBY,Surabaya - Sidoarjo,BATCH9715,2025-06-29,2025-05-09,2030-02-16,72,1,101,1,1,0,74.43,2.608,14.11,343,120,3,0.41,0.39,425.78,2.13,23.0,95.41,FEFO,In Stock,-6,2025-07-19,6.16,72.54,,-101,1,1,1,0,0.0,0,0,0
SKU0495,Fresh Product 70,Fresh Produce,C,S005,PT Agro Raya,WHJKT,Jakarta - Cengkareng,BATCH8418,2025-03-30,2025-03-13,2025-04-09,163,821,165,245,2,3,75.59,2.037,10.86,800,271,7,0.79,0.86,650.72,2.76,27.0,73.08,FEFO,Expiring Soon,-1,2025-08-16,5.18,63.43,,411,0,0,1,411,5.44,1,0,0
SKU0496,Dairy Product 497,Dairy,B,S009,PT Beverage Nusantara,WHJKT,Jakarta - Cengkareng,BATCH5622,2025-07-24,2025-07-07,2025-08-03,47,502,98,92,3,4,45.06,1.05,11.14,479,164,7,2.76,2.63,1385.52,2.69,9.0,90.95,FIFO,Expiring Soon,0,2025-07-15,-2.36,84.68,,312,0,0,1,312,6.92,1,0,0
SKU0497,Meat Product 78,Meat,C,S001,PT Segar Makmur,WHMDN,Medan - Deli Serdang,BATCH7885,2025-07-16,2025-06-27,2025-07-31,55,249,47,97,0,1,23.66,648.0,10.52,112,41,3,1.71,1.79,425.84,2.85,12.0,96.42,FEFO,Expiring Soon,4,2025-07-24,2.6,94.43,,105,0,0,1,105,4.44,1,0,0
SKU0498,Household Product 170,Household,C,S002,PT Indo Fresh,WHBDG,Bandung - Rancaekek,BATCH7429,2025-08-26,2025-08-22,2028-02-22,14,45,11,0,0,0,3.65,89.0,12.33,45,19,7,16.15,16.75,726.85,2.43,3.0,76.13,FEFO,Low Stock,-1,2025-08-17,2.19,67.92,,34,0,0,1,34,9.32,0,0,0
SKU0499,Household Product 419,Household,A,S007,PT Bakerindo,WHJKT,Jakarta - Cengkareng,BATCH7304,2025-08-09,2025-06-21,2027-12-31,31,215,41,54,2,0,17.55,656.0,12.25,32,14,1,13.15,13.79,2827.38,2.45,3.0,86.9,FEFO,In Stock,0,2025-08-09,6.02,95.46,,120,0,0,0,120,6.84,0,0,0
SKU0500,Fresh Product 236,Fresh Produce,C,S002,PT Indo Fresh,WHDPS,Denpasar - Tabanan,BATCH8746,2025-03-23,2025-02-27,2025-03-29,170,498,34,51,1,1,34.77,1.314,14.32,214,75,4,0.35,0.34,175.45,2.09,15.0,82.38,FEFO,Expiring Soon,-2,2025-07-30,3.65,87.26,,413,0,0,0,413,11.88,1,0,0
SKU0501,Beverages Product 382,Beverages,C,S009,PT Beverage Nusantara,WHDPS,Denpasar - Tabanan,BATCH8884,2025-08-09,2025-06-30,2028-01-09,31,71,61,10,1,0,27.12,812.0,2.62,127,46,3,3.98,3.98,282.82,11.46,13.0,82.2,FEFO,Low Stock,5,2025-08-15,-2.75,82.8,,0,0,1,1,0,0.0,0,0,0
SKU0502,Fresh Product 342,Fresh Produce,C,S004,PT Nusantara Supplier,WHJKT,Jakarta - Cengkareng,BATCH8113,2025-07-11,2025-06-21,2025-07-24,60,210,52,53,0,0,24.23,663.0,8.67,113,40,3,1.32,1.37,276.34,3.46,8.0,73.78,FIFO,Expiring Soon,-2,2025-08-19,9.01,65.44,,105,0,0,1,105,4.33,1,0,0
SKU0503,Pantry Product 203,Pantry,B,S004,PT Nusantara Supplier,WHJKT,Jakarta - Cengkareng,BATCH8786,2025-08-30,2025-07-17,2029-12-02,10,227,46,63,3,1,24.52,930.0,9.26,77,28,2,3.6,3.84,817.7,3.24,5.0,77.15,FIFO,In Stock,-1,2025-07-24,-7.68,88.96,,118,0,0,0,118,4.81,0,0,0
SKU0504,Meat Product 256,Meat,B,S002,PT Indo Fresh,WHDPS,Denpasar - Tabanan,BATCH1979,2025-06-15,2025-05-24,2025-06-21,86,151,21,6,0,0,10.78,344.0,14.01,56,24,3,8.63,8.9,1302.69,2.14,6.0,81.62,FIFO,Expiring Soon,4,2025-06-12,9.62,65.52,,124,0,0,0,124,11.5,1,0,0
SKU0505,Fresh Product 250,Fresh Produce,C,S004,PT Nusantara Supplier,WHSBY,Surabaya - Sidoarjo,BATCH6690,2025-04-20,2025-02-28,2025-05-03,142,75,17,9,1,1,8.34,288.0,8.99,44,19,3,1.64,1.78,123.37,3.34,3.0,75.49,FEFO,Expiring Soon,1,2025-08-16,-3.57,61.16,Fragile,49,0,0,0,49,5.88,1,0,0
SKU0506,Seafood Product 69,Seafood,A,S005,PT Agro Raya,WHJKT,Jakarta - Cengkareng,BATCH5828,2025-05-08,2025-04-04,2025-05-18,124,190,83,67,4,0,29.33,845.0,6.48,50,21,1,14.15,14.44,2688.31,4.63,6.0,98.29,FEFO,Expiring Soon,-3,2025-08-16,1.95,67.69,,40,0,0,1,40,1.36,1,0,0
SKU0507,Pantry Product 166,Pantry,A,S008,PT Hygienic Supplies,WHSBY,Surabaya - Sidoarjo,BATCH3627,2025-04-09,2025-04-05,2029-05-18,153,390,81,73,1,1,27.59,705.0,14.14,129,46,3,7.69,8.28,2997.27,2.12,11.0,92.91,FIFO,In Stock,-1,2025-07-14,3.43,60.71,,236,0,0,0,236,8.55,0,0,0
SKU0508,Meat Product 188,Meat,C,S008,PT Hygienic Supplies,WHJKT,Jakarta - Cengkareng,BATCH7210,2025-03-30,2025-02-12,2025-04-20,163,101,17,25,0,0,15.54,593.0,6.5,52,21,2,4.87,4.63,492.17,4.62,6.0,76.75,FIFO,Expiring Soon,1,2025-09-07,-1.41,64.89,,59,0,0,0,59,3.8,1,0,0
SKU0509,Bakery Product 318,Bakery,C,S004,PT Nusantara Supplier,WHSBY,Surabaya - Sidoarjo,BATCH9830,2025-08-24,2025-07-03,2025-08-31,16,278,8,43,3,0,27.35,832.0,10.16,416,142,10,0.93,1.01,257.34,2.95,10.0,78.47,FEFO,Low Stock,1,2025-08-16,-9.23,80.9,,227,0,0,1,227,8.3,1,0,0
SKU0510,Frozen Product 283,Frozen,B,S003,PT Prima Distribusi,WHDPS,Denpasar - Tabanan,BATCH7714,2025-06-29,2025-05-19,2026-03-18,72,832,98,17,0,2,38.65,1.068,21.53,66,27,1,1.73,1.78,1441.44,1.39,15.0,78.29,FEFO,In Stock,-7,2025-08-26,-8.28,62.5,Seasonal SKU,717,0,0,0,717,18.55,0,0,0
SKU0511,Fresh Product 481,Fresh Produce,B,S003,PT Prima Distribusi,WHBDG,Bandung - Rancaekek,BATCH2753,2025-09-01,2025-08-01,2025-09-07,8,485,3,22,0,0,27.81,994.0,17.44,129,46,3,2.3,2.37,1116.71,1.72,8.0,73.77,FIFO,Expiring Soon,0,2025-08-28,3.89,63.04,Fragile,460,0,0,0,460,16.54,1,0,0
SKU0512,Pantry Product 270,Pantry,B,S010,PT DailyDairy,WHDPS,Denpasar - Tabanan,BATCH7002,2025-07-06,2025-06-22,2026-10-14,65,245,38,41,1,1,15.92,589.0,15.39,79,31,3,4.89,4.91,1198.64,1.95,3.0,87.97,FIFO,In Stock,4,2025-09-08,6.84,92.64,,166,0,0,0,166,10.43,0,0,0
SKU0513,Dairy Product 252,Dairy,C,S002,PT Indo Fresh,WHMDN,Medan - Deli Serdang,BATCH6913,2025-03-30,2025-02-23,2025-04-07,163,142,127,15,2,3,43.86,1.686,3.24,204,72,3,1.68,1.61,238.52,9.27,17.0,84.18,FEFO,Low Stock,-1,2025-07-24,-4.88,62.13,,0,0,1,1,0,0.0,1,0,0
SKU0514,Fresh Product 316,Fresh Produce,C,S005,PT Agro Raya,WHDPS,Denpasar - Tabanan,BATCH2153,2025-08-30,2025-07-08,2025-09-13,10,242,45,23,0,1,23.21,835.0,10.43,357,125,10,0.31,0.29,74.17,2.88,10.0,81.49,FEFO,Low Stock,3,2025-08-31,-9.35,85.12,,174,0,0,1,174,7.5,0,1,0
SKU0515,Personal Product 50,Personal Care,C,S002,PT Indo Fresh,WHBDG,Bandung - Rancaekek,BATCH4104,2025-04-26,2025-04-14,2028-06-23,136,70,4,11,2,1,4.81,170.0,14.55,37,18,4,10.47,11.79,732.58,2.06,2.0,87.59,FIFO,In Stock,-2,2025-06-29,-7.39,62.67,,55,0,0,0,55,11.43,0,0,0
SKU0516,Dairy Product 384,Dairy,B,S009,PT Beverage Nusantara,WHMDN,Medan - Deli Serdang,BATCH6864,2025-08-13,2025-07-01,2025-09-09,27,481,167,78,2,0,46.04,1.527,10.45,691,231,10,3.47,3.64,1671.09,2.87,16.0,98.33,FEFO,Low Stock,2,2025-06-12,-3.7,73.57,,236,0,0,1,236,5.13,0,1,0
SKU0517,Personal Product 86,Personal Care,B,S003,PT Prima Distribusi,WHDPS,Denpasar - Tabanan,BATCH6529,2025-05-30,2025-04-18,2029-03-28,102,239,56,29,0,0,22.0,475.0,10.86,464,156,14,6.57,5.99,1569.18,2.76,6.0,82.33,FIFO,Low Stock,2,2025-07-03,3.32,92.01,,154,0,1,1,154,7.0,0,0,0
SKU0518,Frozen Product 181,Frozen,C,S006,PT Frozen Express,WHDPS,Denpasar - Tabanan,BATCH7755,2025-06-18,2025-05-01,2026-03-20,83,85,4,4,0,1,6.52,173.0,13.04,141,50,14,1.6,1.54,135.95,2.3,3.0,92.11,FEFO,Low Stock,0,2025-07-30,-7.55,78.63,,77,0,0,1,77,11.81,0,0,0
SKU0519,Pantry Product 110,Pantry,A,S007,PT Bakerindo,WHDPS,Denpasar - Tabanan,BATCH8412,2025-07-06,2025-06-08,2028-07-12,65,288,25,17,0,2,26.11,799.0,11.03,80,28,2,8.23,8.88,2369.78,2.72,8.0,94.17,FEFO,In Stock,-4,2025-09-09,5.1,70.17,,246,0,0,0,246,9.42,0,0,0
SKU0520,Personal Product 306,Personal Care,A,S001,PT Segar Makmur,WHDPS,Denpasar - Tabanan,BATCH1107,2025-08-06,2025-07-18,2028-04-15,34,141,4,6,2,1,8.91,305.0,15.82,136,47,10,24.9,23.07,3511.58,1.9,5.0,71.76,FIFO,In Stock,4,2025-08-13,5.38,77.88,,131,0,0,1,131,14.7,0,0,0
SKU0521,Fresh Product 421,Fresh Produce,C,S005,PT Agro Raya,WHDPS,Denpasar - Tabanan,BATCH3534,2025-05-02,2025-04-26,2025-05-13,130,98,16,33,4,2,10.4,383.0,9.42,17,7,1,2.48,2.64,243.46,3.18,5.0,80.95,FIFO,Expiring Soon,-3,2025-07-13,2.83,95.27,,49,0,0,0,49,4.71,1,0,0
SKU0522,Dairy Product 188,Dairy,C,S010,PT DailyDairy,WHBDG,Bandung - Rancaekek,BATCH5920,2025-07-12,2025-07-07,2025-07-27,59,52,10,1,1,2,4.04,103.0,12.87,48,20,7,2.83,3.16,147.13,2.33,3.0,73.43,FEFO,Expiring Soon,-6,2025-06-29,4.85,85.1,,41,0,0,1,41,10.15,1,0,0
SKU0523,Beverages Product 371,Beverages,C,S006,PT Frozen Express,WHMDN,Medan - Deli Serdang,BATCH2562,2025-07-27,2025-06-19,2029-04-21,44,60,24,21,1,0,10.26,224.0,5.85,33,12,2,1.79,1.72,107.69,5.13,4.0,84.71,FEFO,In Stock,1,2025-09-05,2.43,96.45,,15,0,0,1,15,1.46,0,0,0
SKU0524,Pantry Product 41,Pantry,C,S001,PT Segar Makmur,WHSBY,Surabaya - Sidoarjo,BATCH7824,2025-06-12,2025-04-14,2028-11-17,89,92,68,4,1,0,17.83,479.0,5.16,84,31,3,5.45,5.41,500.95,5.81,10.0,80.37,FIFO,In Stock,1,2025-08-11,-4.4,67.58,,20,0,1,1,20,1.12,0,0,0
SKU0525,Household Product 476,Household,C,S001,PT Segar Makmur,WHMDN,Medan - Deli Serdang,BATCH9591,2025-08-27,2025-08-25,2028-05-12,13,143,8,29,3,1,12.83,478.0,11.15,41,15,2,1.73,1.65,246.83,2.69,3.0,81.32,FEFO,In Stock,2,2025-07-02,-2.21,94.79,,106,0,0,0,106,8.26,0,0,0
SKU0526,Seafood Product 358,Seafood,C,S004,PT Nusantara Supplier,WHBDG,Bandung - Rancaekek,BATCH8300,2025-08-28,2025-07-11,2025-09-06,12,186,45,21,0,2,21.6,493.0,8.61,102,37,3,3.84,3.87,714.26,3.48,5.0,88.78,FIFO,Expiring Soon,2,2025-08-12,8.64,78.76,,120,0,0,0,120,5.56,1,0,0
SKU0527,Household Product 76,Household,C,S003,PT Prima Distribusi,WHSBY,Surabaya - Sidoarjo,BATCH1807,2025-08-19,2025-07-15,2029-04-19,21,93,16,6,1,0,6.67,161.0,13.94,36,16,3,8.18,8.31,760.81,2.15,3.0,80.36,FEFO,In Stock,0,2025-08-07,-4.41,76.18,Temperature controlled,71,0,0,0,71,10.64,0,0,0
SKU0528,Bakery Product 358,Bakery,B,S003,PT Prima Distribusi,WHBDG,Bandung - Rancaekek,BATCH4245,2025-05-09,2025-04-08,2025-05-15,123,1,145,110,0,2,60.1,1.628,16.94,99,39,1,1.76,1.76,1795.55,1.77,22.0,79.55,FEFO,Expiring Soon,0,2025-06-18,-9.32,69.53,,-254,1,1,1,0,0.0,1,0,0
SKU0529,Pantry Product 377,Pantry,A,S009,PT Beverage Nusantara,WHBDG,Bandung - Rancaekek,BATCH5362,2025-07-09,2025-05-21,2026-12-02,62,435,58,59,1,0,26.56,984.0,16.38,87,34,2,9.66,8.8,4200.8,1.83,6.0,96.69,FEFO,In Stock,3,2025-07-30,-5.11,84.08,,318,0,0,0,318,11.97,0,0,0
SKU0530,Pantry Product 58,Pantry,C,S007,PT Bakerindo,WHMDN,Medan - Deli Serdang,BATCH4120,2025-06-08,2025-05-19,2028-05-21,93,61,19,17,0,1,7.49,173.0,8.14,28,13,2,7.28,6.95,444.32,3.68,1.0,98.15,FEFO,In Stock,-1,2025-06-25,-1.34,60.88,,25,0,0,1,25,3.34,0,0,0
SKU0531,Beverages Product 87,Beverages,C,S006,PT Frozen Express,WHDPS,Denpasar - Tabanan,BATCH3389,2025-05-19,2025-04-21,2029-11-15,113,0,0,0,2,2,71.43,1.691,0.0,326,112,3,1.31,1.39,0.0,2142.9,16.0,77.73,FIFO,Out of Stock,4,2025-08-11,5.44,89.11,,0,0,1,1,0,0.0,0,0,0
SKU0532,Bakery Product 388,Bakery,B,S002,PT Indo Fresh,WHJKT,Jakarta - Cengkareng,BATCH3419,2025-08-27,2025-07-03,2025-08-30,13,658,8,18,0,2,64.89,1.498,10.14,398,138,4,2.91,2.99,1915.44,2.96,28.0,91.37,FEFO,Expiring Soon,0,2025-09-08,4.38,76.64,,632,0,0,0,632,9.74,1,0,0
SKU0533,Household Product 157,Household,B,S008,PT Hygienic Supplies,WHMDN,Medan - Deli Serdang,BATCH4424,2025-09-04,2025-07-19,2028-07-14,5,325,18,25,2,0,19.32,552.0,16.82,91,33,3,4.11,4.48,1336.63,1.78,11.0,75.88,FIFO,In Stock,0,2025-08-14,-2.56,97.29,,282,0,0,0,282,14.6,0,0,0
SKU0534,Beverages Product 281,Beverages,A,S008,PT Hygienic Supplies,WHDPS,Denpasar - Tabanan,BATCH1301,2025-08-04,2025-07-11,2030-06-27,36,1,219,102,2,1,76.04,2.023,16.4,118,42,1,3.52,3.55,4387.44,1.83,25.0,73.74,FIFO,In Stock,-5,2025-08-08,9.62,97.64,,-320,1,1,1,0,0.0,0,0,0
SKU0535,Meat Product 405,Meat,B,S010,PT DailyDairy,WHSBY,Surabaya - Sidoarjo,BATCH1136,2025-08-27,2025-08-23,2025-09-15,13,171,22,17,2,0,12.23,443.0,13.98,133,47,7,9.2,10.23,1572.65,2.15,5.0,90.15,FEFO,Expiring Soon,1,2025-06-17,2.59,71.28,,132,0,0,1,132,10.79,0,1,0
SKU0536,Household Product 338,Household,B,S006,PT Frozen Express,WHJKT,Jakarta - Cengkareng,BATCH7332,2025-09-05,2025-08-22,2028-04-26,4,72,13,8,1,0,12.3,260.0,5.85,61,24,3,11.82,13.09,851.05,5.12,7.0,97.45,FEFO,In Stock,2,2025-07-06,-2.7,78.06,,51,0,0,1,51,4.15,0,0,0
SKU0537,Fresh Product 162,Fresh Produce,B,S008,PT Hygienic Supplies,WHDPS,Denpasar - Tabanan,BATCH4054,2025-04-26,2025-04-14,2025-04-30,136,742,11,76,0,2,63.94,2.294,11.6,296,104,3,2.26,2.43,1675.36,2.59,19.0,82.71,FEFO,Expiring Soon,-4,2025-06-30,-1.65,70.16,,655,0,0,0,655,10.24,1,0,0
SKU0538,Fresh Product 127,Fresh Produce,C,S009,PT Beverage Nusantara,WHSBY,Surabaya - Sidoarjo,BATCH7445,2025-06-16,2025-04-30,2025-06-26,85,300,14,12,0,1,32.32,831.0,9.28,203,74,4,1.73,1.72,517.77,3.23,16.0,94.48,FIFO,Expiring Soon,0,2025-09-07,-4.41,84.51,,274,0,0,0,274,8.48,1,0,0
SKU0539,Seafood Product 321,Seafood,C,S005,PT Agro Raya,WHBDG,Bandung - Rancaekek,BATCH2015,2025-05-04,2025-03-25,2025-05-11,128,98,55,41,4,2,24.86,596.0,3.94,262,88,7,4.01,4.21,392.73,7.61,11.0,81.76,FEFO,Low Stock,0,2025-07-22,-2.22,75.3,,2,0,1,1,2,0.08,1,0,0
SKU0540,Household Product 16,Household,B,S009,PT Beverage Nusantara,WHSBY,Surabaya - Sidoarjo,BATCH6599,2025-07-14,2025-05-18,2027-05-20,57,255,33,6,0,0,19.99,635.0,12.76,126,46,4,5.78,5.43,1473.72,2.35,9.0,76.38,FEFO,In Stock,3,2025-06-17,-3.21,92.48,Fragile,216,0,0,0,216,10.81,0,0,0
SKU0541,Pantry Product 348,Pantry,C,S010,PT DailyDairy,WHBDG,Bandung - Rancaekek,BATCH3502,2025-05-26,2025-04-29,2027-09-30,106,144,40,29,1,0,17.54,480.0,8.21,136,48,5,1.32,1.23,190.28,3.65,6.0,83.64,FEFO,In Stock,3,2025-06-24,5.66,84.52,,75,0,0,1,75,4.28,0,0,0
SKU0542,Pantry Product 106,Pantry,B,S003,PT Prima Distribusi,WHDPS,Denpasar - Tabanan,BATCH4314,2025-04-24,2025-02-28,2030-02-22,138,202,57,43,0,2,18.77,501.0,10.76,91,35,3,4.73,4.88,956.17,2.79,4.0,73.27,FIFO,In Stock,1,2025-08-01,-5.55,72.75,,102,0,0,0,102,5.43,0,0,0
SKU0543,Personal Product 466,Personal Care,B,S003,PT Prima Distribusi,WHMDN,Medan - Deli Serdang,BATCH3589,2025-08-03,2025-07-14,2030-04-07,37,158,29,24,1,0,15.25,572.0,10.36,117,41,5,8.79,8.54,1388.76,2.9,7.0,82.22,FIFO,In Stock,4,2025-06-30,5.63,85.83,,105,0,0,1,105,6.89,0,0,0
SKU0544,Beverages Product 95,Beverages,C,S006,PT Frozen Express,WHBDG,Bandung - Rancaekek,BATCH7783,2025-09-02,2025-08-07,2028-06-15,7,693,315,95,1,0,78.88,2.022,8.79,241,83,2,0.55,0.6,379.42,3.41,20.0,71.62,FEFO,In Stock,2,2025-07-15,-4.68,95.06,,283,0,0,0,283,3.59,0,0,0
SKU0545,Household Product 327,Household,A,S005,PT Agro Raya,WHBDG,Bandung - Rancaekek,BATCH3155,2025-07-23,2025-07-12,2027-02-26,48,219,38,30,0,1,17.93,505.0,12.21,198,72,7,14.21,14.08,3112.98,2.46,7.0,78.17,FIFO,In Stock,0,2025-06-23,-5.65,86.58,,151,0,0,1,151,8.42,0,0,0
SKU0546,Pantry Product 314,Pantry,C,S004,PT Nusantara Supplier,WHDPS,Denpasar - Tabanan,BATCH1427,2025-07-12,2025-06-20,2027-10-27,59,49,36,13,2,0,14.05,519.0,3.49,148,50,7,7.12,6.63,348.97,8.6,6.0,84.78,FIFO,Low Stock,2,2025-06-13,6.45,60.92,,0,0,1,1,0,0.0,0,0,0
SKU0547,Dairy Product 434,Dairy,B,S010,PT DailyDairy,WHMDN,Medan - Deli Serdang,BATCH4014,2025-03-27,2025-02-01,2025-04-14,166,346,88,61,2,1,46.44,1.77,7.45,493,168,7,3.84,4.32,1329.92,4.03,15.0,75.08,FEFO,Low Stock,-3,2025-07-09,8.28,62.93,,197,0,0,1,197,4.24,1,0,0
SKU0548,Dairy Product 116,Dairy,C,S001,PT Segar Makmur,WHMDN,Medan - Deli Serdang,BATCH7767,2025-09-06,2025-08-23,2025-09-21,3,262,64,47,0,0,35.99,969.0,7.28,275,95,5,1.17,1.33,306.72,4.12,11.0,92.78,FIFO,Low Stock,0,2025-08-14,-0.72,84.83,Fragile,151,0,0,1,151,4.2,0,1,0
SKU0549,Household Product 251,Household,B,S006,PT Frozen Express,WHMDN,Medan - Deli Serdang,BATCH7633,2025-07-08,2025-05-20,2028-11-29,63,49,0,3,0,0,5.96,146.0,8.22,29,11,3,18.6,18.51,911.21,3.65,3.0,77.93,FIFO,In Stock,0,2025-06-24,1.89,60.6,,46,0,0,0,46,7.72,0,0,0
SKU0550,Bakery Product 161,Bakery,C,S007,PT Bakerindo,WHDPS,Denpasar - Tabanan,BATCH9784,2025-04-16,2025-03-14,2025-04-22,146,195,25,24,2,0,12.02,414.0,16.22,130,46,7,2.78,2.9,542.53,1.85,3.0,79.05,FIFO,Expiring Soon,-1,2025-07-05,1.39,64.83,Fragile,146,0,0,0,146,12.15,1,0,0
SKU0551,Household Product 22,Household,B,S004,PT Nusantara Supplier,WHDPS,Denpasar - Tabanan,BATCH1643,2025-04-25,2025-03-21,2028-07-13,137,128,33,27,3,0,9.54,300.0,13.42,32,13,2,9.77,10.23,1250.16,2.24,3.0,97.86,FEFO,In Stock,2,2025-07-05,-3.79,95.56,,68,0,0,0,68,7.13,0,0,0
SKU0552,Personal Product 98,Personal Care,C,S005,PT Agro Raya,WHMDN,Medan - Deli Serdang,BATCH5684,2025-05-31,2025-05-02,2028-02-13,101,30,6,2,0,0,2.79,70.0,10.75,23,9,5,13.08,11.94,392.31,2.79,1.0,73.76,FIFO,In Stock,6,2025-07-17,-9.8,97.5,,22,0,0,1,22,7.89,0,0,0
SKU0553,Personal Product 354,Personal Care,B,S009,PT Beverage Nusantara,WHBDG,Bandung - Rancaekek,BATCH8400,2025-05-14,2025-05-09,2029-12-27,118,113,65,48,2,2,21.59,542.0,5.23,171,63,5,13.78,12.72,1556.62,5.73,12.0,89.68,FIFO,Low Stock,1,2025-08-17,4.64,76.08,,0,0,1,1,0,0.0,0,0,0
SKU0554,Personal Product 357,Personal Care,B,S009,PT Beverage Nusantara,WHBDG,Bandung - Rancaekek,BATCH6299,2025-06-01,2025-05-04,2028-09-24,100,75,31,37,0,0,14.87,450.0,5.04,319,111,14,22.43,25.46,1682.07,5.95,9.0,80.02,FIFO,Low Stock,3,2025-08-18,-6.12,81.65,,7,0,1,1,7,0.47,0,0,0
SKU0555,Personal Product 459,Personal Care,B,S004,PT Nusantara Supplier,WHMDN,Medan - Deli Serdang,BATCH6309,2025-08-17,2025-07-04,2028-01-11,23,48,7,10,2,1,4.95,127.0,9.7,82,32,10,23.42,25.41,1124.07,3.09,3.0,85.54,FIFO,Low Stock,2,2025-08-25,7.41,63.71,Fragile,31,0,1,1,31,6.26,0,0,0
SKU0556,Pantry Product 44,Pantry,B,S009,PT Beverage Nusantara,WHMDN,Medan - Deli Serdang,BATCH3619,2025-05-02,2025-04-08,2029-10-06,130,231,3,20,1,1,19.16,568.0,12.06,121,44,4,5.61,5.43,1296.44,2.49,10.0,77.11,FEFO,In Stock,4,2025-09-04,2.53,82.22,,208,0,0,0,208,10.86,0,0,0
SKU0557,Personal Product 290,Personal Care,C,S003,PT Prima Distribusi,WHBDG,Bandung - Rancaekek,BATCH1840,2025-08-03,2025-07-08,2027-08-04,37,162,35,41,0,0,22.27,587.0,7.27,37,15,1,4.12,3.71,667.07,4.12,6.0,78.73,FEFO,In Stock,-2,2025-08-01,4.36,81.29,,86,0,0,0,86,3.86,0,0,0
SKU0558,Personal Product 148,Personal Care,C,S003,PT Prima Distribusi,WHJKT,Jakarta - Cengkareng,BATCH1057,2025-08-07,2025-06-29,2027-09-26,33,159,53,15,0,0,22.5,640.0,7.07,172,59,5,1.96,2.25,310.94,4.25,6.0,86.73,FEFO,Low Stock,5,2025-09-08,4.61,92.55,,91,0,0,1,91,4.04,0,0,0
SKU0559,Household Product 279,Household,C,S001,PT Segar Makmur,WHDPS,Denpasar - Tabanan,BATCH4553,2025-05-06,2025-03-30,2027-09-05,126,81,47,17,2,1,14.95,499.0,5.42,53,23,2,5.24,5.49,424.14,5.54,8.0,77.71,FEFO,In Stock,4,2025-07-13,0.36,76.72,,17,0,1,1,17,1.14,0,0,0
SKU0560,Fresh Product 308,Fresh Produce,C,S001,PT Segar Makmur,WHBDG,Bandung - Rancaekek,BATCH4401,2025-04-22,2025-04-19,2025-04-29,140,217,52,64,0,0,32.75,1.103,6.63,52,19,1,1.95,2.17,423.8,4.53,4.0,74.05,FIFO,Expiring Soon,-2,2025-08-22,6.9,73.69,Promotional item,101,0,0,0,101,3.08,1,0,0
SKU0561,Fresh Product 438,Fresh Produce,B,S001,PT Segar Makmur,WHDPS,Denpasar - Tabanan,BATCH6424,2025-04-08,2025-02-09,2025-04-15,154,789,247,244,3,1,72.36,1.726,10.9,327,110,3,1.6,1.47,1259.32,2.75,24.0,83.8,FIFO,Expiring Soon,-3,2025-09-03,-3.58,92.7,High return rate,298,0,0,1,298,4.12,1,0,0
SKU0562,Dairy Product 146,Dairy,C,S010,PT DailyDairy,WHDPS,Denpasar - Tabanan,BATCH3906,2025-04-16,2025-03-18,2025-05-10,146,111,20,13,2,1,11.08,374.0,10.02,72,28,4,1.68,1.82,186.49,2.99,4.0,72.08,FEFO,Expiring Soon,-2,2025-09-05,-1.76,75.42,Promotional item,78,0,0,0,78,7.04,1,0,0
SKU0563,Seafood Product 460,Seafood,A,S007,PT Bakerindo,WHJKT,Jakarta - Cengkareng,BATCH5797,2025-05-23,2025-04-23,2025-05-27,109,393,79,79,0,1,26.88,867.0,14.62,41,14,1,9.03,8.87,3549.81,2.05,9.0,92.1,FIFO,Expiring Soon,0,2025-08-25,7.72,62.76,,235,0,0,0,235,8.74,1,0,0
SKU0564,Meat Product 270,Meat,B,S007,PT Bakerindo,WHDPS,Denpasar - Tabanan,BATCH1953,2025-07-18,2025-07-12,2025-07-29,53,192,0,51,0,2,19.02,470.0,10.09,120,44,4,7.43,7.7,1427.39,2.97,9.0,78.19,FIFO,Expiring Soon,-2,2025-07-10,-5.23,83.69,,141,0,0,0,141,7.41,1,0,0
SKU0565,Pantry Product 404,Pantry,B,S005,PT Agro Raya,WHMDN,Medan - Deli Serdang,BATCH5254,2025-04-07,2025-03-05,2028-01-15,155,262,56,57,0,0,19.86,485.0,13.19,96,36,3,5.15,5.37,1348.85,2.27,8.0,84.06,FEFO,In Stock,0,2025-08-24,-5.75,61.21,,149,0,0,0,149,7.5,0,0,0
SKU0566,Frozen Product 374,Frozen,B,S008,PT Hygienic Supplies,WHMDN,Medan - Deli Serdang,BATCH4812,2025-07-25,2025-06-10,2026-06-26,46,264,144,50,0,0,36.75,1.187,7.18,221,74,4,7.44,6.8,1965.03,4.18,14.0,78.05,FEFO,In Stock,0,2025-08-16,-5.78,81.52,Seasonal SKU,70,0,1,1,70,1.9,0,0,0
SKU0567,Frozen Product 408,Frozen,C,S002,PT Indo Fresh,WHBDG,Bandung - Rancaekek,BATCH7783,2025-04-05,2025-04-03,2026-01-16,157,97,26,8,0,0,8.58,286.0,11.31,94,34,7,2.71,2.47,263.03,2.65,9.0,80.19,FEFO,In Stock,-1,2025-07-27,-3.0,70.99,,63,0,0,1,63,7.34,0,0,0
SKU0568,Pantry Product 6,Pantry,A,S004,PT Nusantara Supplier,WHSBY,Surabaya - Sidoarjo,BATCH6042,2025-07-06,2025-06-17,2026-11-21,65,180,19,14,0,3,13.31,426.0,13.52,64,24,3,11.37,11.0,2046.26,2.22,3.0,80.26,FEFO,In Stock,-2,2025-09-09,9.78,70.36,Promotional item,147,0,0,0,147,11.04,0,0,0
SKU0569,Seafood Product 371,Seafood,A,S010,PT DailyDairy,WHDPS,Denpasar - Tabanan,BATCH4178,2025-09-02,2025-08-12,2025-09-07,7,221,39,9,1,1,18.63,623.0,11.86,89,33,3,11.92,11.19,2633.68,2.53,6.0,93.09,FEFO,Expiring Soon,1,2025-06-15,9.15,76.09,,173,0,0,0,173,9.29,1,0,0
SKU0570,Frozen Product 19,Frozen,A,S003,PT Prima Distribusi,WHMDN,Medan - Deli Serdang,BATCH8546,2025-08-01,2025-06-05,2026-07-07,39,370,56,67,2,1,30.02,1.106,12.33,186,66,4,6.87,7.48,2541.79,2.43,13.0,87.86,FEFO,In Stock,-1,2025-07-12,1.07,61.49,,247,0,0,0,247,8.23,0,0,0
SKU0571,Bakery Product 381,Bakery,C,S001,PT Segar Makmur,WHDPS,Denpasar - Tabanan,BATCH6169,2025-06-25,2025-05-21,2025-07-01,76,123,16,7,2,0,10.09,388.0,12.19,18,8,1,2.2,2.48,270.19,2.46,10.0,88.33,FIFO,Expiring Soon,3,2025-08-14,2.78,79.1,,100,0,0,0,100,9.91,1,0,0
SKU0572,Seafood Product 470,Seafood,B,S006,PT Frozen Express,WHJKT,Jakarta - Cengkareng,BATCH1510,2025-08-02,2025-07-12,2025-08-09,38,147,51,11,0,2,26.0,703.0,5.65,84,32,2,8.78,8.33,1290.57,5.31,13.0,71.56,FEFO,Expiring Soon,1,2025-06-21,-0.29,63.13,,85,0,0,0,85,3.27,1,0,0
SKU0573,Dairy Product 311,Dairy,A,S007,PT Bakerindo,WHBDG,Bandung - Rancaekek,BATCH6050,2025-04-10,2025-02-24,2025-04-20,152,809,149,94,3,0,55.85,2.16,14.49,592,201,7,3.54,3.46,2862.16,2.07,23.0,92.92,FEFO,Expiring Soon,4,2025-06-11,1.22,75.62,Fragile,566,0,0,1,566,10.13,1,0,0
SKU0574,Fresh Product 450,Fresh Produce,C,S004,PT Nusantara Supplier,WHSBY,Surabaya - Sidoarjo,BATCH4541,2025-05-17,2025-04-14,2025-05-24,115,120,3,3,0,1,7.95,198.0,15.09,37,13,3,1.12,1.23,134.05,1.99,5.0,80.0,FEFO,Expiring Soon,3,2025-08-18,2.36,87.69,Seasonal SKU,114,0,0,0,114,14.34,1,0,0
SKU0575,Beverages Product 468,Beverages,A,S002,PT Indo Fresh,WHMDN,Medan - Deli Serdang,BATCH8907,2025-05-03,2025-03-07,2026-06-23,129,1,61,115,1,1,89.01,2.332,16.82,2,624,14,3.16,3.24,4732.77,1.78,28.0,89.75,FIFO,Low Stock,0,2025-08-16,-1.38,77.8,,-175,1,1,1,0,0.0,0,0,0
SKU0576,Frozen Product 448,Frozen,C,S009,PT Beverage Nusantara,WHSBY,Surabaya - Sidoarjo,BATCH2609,2025-06-18,2025-04-27,2026-01-20,83,302,8,60,2,1,41.37,1.457,7.3,193,69,3,1.12,1.28,338.27,4.11,11.0,99.08,FIFO,In Stock,0,2025-08-14,-1.37,89.78,,234,0,0,0,234,5.66,0,0,0
SKU0577,Frozen Product 366,Frozen,A,S009,PT Beverage Nusantara,WHJKT,Jakarta - Cengkareng,BATCH1721,2025-09-08,2025-07-27,2026-05-25,1,335,81,71,0,0,47.92,1.11,6.99,512,177,7,7.18,7.09,2404.23,4.29,23.0,86.14,FIFO,Low Stock,-4,2025-07-29,6.92,60.22,,183,0,0,1,183,3.82,0,0,0
SKU0578,Fresh Product 267,Fresh Produce,B,S005,PT Agro Raya,WHJKT,Jakarta - Cengkareng,BATCH4438,2025-04-15,2025-03-26,2025-04-22,147,357,18,58,0,0,42.25,1.0,8.45,453,157,7,2.4,2.31,857.19,3.55,14.0,98.16,FIFO,Low Stock,4,2025-08-16,-3.47,90.84,,281,0,0,1,281,6.65,1,0,0
SKU0579,Pantry Product 396,Pantry,B,S008,PT Hygienic Supplies,WHJKT,Jakarta - Cengkareng,BATCH3580,2025-07-02,2025-06-15,2027-05-03,69,147,64,54,1,1,28.59,833.0,5.14,178,64,4,12.79,13.9,1879.73,5.83,12.0,77.69,FIFO,Low Stock,2,2025-09-08,-8.17,60.6,,29,0,1,1,29,1.01,0,0,0
SKU0580,Pantry Product 53,Pantry,C,S004,PT Nusantara Supplier,WHDPS,Denpasar - Tabanan,BATCH6218,2025-06-12,2025-05-26,2029-07-11,89,72,49,2,0,1,16.45,425.0,4.38,54,21,2,8.21,8.8,591.23,6.85,3.0,95.17,FIFO,In Stock,0,2025-06-11,-7.59,74.91,,21,0,0,1,21,1.28,0,0,0
SKU0581,Pantry Product 88,Pantry,A,S002,PT Indo Fresh,WHSBY,Surabaya - Sidoarjo,BATCH9856,2025-04-06,2025-03-09,2028-02-28,156,364,50,35,2,1,21.03,686.0,17.31,69,27,2,10.81,11.98,3935.02,1.73,8.0,77.21,FIFO,In Stock,1,2025-08-24,-0.82,97.47,Seasonal SKU,279,0,0,0,279,13.27,0,0,0
SKU0582,Fresh Product 28,Fresh Produce,B,S002,PT Indo Fresh,WHMDN,Medan - Deli Serdang,BATCH8304,2025-06-01,2025-04-23,2025-06-06,100,483,112,82,5,1,51.08,1.8,9.46,385,130,5,2.13,2.16,1029.9,3.17,16.0,91.53,FEFO,Expiring Soon,0,2025-08-01,5.82,81.27,,289,0,0,1,289,5.66,1,0,0
SKU0583,Dairy Product 389,Dairy,A,S009,PT Beverage Nusantara,WHJKT,Jakarta - Cengkareng,BATCH3159,2025-05-13,2025-05-08,2025-06-07,119,864,152,201,2,2,58.29,1.531,14.82,269,94,3,3.59,3.72,3099.69,2.02,23.0,76.27,FEFO,Expiring Soon,-4,2025-08-28,2.11,72.55,,511,0,0,0,511,8.77,1,0,0
SKU0584,Beverages Product 364,Beverages,C,S008,PT Hygienic Supplies,WHMDN,Medan - Deli Serdang,BATCH3354,2025-07-12,2025-05-18,2027-10-13,59,240,71,45,3,1,28.66,868.0,8.37,93,36,2,3.12,3.2,748.75,3.58,14.0,83.81,FEFO,In Stock,0,2025-07-25,6.8,86.59,,124,0,0,0,124,4.33,0,0,0
SKU0585,Beverages Product 341,Beverages,C,S006,PT Frozen Express,WHSBY,Surabaya - Sidoarjo,BATCH1495,2025-05-16,2025-05-12,2029-02-07,116,31,6,5,4,1,9.85,217.0,3.15,52,22,3,2.15,2.19,66.77,9.53,3.0,87.45,FEFO,Low Stock,-3,2025-08-26,9.73,92.0,,20,0,1,1,20,2.03,0,0,0
SKU0586,Frozen Product 88,Frozen,C,S005,PT Agro Raya,WHSBY,Surabaya - Sidoarjo,BATCH3087,2025-04-08,2025-03-07,2026-03-01,154,10,5,4,1,1,2.06,47.0,4.85,7,5,1,1.09,1.14,10.89,6.18,3.0,77.57,FIFO,In Stock,-3,2025-07-20,3.24,62.99,,1,0,1,1,1,0.49,0,0,0
SKU0587,Household Product 167,Household,C,S009,PT Beverage Nusantara,WHJKT,Jakarta - Cengkareng,BATCH8552,2025-06-24,2025-05-30,2029-06-19,77,180,42,18,2,1,12.51,394.0,14.39,22,9,1,2.47,2.29,444.11,2.08,7.0,96.55,FEFO,In Stock,3,2025-08-10,9.83,89.83,,120,0,0,0,120,9.59,0,0,0
SKU0588,Pantry Product 499,Pantry,B,S008,PT Hygienic Supplies,WHMDN,Medan - Deli Serdang,BATCH4411,2025-08-24,2025-07-03,2028-07-21,16,311,31,31,1,0,27.12,648.0,11.47,90,36,2,4.49,4.46,1396.95,2.62,12.0,88.45,FEFO,In Stock,9,2025-07-16,-8.03,63.25,,249,0,0,0,249,9.18,0,0,0
SKU0589,Seafood Product 356,Seafood,B,S004,PT Nusantara Supplier,WHBDG,Bandung - Rancaekek,BATCH8972,2025-03-24,2025-03-17,2025-03-28,169,144,16,18,0,2,8.98,286.0,16.04,43,16,3,8.44,8.59,1215.04,1.87,4.0,77.7,FEFO,Expiring Soon,3,2025-07-30,-2.23,94.03,,110,0,0,0,110,12.25,1,0,0
SKU0590,Household Product 91,Household,C,S005,PT Agro Raya,WHMDN,Medan - Deli Serdang,BATCH2781,2025-08-23,2025-07-11,2029-12-30,17,135,40,52,5,0,18.28,410.0,7.39,196,68,7,5.93,6.41,801.2,4.06,5.0,75.13,FEFO,Low Stock,2,2025-07-30,-1.61,70.9,,43,0,1,1,43,2.35,0,0,0
SKU0591,Beverages Product 47,Beverages,A,S004,PT Nusantara Supplier,WHBDG,Bandung - Rancaekek,BATCH1003,2025-04-14,2025-02-25,2029-11-06,148,362,110,68,2,0,29.86,843.0,12.12,53,23,1,6.77,7.08,2451.83,2.47,12.0,95.47,FIFO,In Stock,-3,2025-06-17,-8.61,87.32,Temperature controlled,184,0,0,0,184,6.16,0,0,0
SKU0592,Meat Product 316,Meat,B,S010,PT DailyDairy,WHMDN,Medan - Deli Serdang,BATCH6187,2025-07-21,2025-07-02,2025-08-01,50,237,41,39,1,1,29.41,979.0,8.06,447,153,10,8.43,8.68,1997.44,3.72,15.0,95.87,FEFO,Low Stock,-3,2025-07-16,8.43,76.23,,157,0,0,1,157,5.34,1,0,0
SKU0593,Personal Product 46,Personal Care,C,S010,PT DailyDairy,WHJKT,Jakarta - Cengkareng,BATCH7622,2025-04-06,2025-02-11,2029-02-14,156,42,30,12,2,1,20.13,444.0,2.09,157,56,5,4.77,4.43,200.34,14.38,10.0,79.65,FIFO,Low Stock,0,2025-08-03,-8.55,81.29,Temperature controlled,0,0,1,1,0,0.0,0,0,0
SKU0594,Personal Product 1,Personal Care,C,S009,PT Beverage Nusantara,WHSBY,Surabaya - Sidoarjo,BATCH1510,2025-08-12,2025-07-28,2028-03-11,28,46,1,10,0,2,5.14,158.0,8.95,85,34,10,15.82,14.36,727.89,3.35,1.0,79.49,FEFO,Low Stock,-4,2025-06-12,1.27,79.62,,35,0,0,1,35,6.81,0,0,0
SKU0595,Pantry Product 365,Pantry,C,S007,PT Bakerindo,WHMDN,Medan - Deli Serdang,BATCH9931,2025-06-04,2025-05-22,2028-11-11,97,49,10,8,0,1,4.21,100.0,11.64,49,20,7,0.59,0.58,28.7,2.58,3.0,86.1,FIFO,Low Stock,2,2025-07-11,7.49,83.58,Temperature controlled,31,0,0,1,31,7.36,0,0,0
SKU0596,Bakery Product 474,Bakery,B,S006,PT Frozen Express,WHMDN,Medan - Deli Serdang,BATCH3056,2025-08-01,2025-07-24,2025-08-05,39,402,40,149,1,0,65.66,2.105,6.12,203,72,2,2.7,2.66,1084.07,4.9,17.0,88.52,FIFO,Expiring Soon,4,2025-08-31,-6.13,67.84,,213,0,0,0,213,3.24,1,0,0
SKU0597,Dairy Product 454,Dairy,C,S008,PT Hygienic Supplies,WHMDN,Medan - Deli Serdang,BATCH3248,2025-08-06,2025-06-26,2025-08-15,34,65,4,3,1,0,4.04,145.0,16.09,32,12,5,0.8,0.78,52.03,1.86,3.0,71.71,FEFO,Expiring Soon,5,2025-07-13,-6.51,78.28,,58,0,0,0,58,14.36,1,0,0
SKU0598,Beverages Product 477,Beverages,C,S007,PT Bakerindo,WHDPS,Denpasar - Tabanan,BATCH9346,2025-07-25,2025-06-28,2029-02-09,46,84,17,5,0,0,7.18,216.0,11.7,39,17,3,5.63,6.12,473.0,2.56,3.0,75.91,FEFO,In Stock,-3,2025-07-22,2.23,97.84,,62,0,0,0,62,8.64,0,0,0
SKU0599,Dairy Product 310,Dairy,C,S001,PT Segar Makmur,WHDPS,Denpasar - Tabanan,BATCH4878,2025-05-05,2025-03-21,2025-06-04,127,275,39,24,0,1,38.0,1.084,7.24,403,137,7,2.13,1.97,584.4,4.15,13.0,77.99,FEFO,Low Stock,-1,2025-07-19,-2.95,71.42,,212,0,0,1,212,5.58,1,0,0
SKU0600,Pantry Product 18,Pantry,B,S001,PT Segar Makmur,WHDPS,Denpasar - Tabanan,BATCH7038,2025-05-09,2025-05-02,2030-04-21,123,93,32,4,3,0,17.58,581.0,5.29,269,93,10,12.85,13.11,1195.4,5.67,5.0,89.28,FEFO,Low Stock,-1,2025-06-13,0.75,64.81,Temperature controlled,57,0,1,1,57,3.24,0,0,0
SKU0601,Personal Product 385,Personal Care,A,S005,PT Agro Raya,WHMDN,Medan - Deli Serdang,BATCH9574,2025-04-30,2025-03-05,2026-10-07,132,375,31,65,0,1,23.36,723.0,16.05,114,44,3,21.32,22.16,7995.23,1.87,9.0,72.37,FIFO,In Stock,0,2025-08-09,-6.57,94.48,,279,0,0,0,279,11.94,0,0,0
SKU0602,Beverages Product 492,Beverages,B,S002,PT Indo Fresh,WHDPS,Denpasar - Tabanan,BATCH1864,2025-04-14,2025-02-16,2028-01-13,148,166,17,49,2,1,15.8,428.0,10.51,73,26,3,6.06,6.1,1005.69,2.86,9.0,86.94,FEFO,In Stock,-1,2025-07-03,7.44,67.47,,100,0,0,0,100,6.33,0,0,0
SKU0603,Frozen Product 263,Frozen,C,S008,PT Hygienic Supplies,WHDPS,Denpasar - Tabanan,BATCH6782,2025-06-17,2025-04-27,2026-03-31,84,147,59,23,0,1,21.31,808.0,6.9,134,49,4,3.05,3.13,447.88,4.35,12.0,71.67,FEFO,In Stock,3,2025-08-03,7.42,76.29,,65,0,0,1,65,3.05,0,0,0
SKU0604,Beverages Product 306,Beverages,C,S005,PT Agro Raya,WHDPS,Denpasar - Tabanan,BATCH8752,2025-07-05,2025-05-29,2026-11-07,66,414,24,18,1,2,29.96,787.0,13.82,143,53,3,1.53,1.41,631.39,2.17,7.0,94.3,FIFO,In Stock,-3,2025-06-28,-1.11,75.99,Promotional item,372,0,0,0,372,12.42,0,0,0
SKU0605,Household Product 320,Household,C,S001,PT Segar Makmur,WHSBY,Surabaya - Sidoarjo,BATCH3077,2025-05-08,2025-04-06,2026-10-23,124,17,1,4,1,0,2.15,73.0,7.91,7,3,2,4.39,4.08,74.62,3.79,2.0,78.65,FIFO,In Stock,4,2025-08-05,7.36,66.11,,12,0,0,0,12,5.58,0,0,0
SKU0606,Pantry Product 141,Pantry,C,S005,PT Agro Raya,WHJKT,Jakarta - Cengkareng,BATCH3860,2025-08-12,2025-06-15,2029-12-30,28,57,7,13,1,0,5.98,137.0,9.53,13,7,1,13.84,12.54,788.94,3.15,5.0,98.74,FIFO,In Stock,0,2025-06-17,8.17,74.57,,37,0,0,0,37,6.19,0,0,0
SKU0607,Household Product 134,Household,C,S004,PT Nusantara Supplier,WHMDN,Medan - Deli Serdang,BATCH1542,2025-07-25,2025-07-04,2029-07-09,46,210,13,53,1,1,19.01,677.0,11.05,62,24,2,0.83,0.82,175.33,2.72,7.0,90.05,FIFO,In Stock,2,2025-08-22,5.27,88.37,,144,0,0,0,144,7.57,0,0,0
SKU0608,Household Product 429,Household,C,S008,PT Hygienic Supplies,WHMDN,Medan - Deli Serdang,BATCH8211,2025-06-03,2025-04-18,2027-10-03,98,58,8,23,4,0,10.04,383.0,5.78,47,17,3,5.58,5.9,323.38,5.19,4.0,98.95,FIFO,In Stock,-2,2025-08-14,6.55,91.91,,27,0,0,1,27,2.69,0,0,0
SKU0609,Household Product 28,Household,B,S005,PT Agro Raya,WHJKT,Jakarta - Cengkareng,BATCH8602,2025-08-27,2025-08-02,2027-08-05,13,146,38,1,0,0,18.63,628.0,7.84,32,13,1,10.61,11.08,1548.64,3.83,6.0,85.62,FEFO,In Stock,1,2025-08-02,-1.64,97.04,,107,0,0,0,107,5.74,0,0,0
SKU0610,Personal Product 473,Personal Care,A,S009,PT Beverage Nusantara,WHBDG,Bandung - Rancaekek,BATCH7390,2025-06-04,2025-05-05,2030-04-03,97,209,35,9,2,0,23.67,650.0,8.83,110,39,3,22.1,24.62,4619.03,3.4,12.0,80.39,FEFO,In Stock,2,2025-08-22,7.65,63.76,,165,0,0,0,165,6.97,0,0,0
SKU0611,Bakery Product 148,Bakery,B,S008,PT Hygienic Supplies,WHMDN,Medan - Deli Serdang,BATCH9687,2025-03-20,2025-02-05,2025-03-24,173,437,193,157,0,1,58.22,1.318,7.51,90,32,1,2.0,2.29,874.13,4.0,21.0,79.76,FIFO,Expiring Soon,0,2025-08-28,-6.53,76.59,,87,0,0,1,87,1.49,1,0,0
SKU0612,Pantry Product 490,Pantry,A,S007,PT Bakerindo,WHDPS,Denpasar - Tabanan,BATCH6488,2025-03-27,2025-03-10,2027-10-06,166,356,25,15,2,2,28.81,619.0,12.36,45,16,1,8.27,9.24,2945.54,2.43,14.0,89.85,FEFO,In Stock,0,2025-08-28,-2.12,70.0,,316,0,0,0,316,10.97,0,0,0
SKU0613,Pantry Product 237,Pantry,A,S004,PT Nusantara Supplier,WHDPS,Denpasar - Tabanan,BATCH6528,2025-07-22,2025-06-09,2029-06-20,49,189,5,92,0,1,24.68,760.0,7.66,78,29,2,13.89,14.94,2625.44,3.92,12.0,86.33,FIFO,In Stock,-6,2025-07-31,-4.02,90.56,,92,0,0,0,92,3.73,0,0,0
SKU0614,Beverages Product 426,Beverages,A,S002,PT Indo Fresh,WHJKT,Jakarta - Cengkareng,BATCH9605,2025-05-27,2025-05-21,2026-12-13,105,278,2,19,1,1,20.31,572.0,13.69,97,36,3,7.7,8.83,2139.65,2.19,6.0,87.16,FEFO,In Stock,0,2025-07-27,-1.38,91.22,,257,0,0,0,257,12.65,0,0,0
SKU0615,Meat Product 99,Meat,C,S001,PT Segar Makmur,WHJKT,Jakarta - Cengkareng,BATCH1931,2025-04-04,2025-02-03,2025-04-11,158,50,27,0,0,0,13.64,363.0,3.67,106,38,5,2.55,2.72,127.27,8.18,8.0,82.15,FIFO,Low Stock,0,2025-06-25,-6.6,85.27,,23,0,1,1,23,1.69,1,0,0
SKU0616,Beverages Product 62,Beverages,B,S002,PT Indo Fresh,WHDPS,Denpasar - Tabanan,BATCH4027,2025-08-07,2025-06-11,2028-09-14,33,190,22,32,0,2,12.72,339.0,14.94,102,38,5,5.79,6.12,1099.25,2.01,5.0,97.96,FIFO,In Stock,2,2025-06-12,-7.58,97.66,,136,0,0,0,136,10.69,0,0,0
SKU0617,Meat Product 339,Meat,C,S002,PT Indo Fresh,WHMDN,Medan - Deli Serdang,BATCH6298,2025-07-01,2025-06-15,2025-07-19,70,15,5,3,0,0,3.31,80.0,4.53,13,6,2,2.85,2.58,42.78,6.62,2.0,85.92,FIFO,Expiring Soon,-2,2025-08-31,4.77,82.85,,7,0,0,1,7,2.11,1,0,0
SKU0618,Fresh Product 199,Fresh Produce,C,S006,PT Frozen Express,WHJKT,Jakarta - Cengkareng,BATCH3915,2025-07-05,2025-06-07,2025-07-12,66,426,92,61,1,0,36.6,1.119,11.64,118,45,2,1.82,2.04,775.32,2.58,14.0,79.55,FIFO,Expiring Soon,-1,2025-07-09,-1.91,64.34,,273,0,0,0,273,7.46,1,0,0
SKU0619,Dairy Product 202,Dairy,C,S003,PT Prima Distribusi,WHMDN,Medan - Deli Serdang,BATCH9857,2025-08-13,2025-06-25,2025-08-24,27,382,192,89,2,1,58.36,1.412,6.55,181,64,2,1.5,1.69,574.45,4.58,23.0,73.4,FEFO,Expiring Soon,-2,2025-08-13,-5.31,77.64,,101,0,0,1,101,1.73,1,0,0
SKU0620,Fresh Product 227,Fresh Produce,C,S005,PT Agro Raya,WHJKT,Jakarta - Cengkareng,BATCH2153,2025-09-01,2025-07-27,2025-09-05,8,72,22,39,2,1,12.42,389.0,5.8,102,40,5,0.8,0.86,57.67,5.18,6.0,75.41,FEFO,Low Stock,-1,2025-07-14,8.55,69.33,Fragile,11,0,1,1,11,0.89,1,0,0
SKU0621,Dairy Product 328,Dairy,B,S001,PT Segar Makmur,WHJKT,Jakarta - Cengkareng,BATCH5365,2025-03-23,2025-03-14,2025-04-11,170,324,66,52,0,1,56.52,1.697,5.73,602,206,7,3.66,3.69,1185.61,5.23,22.0,91.38,FEFO,Low Stock,0,2025-07-21,0.8,94.25,,206,0,0,1,206,3.64,1,0,0
SKU0622,Frozen Product 482,Frozen,C,S008,PT Hygienic Supplies,WHMDN,Medan - Deli Serdang,BATCH2148,2025-05-21,2025-04-17,2026-02-28,111,421,135,40,3,1,49.87,1.05,8.44,227,77,3,1.25,1.13,525.79,3.55,19.0,93.18,FIFO,In Stock,-4,2025-09-09,7.92,83.87,,246,0,0,0,246,4.93,0,0,0
SKU0623,Beverages Product 400,Beverages,A,S008,PT Hygienic Supplies,WHJKT,Jakarta - Cengkareng,BATCH6880,2025-04-17,2025-03-27,2029-04-17,145,1,120,168,0,2,86.0,2.496,12.73,1,431,10,4.54,4.18,4966.7,2.36,31.0,88.49,FEFO,Low Stock,-1,2025-07-20,-6.79,71.73,Seasonal SKU,-287,1,1,1,0,0.0,0,0,0
SKU0624,Bakery Product 437,Bakery,C,S006,PT Frozen Express,WHJKT,Jakarta - Cengkareng,BATCH4327,2025-05-15,2025-05-04,2025-05-19,117,39,9,12,2,1,7.28,243.0,5.36,40,18,3,1.11,1.2,43.22,5.6,7.0,93.24,FIFO,Low Stock,-3,2025-07-22,-1.79,77.45,,18,0,0,1,18,2.47,1,0,0
SKU0625,Meat Product 200,Meat,B,S002,PT Indo Fresh,WHSBY,Surabaya - Sidoarjo,BATCH8175,2025-05-08,2025-03-22,2025-05-15,124,104,16,33,1,1,9.81,360.0,10.6,49,20,3,8.85,10.03,920.15,2.83,4.0,73.18,FIFO,Expiring Soon,0,2025-08-23,-5.6,90.28,Seasonal SKU,55,0,0,0,55,5.61,1,0,0
SKU0626,Beverages Product 304,Beverages,C,S004,PT Nusantara Supplier,WHMDN,Medan - Deli Serdang,BATCH9856,2025-06-02,2025-04-22,2026-10-09,99,10,10,0,0,1,30.52,645.0,0.33,330,116,7,7.49,7.48,74.94,91.56,12.0,83.44,FEFO,Low Stock,0,2025-07-08,4.59,88.83,,0,0,1,1,0,0.0,0,0,0
SKU0627,Household Product 231,Household,A,S001,PT Segar Makmur,WHJKT,Jakarta - Cengkareng,BATCH6533,2025-06-15,2025-04-26,2026-10-07,86,260,24,22,3,0,13.3,437.0,19.55,88,35,4,16.09,18.47,4184.67,1.53,5.0,87.58,FIFO,In Stock,-1,2025-07-20,-4.39,82.08,Temperature controlled,214,0,0,0,214,16.09,0,0,0
SKU0628,Frozen Product 348,Frozen,C,S009,PT Beverage Nusantara,WHBDG,Bandung - Rancaekek,BATCH2180,2025-04-14,2025-04-12,2025-12-09,148,147,35,31,1,0,18.02,448.0,8.16,84,30,3,2.75,3.02,404.81,3.68,8.0,81.93,FIFO,In Stock,-1,2025-07-09,-9.31,70.62,,81,0,0,1,81,4.5,0,0,0
SKU0629,Frozen Product 471,Frozen,A,S010,PT DailyDairy,WHJKT,Jakarta - Cengkareng,BATCH3138,2025-07-09,2025-07-09,2026-07-03,62,444,99,63,0,1,41.11,1.1,10.8,64,23,1,6.49,6.74,2882.94,2.78,19.0,74.77,FIFO,In Stock,-4,2025-06-21,3.34,67.55,Promotional item,282,0,0,0,282,6.86,0,0,0
SKU0630,Household Product 50,Household,C,S008,PT Hygienic Supplies,WHDPS,Denpasar - Tabanan,BATCH2047,2025-07-28,2025-06-06,2029-11-19,43,158,32,14,0,2,10.67,272.0,14.81,233,84,14,4.53,4.53,715.57,2.03,6.0,96.23,FIFO,Low Stock,-1,2025-08-26,-2.13,74.24,,112,0,0,1,112,10.5,0,0,0
SKU0631,Household Product 113,Household,B,S002,PT Indo Fresh,WHBDG,Bandung - Rancaekek,BATCH7586,2025-05-23,2025-05-03,2028-04-12,109,215,57,28,1,0,13.89,314.0,15.48,152,55,7,4.77,5.26,1026.43,1.94,4.0,81.94,FIFO,In Stock,-6,2025-06-14,-2.01,79.56,,130,0,0,1,130,9.36,0,0,0
SKU0632,Dairy Product 429,Dairy,C,S004,PT Nusantara Supplier,WHJKT,Jakarta - Cengkareng,BATCH6496,2025-04-11,2025-04-07,2025-04-23,151,198,30,22,0,2,15.93,473.0,12.43,27,11,1,2.17,2.24,430.25,2.41,4.0,92.62,FIFO,Expiring Soon,0,2025-08-05,0.76,96.81,Fragile,146,0,0,0,146,9.17,1,0,0
SKU0633,Dairy Product 190,Dairy,C,S009,PT Beverage Nusantara,WHBDG,Bandung - Rancaekek,BATCH1666,2025-05-20,2025-05-12,2025-06-03,112,34,2,3,2,3,4.22,97.0,8.06,29,12,4,1.75,1.73,59.34,3.72,1.0,91.93,FIFO,Expiring Soon,-3,2025-06-21,-8.85,94.54,,29,0,0,1,29,6.87,1,0,0
SKU0634,Beverages Product 9,Beverages,A,S008,PT Hygienic Supplies,WHJKT,Jakarta - Cengkareng,BATCH3939,2025-09-08,2025-07-11,2026-09-22,1,396,54,67,0,0,58.79,1.684,6.74,443,149,5,7.1,6.63,2813.03,4.45,18.0,87.76,FIFO,Low Stock,1,2025-06-11,-0.21,60.68,,275,0,0,1,275,4.68,0,0,0
SKU0635,Personal Product 214,Personal Care,B,S008,PT Hygienic Supplies,WHBDG,Bandung - Rancaekek,BATCH5439,2025-07-19,2025-06-16,2027-05-08,52,82,21,14,1,1,10.79,270.0,7.6,24,13,1,11.51,11.92,943.99,3.95,3.0,81.25,FEFO,In Stock,0,2025-07-19,1.55,85.61,,47,0,0,0,47,4.36,0,0,0
SKU0636,Dairy Product 355,Dairy,C,S001,PT Segar Makmur,WHDPS,Denpasar - Tabanan,BATCH9190,2025-07-25,2025-06-16,2025-08-23,46,231,2,35,1,0,23.25,640.0,9.94,40,17,1,1.39,1.25,321.76,3.02,9.0,78.4,FIFO,Expiring Soon,0,2025-06-21,1.2,74.98,,194,0,0,0,194,8.34,1,0,0
SKU0637,Seafood Product 215,Seafood,A,S001,PT Segar Makmur,WHDPS,Denpasar - Tabanan,BATCH2925,2025-07-11,2025-06-08,2025-07-17,60,232,39,40,0,0,25.99,796.0,8.93,126,48,3,13.65,15.3,3166.38,3.36,3.0,83.77,FIFO,Expiring Soon,1,2025-06-22,-0.36,71.45,,153,0,0,0,153,5.89,1,0,0
SKU0638,Beverages Product 277,Beverages,C,S009,PT Beverage Nusantara,WHBDG,Bandung - Rancaekek,BATCH4409,2025-05-14,2025-04-27,2029-11-16,118,146,105,41,3,0,86.59,1.932,1.69,396,136,3,4.0,4.4,583.3,17.79,29.0,92.35,FIFO,Low Stock,0,2025-08-16,-3.19,92.88,High return rate,0,0,1,1,0,0.0,0,0,0
SKU0639,Beverages Product 496,Beverages,A,S008,PT Hygienic Supplies,WHMDN,Medan - Deli Serdang,BATCH1706,2025-07-26,2025-07-23,2027-06-18,45,890,215,105,0,2,89.25,2.146,9.97,274,95,2,2.28,2.23,2024.93,3.01,29.0,91.26,FEFO,In Stock,1,2025-08-04,-5.73,79.41,,570,0,0,0,570,6.39,0,0,0
SKU0640,Meat Product 316,Meat,C,S008,PT Hygienic Supplies,WHJKT,Jakarta - Cengkareng,BATCH9804,2025-08-14,2025-08-03,2025-08-20,26,60,16,4,0,0,5.79,190.0,10.36,15,9,1,8.13,9.16,487.71,2.9,1.0,79.41,FIFO,Expiring Soon,-1,2025-09-06,6.56,84.84,,40,0,0,0,40,6.91,1,0,0
SKU0641,Fresh Product 459,Fresh Produce,B,S004,PT Nusantara Supplier,WHMDN,Medan - Deli Serdang,BATCH6340,2025-04-11,2025-03-16,2025-04-23,151,365,150,72,0,0,55.88,1.998,6.53,169,57,2,2.48,2.43,906.73,4.59,28.0,81.08,FIFO,Expiring Soon,-1,2025-06-15,-7.08,89.43,,143,0,0,1,143,2.56,1,0,0
SKU0642,Meat Product 57,Meat,B,S006,PT Frozen Express,WHBDG,Bandung - Rancaekek,BATCH7759,2025-08-15,2025-06-21,2025-08-27,25,282,69,23,3,2,34.71,1.223,8.12,210,71,4,4.46,4.87,1258.43,3.69,11.0,77.74,FIFO,Expiring Soon,4,2025-07-23,6.06,86.49,,190,0,0,1,190,5.47,1,0,0
SKU0643,Fresh Product 300,Fresh Produce,C,S008,PT Hygienic Supplies,WHJKT,Jakarta - Cengkareng,BATCH4541,2025-05-21,2025-03-23,2025-05-26,111,628,96,24,1,1,58.18,1.497,10.79,178,62,2,0.79,0.91,495.87,2.78,26.0,71.08,FEFO,Expiring Soon,2,2025-08-18,-7.49,88.33,,508,0,0,0,508,8.73,1,0,0
SKU0644,Dairy Product 369,Dairy,C,S004,PT Nusantara Supplier,WHSBY,Surabaya - Sidoarjo,BATCH6503,2025-07-02,2025-06-24,2025-07-15,69,218,66,64,0,1,25.17,899.0,8.66,78,28,2,2.71,2.75,590.67,3.46,10.0,75.53,FIFO,Expiring Soon,-7,2025-06-13,-1.52,64.65,,88,0,0,0,88,3.5,1,0,0
SKU0645,Meat Product 57,Meat,C,S008,PT Hygienic Supplies,WHMDN,Medan - Deli Serdang,BATCH6629,2025-05-25,2025-05-11,2025-06-04,107,23,7,7,3,0,2.28,53.0,10.09,17,10,3,10.86,12.39,249.81,2.97,1.0,74.75,FEFO,Expiring Soon,1,2025-06-24,6.63,79.46,,9,0,1,1,9,3.95,1,0,0
SKU0646,Household Product 488,Household,C,S010,PT DailyDairy,WHBDG,Bandung - Rancaekek,BATCH4763,2025-04-15,2025-04-10,2029-05-21,147,29,13,1,1,1,3.49,87.0,8.31,12,9,1,8.81,8.37,255.56,3.61,2.0,94.02,FEFO,In Stock,0,2025-07-05,-1.77,70.75,,15,0,0,0,15,4.3,0,0,0
SKU0647,Personal Product 303,Personal Care,A,S008,PT Hygienic Supplies,WHMDN,Medan - Deli Serdang,BATCH8014,2025-06-30,2025-05-14,2026-07-29,71,181,61,34,1,3,22.93,576.0,7.89,40,17,1,18.9,19.7,3420.79,3.8,10.0,83.45,FIFO,In Stock,-6,2025-08-09,0.36,67.64,,86,0,0,0,86,3.75,0,0,0
SKU0648,Pantry Product 457,Pantry,C,S010,PT DailyDairy,WHBDG,Bandung - Rancaekek,BATCH7844,2025-04-16,2025-04-14,2026-04-26,146,5,2,3,0,1,1.52,36.0,3.29,24,9,10,0.87,0.79,4.34,9.12,3.0,83.3,FIFO,Low Stock,2,2025-07-11,-2.57,63.71,,0,0,1,1,0,0.0,0,0,0
SKU0649,Frozen Product 218,Frozen,B,S009,PT Beverage Nusantara,WHMDN,Medan - Deli Serdang,BATCH2605,2025-05-10,2025-04-12,2026-05-03,122,241,56,57,1,2,26.78,745.0,9.0,85,31,2,4.66,4.32,1122.1,3.33,9.0,91.97,FEFO,In Stock,4,2025-08-10,0.49,95.5,Seasonal SKU,128,0,0,0,128,4.78,0,0,0
SKU0650,Beverages Product 209,Beverages,C,S004,PT Nusantara Supplier,WHBDG,Bandung - Rancaekek,BATCH4916,2025-06-10,2025-04-30,2028-02-05,91,833,66,147,0,1,65.73,2.503,12.67,305,108,3,0.39,0.38,322.79,2.37,25.0,70.68,FIFO,In Stock,-1,2025-09-07,8.34,73.57,,620,0,0,0,620,9.43,0,0,0
SKU0651,Seafood Product 361,Seafood,B,S008,PT Hygienic Supplies,WHDPS,Denpasar - Tabanan,BATCH8452,2025-04-13,2025-03-15,2025-04-16,149,126,18,10,3,1,10.99,300.0,11.46,24,13,1,14.47,15.58,1822.79,2.62,3.0,92.69,FIFO,Expiring Soon,0,2025-06-11,-8.4,70.39,,98,0,0,0,98,8.92,1,0,0
SKU0652,Household Product 190,Household,B,S008,PT Hygienic Supplies,WHJKT,Jakarta - Cengkareng,BATCH7305,2025-04-02,2025-02-04,2026-08-24,160,81,40,41,0,0,19.32,671.0,4.19,299,106,10,14.59,15.51,1182.05,7.16,8.0,89.46,FEFO,Low Stock,0,2025-07-04,-2.1,63.78,Fragile,0,0,1,1,0,0.0,0,0,0
SKU0653,Beverages Product 358,Beverages,C,S010,PT DailyDairy,WHDPS,Denpasar - Tabanan,BATCH2326,2025-04-15,2025-03-07,2027-06-13,147,37,5,6,0,0,5.03,114.0,7.36,10,5,1,4.69,4.8,173.38,4.08,4.0,87.59,FEFO,In Stock,-1,2025-09-02,-2.02,84.78,,26,0,0,0,26,5.17,0,0,0
SKU0654,Personal Product 187,Personal Care,A,S001,PT Segar Makmur,WHJKT,Jakarta - Cengkareng,BATCH8624,2025-06-03,2025-04-25,2028-06-20,98,326,30,16,1,3,24.56,594.0,13.27,376,130,10,12.67,14.42,4129.51,2.26,9.0,75.63,FIFO,Low Stock,-2,2025-07-25,-1.15,82.5,,280,0,0,1,280,11.4,0,0,0
SKU0655,Pantry Product 361,Pantry,B,S002,PT Indo Fresh,WHDPS,Denpasar - Tabanan,BATCH6487,2025-07-19,2025-07-04,2027-04-28,52,186,29,8,0,0,13.16,322.0,14.13,85,32,4,5.02,4.61,933.4,2.12,3.0,89.84,FIFO,In Stock,-4,2025-06-18,-6.21,94.63,,149,0,0,0,149,11.32,0,0,0
SKU0656,Personal Product 298,Personal Care,B,S004,PT Nusantara Supplier,WHBDG,Bandung - Rancaekek,BATCH5380,2025-06-19,2025-05-18,2028-06-10,82,62,20,7,4,2,6.36,236.0,9.75,140,51,14,14.84,13.9,920.12,3.08,2.0,77.21,FEFO,Low Stock,3,2025-08-05,7.83,71.4,Promotional item,35,0,1,1,35,5.5,0,0,0
SKU0657,Seafood Product 249,Seafood,B,S009,PT Beverage Nusantara,WHDPS,Denpasar - Tabanan,BATCH9714,2025-08-09,2025-06-27,2025-08-19,31,100,26,2,0,0,8.98,262.0,11.14,42,15,3,8.86,9.22,886.2,2.69,2.0,85.97,FEFO,Expiring Soon,-3,2025-07-14,-6.26,88.42,,72,0,0,0,72,8.02,1,0,0
SKU0658,Household Product 485,Household,B,S002,PT Indo Fresh,WHBDG,Bandung - Rancaekek,BATCH2313,2025-05-15,2025-04-20,2026-11-09,117,99,16,21,2,1,8.43,221.0,11.74,59,25,4,19.15,20.54,1896.22,2.55,4.0,94.1,FIFO,In Stock,2,2025-08-04,7.9,71.53,,62,0,0,0,62,7.35,0,0,0
SKU0659,Fresh Product 85,Fresh Produce,C,S005,PT Agro Raya,WHJKT,Jakarta - Cengkareng,BATCH9131,2025-03-15,2025-03-06,2025-03-20,178,342,161,18,0,0,67.21,1.564,5.09,207,73,2,0.54,0.5,185.74,5.9,24.0,98.89,FIFO,Expiring Soon,1,2025-07-05,-0.65,77.21,,163,0,0,1,163,2.43,1,0,0
SKU0660,Fresh Product 214,Fresh Produce,C,S009,PT Beverage Nusantara,WHBDG,Bandung - Rancaekek,BATCH7883,2025-05-11,2025-04-13,2025-05-19,121,389,19,64,1,1,39.41,871.0,9.87,119,40,2,0.87,0.88,337.3,3.04,15.0,90.8,FIFO,Expiring Soon,4,2025-08-03,4.1,86.1,,306,0,0,0,306,7.76,1,0,0
SKU0661,Fresh Product 411,Fresh Produce,B,S004,PT Nusantara Supplier,WHDPS,Denpasar - Tabanan,BATCH7745,2025-03-28,2025-02-19,2025-04-05,165,766,87,9,0,0,40.19,1.401,19.06,69,29,1,1.48,1.68,1135.37,1.57,16.0,90.65,FEFO,Expiring Soon,2,2025-06-18,-9.8,72.16,,670,0,0,0,670,16.67,1,0,0
SKU0662,Seafood Product 304,Seafood,B,S009,PT Beverage Nusantara,WHDPS,Denpasar - Tabanan,BATCH5982,2025-05-19,2025-04-13,2025-05-29,113,154,28,23,2,1,12.22,462.0,12.6,23,11,1,10.76,10.14,1656.87,2.38,3.0,77.61,FIFO,Expiring Soon,0,2025-08-01,-2.95,93.3,,103,0,0,0,103,8.43,1,0,0
SKU0663,Meat Product 248,Meat,C,S006,PT Frozen Express,WHSBY,Surabaya - Sidoarjo,BATCH6785,2025-08-28,2025-08-10,2025-09-06,12,120,39,5,5,0,13.98,472.0,8.58,70,28,3,2.49,2.82,298.72,3.5,6.0,86.91,FEFO,Expiring Soon,5,2025-08-19,7.35,63.41,,76,0,0,0,76,5.44,1,0,0
SKU0664,Dairy Product 275,Dairy,C,S005,PT Agro Raya,WHBDG,Bandung - Rancaekek,BATCH3514,2025-07-27,2025-07-17,2025-08-25,44,79,20,14,1,0,16.51,515.0,4.78,131,48,5,3.93,4.48,310.3,6.27,13.0,87.53,FIFO,Low Stock,-4,2025-08-26,-9.07,83.89,Promotional item,45,0,1,1,45,2.73,1,0,0
SKU0665,Pantry Product 226,Pantry,C,S005,PT Agro Raya,WHSBY,Surabaya - Sidoarjo,BATCH1568,2025-07-24,2025-06-12,2027-09-17,47,132,38,19,0,2,11.15,386.0,11.84,174,63,10,4.93,5.43,650.97,2.53,3.0,99.37,FEFO,Low Stock,0,2025-07-27,7.77,63.71,Fragile,75,0,0,1,75,6.73,0,0,0
SKU0666,Pantry Product 84,Pantry,C,S009,PT Beverage Nusantara,WHSBY,Surabaya - Sidoarjo,BATCH7628,2025-08-09,2025-06-11,2026-09-29,31,392,49,44,3,0,25.81,881.0,15.19,87,35,2,1.73,1.74,678.0,1.98,9.0,76.01,FEFO,In Stock,0,2025-08-22,6.57,67.96,,299,0,0,0,299,11.58,0,0,0
SKU0667,Personal Product 80,Personal Care,C,S001,PT Segar Makmur,WHDPS,Denpasar - Tabanan,BATCH5842,2025-05-03,2025-04-03,2028-03-11,129,143,42,22,0,1,12.74,444.0,11.22,104,40,5,4.92,4.98,703.6,2.67,2.0,93.02,FEFO,In Stock,2,2025-06-28,3.79,60.48,,79,0,0,1,79,6.2,0,0,0
SKU0668,Household Product 374,Household,A,S008,PT Hygienic Supplies,WHSBY,Surabaya - Sidoarjo,BATCH8847,2025-03-17,2025-01-19,2026-11-02,176,164,29,11,2,0,16.46,584.0,9.96,105,39,4,15.24,15.36,2499.28,3.01,7.0,90.37,FIFO,In Stock,1,2025-08-23,-1.32,84.2,,124,0,0,0,124,7.53,0,0,0
SKU0669,Fresh Product 13,Fresh Produce,B,S007,PT Bakerindo,WHDPS,Denpasar - Tabanan,BATCH6855,2025-07-15,2025-07-10,2025-07-25,56,560,93,149,1,0,58.55,1.375,9.56,616,206,7,2.36,2.36,1319.3,3.14,14.0,79.05,FEFO,Low Stock,-1,2025-09-02,-2.57,65.03,,318,0,0,1,318,5.43,1,0,0
SKU0670,Dairy Product 270,Dairy,C,S004,PT Nusantara Supplier,WHSBY,Surabaya - Sidoarjo,BATCH2369,2025-07-21,2025-06-17,2025-07-28,50,77,54,23,0,2,35.97,1.303,2.14,541,181,10,3.88,4.15,298.54,14.01,7.0,93.63,FEFO,Low Stock,0,2025-06-15,1.74,86.46,,0,0,1,1,0,0.0,1,0,0
SKU0671,Fresh Product 263,Fresh Produce,C,S007,PT Bakerindo,WHBDG,Bandung - Rancaekek,BATCH9381,2025-05-07,2025-03-08,2025-05-15,125,410,95,98,0,2,48.65,1.854,8.43,738,252,10,0.87,0.84,356.95,3.56,21.0,72.82,FIFO,Low Stock,7,2025-06-16,5.13,95.65,,217,0,1,1,217,4.46,1,0,0
SKU0672,Dairy Product 438,Dairy,C,S007,PT Bakerindo,WHSBY,Surabaya - Sidoarjo,BATCH1199,2025-06-03,2025-05-16,2025-06-21,98,131,56,61,0,1,28.91,990.0,4.53,95,37,2,3.31,3.48,433.87,6.62,6.0,87.87,FEFO,Expiring Soon,5,2025-07-27,8.5,89.47,,14,0,1,1,14,0.48,1,0,0
SKU0673,Frozen Product 288,Frozen,C,S002,PT Indo Fresh,WHBDG,Bandung - Rancaekek,BATCH8249,2025-05-19,2025-05-01,2026-03-01,113,62,41,21,0,0,13.64,386.0,4.55,46,19,2,7.88,7.95,488.85,6.6,4.0,86.07,FIFO,In Stock,2,2025-07-17,-7.56,87.6,,0,0,1,1,0,0.0,0,0,0
SKU0674,Bakery Product 428,Bakery,C,S010,PT DailyDairy,WHDPS,Denpasar - Tabanan,BATCH4404,2025-08-18,2025-07-30,2025-08-21,22,791,236,63,0,2,58.46,1.422,13.53,268,93,3,0.79,0.75,624.73,2.22,18.0,80.25,FEFO,Expiring Soon,-2,2025-07-04,-9.82,78.7,,492,0,0,0,492,8.42,1,0,0
SKU0675,Fresh Product 492,Fresh Produce,C,S010,PT DailyDairy,WHMDN,Medan - Deli Serdang,BATCH7708,2025-08-18,2025-07-09,2025-08-21,22,73,6,2,0,2,8.22,232.0,8.88,90,32,7,1.68,1.69,122.83,3.38,5.0,83.96,FEFO,Low Stock,-4,2025-07-18,-7.09,93.97,,65,0,0,1,65,7.91,1,0,0
SKU0676,Frozen Product 291,Frozen,B,S003,PT Prima Distribusi,WHBDG,Bandung - Rancaekek,BATCH5742,2025-07-24,2025-06-19,2026-04-27,47,104,29,36,1,0,19.87,641.0,5.23,215,76,7,7.8,7.73,811.11,5.73,4.0,86.05,FEFO,Low Stock,-1,2025-09-04,-8.77,95.05,,39,0,1,1,39,1.96,0,0,0
SKU0677,Seafood Product 300,Seafood,B,S005,PT Agro Raya,WHMDN,Medan - Deli Serdang,BATCH4678,2025-04-19,2025-04-18,2025-04-29,143,190,19,34,0,1,21.05,482.0,9.03,99,36,3,8.7,9.29,1652.2,3.32,6.0,89.98,FIFO,Expiring Soon,3,2025-08-21,9.73,69.1,,137,0,0,0,137,6.51,1,0,0
SKU0678,Personal Product 428,Personal Care,A,S008,PT Hygienic Supplies,WHJKT,Jakarta - Cengkareng,BATCH5713,2025-03-26,2025-02-28,2029-12-18,167,217,46,23,0,1,16.32,617.0,13.3,124,42,5,23.71,26.59,5145.7,2.26,4.0,84.6,FIFO,In Stock,0,2025-07-09,-2.77,88.77,,148,0,0,0,148,9.07,0,0,0
SKU0679,Pantry Product 15,Pantry,A,S002,PT Indo Fresh,WHSBY,Surabaya - Sidoarjo,BATCH6927,2025-05-06,2025-03-30,2026-09-19,126,450,47,42,3,3,28.73,1.111,15.66,132,46,3,7.23,7.16,3253.1,1.92,11.0,82.29,FEFO,In Stock,-4,2025-06-29,6.53,62.28,,361,0,0,0,361,12.57,0,0,0
SKU0680,Meat Product 352,Meat,B,S008,PT Hygienic Supplies,WHJKT,Jakarta - Cengkareng,BATCH1287,2025-06-06,2025-04-13,2025-06-27,95,336,87,4,0,3,21.95,672.0,15.31,42,20,1,5.21,5.8,1751.64,1.96,6.0,74.4,FEFO,Expiring Soon,3,2025-08-20,-4.86,85.06,,245,0,0,0,245,11.16,1,0,0
SKU0681,Dairy Product 237,Dairy,B,S003,PT Prima Distribusi,WHSBY,Surabaya - Sidoarjo,BATCH5467,2025-07-30,2025-07-07,2025-08-07,41,437,183,143,0,0,53.69,1.301,8.14,248,87,3,3.95,3.7,1727.07,3.69,13.0,99.22,FEFO,Expiring Soon,0,2025-06-20,-6.64,67.7,,111,0,0,1,111,2.07,1,0,0
SKU0682,Seafood Product 149,Seafood,C,S005,PT Agro Raya,WHDPS,Denpasar - Tabanan,BATCH9419,2025-03-30,2025-03-18,2025-04-03,163,33,4,5,0,0,2.32,57.0,14.22,27,11,7,13.43,14.3,443.17,2.11,1.0,95.38,FIFO,Expiring Soon,0,2025-08-28,-5.74,63.89,,24,0,0,1,24,10.34,1,0,0
SKU0683,Dairy Product 166,Dairy,C,S006,PT Frozen Express,WHSBY,Surabaya - Sidoarjo,BATCH6939,2025-07-02,2025-06-26,2025-07-30,69,226,14,43,0,1,19.68,621.0,11.48,32,12,1,0.85,0.95,193.21,2.61,4.0,94.58,FEFO,Expiring Soon,7,2025-08-22,-5.61,85.81,Temperature controlled,169,0,0,0,169,8.59,1,0,0
SKU0684,Meat Product 399,Meat,C,S008,PT Hygienic Supplies,WHMDN,Medan - Deli Serdang,BATCH2678,2025-06-14,2025-06-01,2025-06-24,87,162,37,62,2,0,26.82,572.0,6.04,88,34,2,1.97,2.2,319.84,4.97,14.0,70.68,FIFO,Expiring Soon,5,2025-07-07,-3.72,70.18,,63,0,0,1,63,2.35,1,0,0
SKU0685,Dairy Product 460,Dairy,C,S009,PT Beverage Nusantara,WHDPS,Denpasar - Tabanan,BATCH9717,2025-03-17,2025-01-31,2025-04-09,176,84,45,32,0,3,30.6,1.125,2.75,93,32,2,2.45,2.55,206.04,10.93,14.0,71.08,FIFO,Low Stock,0,2025-07-18,2.97,64.13,,7,0,1,1,7,0.23,1,0,0
SKU0686,Fresh Product 420,Fresh Produce,C,S003,PT Prima Distribusi,WHJKT,Jakarta - Cengkareng,BATCH6104,2025-05-10,2025-03-27,2025-05-18,122,871,108,67,0,0,62.38,2.069,13.96,476,164,5,0.71,0.74,616.93,2.15,33.0,81.57,FEFO,Expiring Soon,0,2025-08-23,8.65,89.9,,696,0,0,0,696,11.16,1,0,0
SKU0687,Personal Product 306,Personal Care,B,S009,PT Beverage Nusantara,WHSBY,Surabaya - Sidoarjo,BATCH5991,2025-07-27,2025-07-26,2030-07-19,44,88,56,17,5,2,20.36,763.0,4.32,314,110,10,21.15,24.29,1861.23,6.94,6.0,86.24,FIFO,Low Stock,-1,2025-08-12,-9.76,79.23,High return rate,15,0,1,1,15,0.74,0,0,0
SKU0688,Beverages Product 158,Beverages,A,S003,PT Prima Distribusi,WHBDG,Bandung - Rancaekek,BATCH7960,2025-08-07,2025-06-24,2027-01-14,33,791,22,67,5,2,54.29,1.244,14.57,168,59,2,2.6,2.52,2054.15,2.06,20.0,79.19,FIFO,In Stock,-2,2025-08-31,3.97,96.64,Fragile,702,0,0,0,702,12.93,0,0,0
SKU0689,Beverages Product 22,Beverages,B,S004,PT Nusantara Supplier,WHJKT,Jakarta - Cengkareng,BATCH9412,2025-09-01,2025-07-26,2030-05-14,8,132,63,69,2,3,53.28,1.59,2.48,168,61,2,6.44,7.28,850.32,12.11,16.0,74.15,FIFO,Low Stock,0,2025-07-11,8.04,93.16,Promotional item,0,0,1,1,0,0.0,0,0,0
SKU0690,Fresh Product 155,Fresh Produce,C,S001,PT Segar Makmur,WHJKT,Jakarta - Cengkareng,BATCH4365,2025-08-09,2025-07-03,2025-08-21,31,177,123,54,1,0,62.11,1.527,2.85,378,130,4,2.12,2.4,375.13,10.53,21.0,94.66,FIFO,Low Stock,0,2025-08-17,-2.94,62.48,,0,0,1,1,0,0.0,1,0,0
SKU0691,Fresh Product 75,Fresh Produce,C,S005,PT Agro Raya,WHDPS,Denpasar - Tabanan,BATCH3630,2025-06-12,2025-04-19,2025-06-20,89,247,40,1,3,1,24.89,726.0,9.92,267,93,7,1.92,2.16,475.43,3.02,9.0,88.2,FIFO,Low Stock,6,2025-07-07,0.47,87.15,,206,0,0,1,206,8.28,1,0,0
SKU0692,Fresh Product 297,Fresh Produce,C,S001,PT Segar Makmur,WHDPS,Denpasar - Tabanan,BATCH4138,2025-07-16,2025-06-28,2025-07-30,55,292,109,132,2,0,47.51,1.249,6.15,75,27,1,2.01,1.84,588.26,4.88,13.0,94.33,FIFO,Expiring Soon,-3,2025-07-03,9.92,88.62,Seasonal SKU,51,0,0,1,51,1.07,1,0,0
SKU0693,Personal Product 472,Personal Care,A,S009,PT Beverage Nusantara,WHMDN,Medan - Deli Serdang,BATCH4033,2025-06-08,2025-05-11,2030-05-07,93,160,51,15,3,0,20.06,576.0,7.98,310,109,10,20.46,22.53,3274.16,3.76,7.0,76.8,FIFO,Low Stock,-7,2025-08-17,-0.96,86.66,,94,0,1,1,94,4.69,0,0,0
SKU0694,Personal Product 218,Personal Care,A,S004,PT Nusantara Supplier,WHDPS,Denpasar - Tabanan,BATCH2848,2025-07-13,2025-05-26,2028-10-24,58,155,64,30,0,1,20.16,736.0,7.69,99,39,3,14.61,15.82,2264.75,3.9,9.0,89.94,FEFO,In Stock,0,2025-08-25,4.99,79.15,,61,0,0,1,61,3.03,0,0,0
SKU0695,Frozen Product 254,Frozen,C,S006,PT Frozen Express,WHSBY,Surabaya - Sidoarjo,BATCH1665,2025-04-20,2025-04-15,2026-04-19,142,37,13,2,0,0,7.96,272.0,4.65,61,21,5,3.9,3.71,144.4,6.45,3.0,97.77,FEFO,Low Stock,-3,2025-07-08,6.45,82.66,Promotional item,22,0,0,1,22,2.76,0,0,0
SKU0696,Frozen Product 377,Frozen,C,S005,PT Agro Raya,WHMDN,Medan - Deli Serdang,BATCH7672,2025-07-14,2025-06-26,2026-05-31,57,51,16,5,1,0,6.11,129.0,8.35,44,20,4,4.46,4.12,227.35,3.59,2.0,72.27,FEFO,In Stock,-2,2025-08-16,5.81,76.08,,30,0,0,1,30,4.91,0,0,0
SKU0697,Personal Product 411,Personal Care,B,S008,PT Hygienic Supplies,WHSBY,Surabaya - Sidoarjo,BATCH9055,2025-07-26,2025-06-13,2026-08-21,45,166,60,17,0,1,18.17,637.0,9.14,31,13,1,5.37,6.09,890.72,3.28,7.0,77.35,FIFO,In Stock,0,2025-07-21,-4.18,69.36,,89,0,0,0,89,4.9,0,0,0
SKU0698,Pantry Product 44,Pantry,C,S002,PT Indo Fresh,WHBDG,Bandung - Rancaekek,BATCH2666,2025-05-31,2025-04-14,2028-08-28,101,10,1,2,1,2,1.53,39.0,6.54,11,5,4,8.71,9.85,87.06,4.59,6.0,88.56,FIFO,Low Stock,-4,2025-09-01,3.04,68.45,,7,0,0,1,7,4.58,0,0,0
SKU0699,Dairy Product 103,Dairy,C,S010,PT DailyDairy,WHMDN,Medan - Deli Serdang,BATCH7958,2025-08-09,2025-06-24,2025-08-23,31,260,39,18,1,1,26.85,823.0,9.68,287,99,7,2.14,2.0,556.4,3.1,17.0,79.8,FEFO,Low Stock,5,2025-08-05,6.23,75.27,,203,0,0,1,203,7.56,1,0,0
SKU0700,Beverages Product 304,Beverages,A,S005,PT Agro Raya,WHMDN,Medan - Deli Serdang,BATCH7626,2025-06-10,2025-05-10,2029-02-08,91,1,146,64,0,1,54.27,1.372,21.95,171,62,2,3.75,4.0,4467.56,1.37,23.0,75.25,FEFO,In Stock,0,2025-08-22,7.1,75.15,,-209,1,1,1,0,0.0,0,0,0
SKU0701,Fresh Product 129,Fresh Produce,C,S008,PT Hygienic Supplies,WHMDN,Medan - Deli Serdang,BATCH3205,2025-07-12,2025-07-11,2025-07-25,59,561,18,107,0,4,56.22,1.386,9.98,91,35,1,0.41,0.39,231.52,3.01,19.0,95.04,FIFO,Expiring Soon,4,2025-09-03,-4.84,62.57,,436,0,0,0,436,7.76,1,0,0
SKU0702,Frozen Product 14,Frozen,A,S003,PT Prima Distribusi,WHMDN,Medan - Deli Serdang,BATCH6356,2025-04-08,2025-03-30,2026-03-27,154,445,36,81,1,0,35.92,1.172,12.39,56,20,1,4.58,4.24,2038.37,2.42,19.0,89.98,FEFO,In Stock,-1,2025-06-22,0.86,68.79,,328,0,0,0,328,9.13,0,0,0
SKU0703,Beverages Product 339,Beverages,A,S009,PT Beverage Nusantara,WHMDN,Medan - Deli Serdang,BATCH5809,2025-05-13,2025-04-01,2027-06-30,119,635,158,177,0,1,68.93,1.888,9.21,106,37,1,5.88,6.34,3731.58,3.26,30.0,72.48,FEFO,In Stock,-3,2025-07-09,1.65,78.84,,300,0,0,0,300,4.35,0,0,0
SKU0704,Pantry Product 415,Pantry,B,S009,PT Beverage Nusantara,WHDPS,Denpasar - Tabanan,BATCH8051,2025-09-05,2025-07-11,2026-11-08,4,110,35,5,2,1,14.68,520.0,7.49,67,23,3,13.39,12.42,1472.63,4.0,6.0,90.13,FIFO,In Stock,2,2025-07-22,-2.73,88.63,,70,0,0,0,70,4.77,0,0,0
SKU0705,Household Product 227,Household,C,S008,PT Hygienic Supplies,WHJKT,Jakarta - Cengkareng,BATCH5965,2025-09-01,2025-07-07,2027-08-29,8,35,7,8,1,1,5.27,143.0,6.64,59,22,7,7.35,6.84,257.4,4.52,3.0,87.49,FIFO,Low Stock,2,2025-07-09,-5.1,68.59,,20,0,1,1,20,3.8,0,0,0
SKU0706,Seafood Product 200,Seafood,B,S008,PT Hygienic Supplies,WHJKT,Jakarta - Cengkareng,BATCH9837,2025-04-17,2025-03-12,2025-04-27,145,172,26,14,0,1,9.8,228.0,17.55,24,14,1,8.39,7.89,1442.48,1.71,3.0,84.31,FEFO,Expiring Soon,-1,2025-07-11,6.24,78.04,,132,0,0,0,132,13.47,1,0,0
SKU0707,Dairy Product 29,Dairy,C,S007,PT Bakerindo,WHSBY,Surabaya - Sidoarjo,BATCH7189,2025-05-06,2025-03-28,2025-05-31,126,168,49,9,1,1,17.91,683.0,9.38,85,31,3,2.3,2.32,386.5,3.2,13.0,73.54,FEFO,Expiring Soon,-1,2025-08-04,-2.92,67.87,,110,0,0,0,110,6.14,1,0,0
SKU0708,Fresh Product 24,Fresh Produce,C,S003,PT Prima Distribusi,WHSBY,Surabaya - Sidoarjo,BATCH1440,2025-06-12,2025-04-25,2025-06-26,89,64,30,9,5,0,11.11,315.0,5.76,67,23,4,2.33,2.31,149.09,5.21,6.0,84.02,FEFO,Low Stock,0,2025-07-23,4.86,76.38,Promotional item,25,0,0,1,25,2.25,1,0,0
SKU0709,Personal Product 211,Personal Care,B,S006,PT Frozen Express,WHJKT,Jakarta - Cengkareng,BATCH5056,2025-03-24,2025-03-09,2027-08-06,169,88,29,29,1,2,10.06,313.0,8.75,112,42,7,18.85,17.37,1658.83,3.43,4.0,72.59,FEFO,Low Stock,0,2025-06-26,-4.58,66.32,Seasonal SKU,30,0,1,1,30,2.98,0,0,0
SKU0710,Household Product 59,Household,C,S006,PT Frozen Express,WHBDG,Bandung - Rancaekek,BATCH6343,2025-09-04,2025-09-02,2029-09-10,5,173,9,38,0,1,15.61,507.0,11.08,167,58,7,3.54,3.91,611.85,2.71,7.0,72.61,FEFO,In Stock,-1,2025-06-17,8.26,79.83,,126,0,0,1,126,8.07,0,0,0
SKU0711,Pantry Product 462,Pantry,A,S007,PT Bakerindo,WHSBY,Surabaya - Sidoarjo,BATCH8695,2025-09-04,2025-07-29,2030-07-30,5,333,61,16,0,0,16.53,594.0,20.15,183,67,7,13.65,15.67,4545.42,1.49,6.0,81.09,FIFO,In Stock,-4,2025-07-31,9.18,93.92,,256,0,0,0,256,15.49,0,0,0
SKU0712,Bakery Product 294,Bakery,C,S002,PT Indo Fresh,WHMDN,Medan - Deli Serdang,BATCH4373,2025-08-15,2025-07-25,2025-08-22,25,121,121,0,2,2,32.39,865.0,3.74,98,33,2,2.52,2.5,305.14,8.03,12.0,84.72,FEFO,Expiring Soon,-1,2025-07-07,-6.96,83.2,,0,0,1,1,0,0.0,1,0,0
SKU0713,Beverages Product 86,Beverages,A,S010,PT DailyDairy,WHSBY,Surabaya - Sidoarjo,BATCH4305,2025-06-08,2025-05-08,2028-11-16,93,780,204,195,0,2,84.15,2.503,9.27,382,130,3,5.3,5.57,4132.75,3.24,31.0,98.43,FIFO,In Stock,1,2025-07-03,-2.76,75.47,,381,0,0,1,381,4.53,0,0,0
SKU0714,Meat Product 153,Meat,A,S010,PT DailyDairy,WHMDN,Medan - Deli Serdang,BATCH2552,2025-07-14,2025-06-07,2025-07-21,57,328,96,108,1,2,34.23,1.27,9.58,264,93,5,11.33,12.96,3716.08,3.13,10.0,71.92,FEFO,Expiring Soon,0,2025-08-06,-3.11,92.18,Temperature controlled,124,0,0,1,124,3.62,1,0,0
SKU0715,Frozen Product 108,Frozen,B,S006,PT Frozen Express,WHJKT,Jakarta - Cengkareng,BATCH9268,2025-03-27,2025-02-04,2025-12-09,166,149,54,10,1,1,18.75,398.0,7.95,86,30,3,7.74,7.1,1153.6,3.78,5.0,93.09,FEFO,In Stock,1,2025-07-16,9.87,66.51,,85,0,0,1,85,4.53,0,0,0
SKU0716,Seafood Product 213,Seafood,C,S007,PT Bakerindo,WHSBY,Surabaya - Sidoarjo,BATCH9971,2025-04-03,2025-03-23,2025-04-13,159,22,5,8,1,1,2.47,92.0,8.91,16,11,2,11.7,11.34,257.4,3.37,1.0,92.58,FIFO,Expiring Soon,2,2025-06-21,-3.29,77.71,,9,0,1,1,9,3.64,1,0,0
SKU0717,Household Product 296,Household,C,S008,PT Hygienic Supplies,WHBDG,Bandung - Rancaekek,BATCH5389,2025-03-24,2025-01-24,2028-11-05,169,41,7,12,2,1,9.21,297.0,4.45,32,14,2,0.82,0.91,33.57,6.74,8.0,79.41,FEFO,In Stock,0,2025-06-29,-2.1,60.46,,22,0,0,1,22,2.39,0,0,0
SKU0718,Fresh Product 103,Fresh Produce,C,S006,PT Frozen Express,WHMDN,Medan - Deli Serdang,BATCH3465,2025-08-03,2025-06-17,2025-08-09,37,81,27,17,1,1,8.69,312.0,9.32,70,27,5,2.25,2.05,182.39,3.22,3.0,94.88,FEFO,Expiring Soon,-3,2025-07-16,3.12,67.62,,37,0,0,1,37,4.26,1,0,0
SKU0719,Household Product 467,Household,B,S002,PT Indo Fresh,WHBDG,Bandung - Rancaekek,BATCH5702,2025-05-27,2025-04-16,2027-11-24,105,93,15,32,3,1,13.46,339.0,6.91,28,15,1,18.87,18.49,1754.49,4.34,4.0,84.72,FIFO,In Stock,0,2025-08-08,-7.11,75.16,,46,0,0,0,46,3.42,0,0,0
SKU0720,Meat Product 123,Meat,A,S002,PT Indo Fresh,WHBDG,Bandung - Rancaekek,BATCH5023,2025-07-22,2025-06-01,2025-07-27,49,229,13,32,0,1,26.81,897.0,8.54,167,60,4,9.84,10.7,2253.54,3.51,11.0,72.03,FEFO,Expiring Soon,0,2025-07-12,1.14,88.61,,184,0,0,0,184,6.86,1,0,0
SKU0721,Personal Product 217,Personal Care,B,S001,PT Segar Makmur,WHBDG,Bandung - Rancaekek,BATCH3235,2025-07-31,2025-07-30,2028-02-09,40,85,16,24,4,0,7.85,247.0,10.83,37,13,3,21.65,21.47,1840.47,2.77,2.0,79.61,FEFO,In Stock,1,2025-08-05,0.86,86.35,,45,0,0,0,45,5.73,0,0,0
SKU0722,Dairy Product 437,Dairy,A,S001,PT Segar Makmur,WHMDN,Medan - Deli Serdang,BATCH2375,2025-09-04,2025-08-15,2025-09-12,5,570,126,16,1,3,57.11,1.374,9.98,859,288,10,3.87,4.32,2205.84,3.01,18.0,94.43,FEFO,Low Stock,0,2025-09-01,-9.56,91.06,,428,0,0,1,428,7.49,0,1,0
SKU0723,Bakery Product 187,Bakery,A,S002,PT Indo Fresh,WHMDN,Medan - Deli Serdang,BATCH2833,2025-08-05,2025-06-30,2025-08-08,35,977,172,129,1,1,63.18,2.091,15.46,101,38,1,2.73,2.59,2671.9,1.94,15.0,72.79,FIFO,Expiring Soon,3,2025-07-05,7.65,78.57,,676,0,0,0,676,10.7,1,0,0
SKU0724,Pantry Product 397,Pantry,C,S009,PT Beverage Nusantara,WHSBY,Surabaya - Sidoarjo,BATCH4900,2025-05-05,2025-03-28,2026-11-05,127,9,1,2,0,3,1.21,30.0,7.44,16,11,4,3.1,3.07,27.94,4.03,2.0,96.24,FIFO,Low Stock,0,2025-07-31,5.03,71.53,,6,0,1,1,6,4.96,0,0,0
SKU0725,Pantry Product 200,Pantry,C,S004,PT Nusantara Supplier,WHMDN,Medan - Deli Serdang,BATCH2750,2025-07-16,2025-07-05,2027-05-07,55,42,6,9,2,0,3.12,116.0,13.46,16,10,2,3.75,3.83,157.59,2.23,2.0,71.68,FIFO,In Stock,-3,2025-08-05,-6.28,87.53,,27,0,0,0,27,8.65,0,0,0
SKU0726,Meat Product 302,Meat,B,S001,PT Segar Makmur,WHMDN,Medan - Deli Serdang,BATCH2850,2025-04-26,2025-04-06,2025-05-12,136,205,62,35,2,0,19.63,486.0,10.44,150,52,5,5.43,6.22,1113.23,2.87,13.0,74.97,FEFO,Expiring Soon,-1,2025-07-11,7.08,65.76,,108,0,0,1,108,5.5,1,0,0
SKU0727,Personal Product 451,Personal Care,B,S003,PT Prima Distribusi,WHSBY,Surabaya - Sidoarjo,BATCH6049,2025-05-11,2025-05-10,2028-06-02,121,185,51,25,0,2,19.4,473.0,9.54,65,26,2,10.04,11.04,1857.44,3.15,7.0,96.41,FIFO,In Stock,4,2025-06-17,-5.94,95.3,,109,0,0,0,109,5.62,0,0,0
SKU0728,Fresh Product 470,Fresh Produce,C,S004,PT Nusantara Supplier,WHSBY,Surabaya - Sidoarjo,BATCH6067,2025-04-21,2025-03-12,2025-04-30,141,404,107,9,0,0,54.48,1.348,7.42,818,273,10,1.28,1.21,515.58,4.05,13.0,89.38,FEFO,Low Stock,0,2025-06-14,1.02,75.07,High return rate,288,0,0,1,288,5.29,1,0,0
SKU0729,Household Product 199,Household,B,S001,PT Segar Makmur,WHMDN,Medan - Deli Serdang,BATCH2478,2025-07-06,2025-05-08,2028-03-13,65,99,33,11,0,0,14.46,487.0,6.85,154,53,7,12.4,12.59,1227.59,4.38,12.0,85.68,FIFO,Low Stock,-1,2025-08-02,6.08,64.96,,55,0,0,1,55,3.8,0,0,0
SKU0730,Personal Product 469,Personal Care,A,S008,PT Hygienic Supplies,WHSBY,Surabaya - Sidoarjo,BATCH1555,2025-03-29,2025-03-12,2028-07-08,164,346,45,76,1,3,23.24,897.0,14.89,108,38,3,7.06,7.91,2441.9,2.02,6.0,83.59,FIFO,In Stock,0,2025-07-09,-7.83,85.76,,225,0,0,0,225,9.68,0,0,0
SKU0731,Bakery Product 431,Bakery,C,S006,PT Frozen Express,WHMDN,Medan - Deli Serdang,BATCH5275,2025-08-15,2025-07-14,2025-08-18,25,380,73,64,0,1,63.12,1.554,6.02,98,35,1,2.0,1.82,760.84,4.98,20.0,78.61,FIFO,Expiring Soon,1,2025-07-26,5.38,61.6,,243,0,0,0,243,3.85,1,0,0
SKU0732,Beverages Product 281,Beverages,A,S006,PT Frozen Express,WHMDN,Medan - Deli Serdang,BATCH1853,2025-03-16,2025-02-03,2026-05-11,177,1,133,24,1,1,72.3,2.585,14.19,441,152,4,4.86,4.44,4984.82,2.11,30.0,87.31,FIFO,In Stock,0,2025-06-21,2.33,94.62,,-156,1,1,1,0,0.0,0,0,0
SKU0733,Pantry Product 2,Pantry,B,S007,PT Bakerindo,WHBDG,Bandung - Rancaekek,BATCH6140,2025-04-02,2025-02-25,2027-12-18,160,133,27,18,1,1,10.3,328.0,12.91,34,13,2,13.75,13.3,1828.46,2.32,2.0,84.79,FIFO,In Stock,0,2025-08-26,3.07,64.63,,88,0,0,0,88,8.54,0,0,0
SKU0734,Frozen Product 497,Frozen,C,S003,PT Prima Distribusi,WHDPS,Denpasar - Tabanan,BATCH6233,2025-03-18,2025-02-18,2025-12-28,175,53,14,12,0,0,5.5,180.0,9.64,21,10,2,5.88,6.46,311.78,3.11,4.0,95.98,FEFO,In Stock,0,2025-08-23,1.92,66.52,,27,0,0,0,27,4.91,0,0,0
SKU0735,Beverages Product 424,Beverages,A,S006,PT Frozen Express,WHSBY,Surabaya - Sidoarjo,BATCH7791,2025-07-21,2025-06-28,2027-01-09,50,1,101,78,5,0,85.99,2.69,13.65,389,131,3,4.39,4.35,5158.91,2.2,27.0,85.93,FIFO,In Stock,0,2025-07-21,-2.33,61.48,,-178,1,1,1,0,0.0,0,0,0
SKU0736,Personal Product 453,Personal Care,B,S010,PT DailyDairy,WHBDG,Bandung - Rancaekek,BATCH4747,2025-09-04,2025-07-08,2026-10-21,5,100,40,21,1,1,17.29,646.0,5.78,53,18,2,17.71,17.96,1771.13,5.19,4.0,73.16,FIFO,In Stock,3,2025-07-12,6.52,91.8,,39,0,0,1,39,2.26,0,0,0
SKU0737,Beverages Product 87,Beverages,B,S001,PT Segar Makmur,WHMDN,Medan - Deli Serdang,BATCH5262,2025-04-04,2025-03-26,2028-08-29,158,665,49,136,1,0,56.08,1.528,11.86,175,63,2,2.48,2.71,1650.73,2.53,16.0,97.81,FIFO,In Stock,6,2025-07-24,-9.04,63.88,,480,0,0,0,480,8.56,0,0,0
SKU0738,Pantry Product 8,Pantry,C,S009,PT Beverage Nusantara,WHMDN,Medan - Deli Serdang,BATCH9096,2025-05-16,2025-05-09,2030-02-23,116,66,11,12,0,2,4.27,112.0,15.46,21,12,2,7.83,7.72,516.82,1.94,2.0,88.13,FIFO,In Stock,-2,2025-08-14,-4.88,95.53,,43,0,0,0,43,10.07,0,0,0
SKU0739,Household Product 401,Household,A,S005,PT Agro Raya,WHSBY,Surabaya - Sidoarjo,BATCH3133,2025-05-06,2025-04-09,2028-06-26,126,183,10,37,2,2,14.23,486.0,12.86,44,16,2,17.47,15.84,3197.38,2.33,8.0,80.74,FIFO,In Stock,1,2025-06-25,3.92,73.09,,136,0,0,0,136,9.56,0,0,0
SKU0740,Household Product 373,Household,A,S004,PT Nusantara Supplier,WHMDN,Medan - Deli Serdang,BATCH3391,2025-07-25,2025-07-24,2028-11-07,46,190,29,32,0,2,17.37,405.0,10.94,189,67,7,13.18,12.1,2503.82,2.74,10.0,87.38,FEFO,In Stock,3,2025-08-07,4.62,90.5,,129,0,0,1,129,7.43,0,0,0
SKU0741,Frozen Product 128,Frozen,A,S006,PT Frozen Express,WHDPS,Denpasar - Tabanan,BATCH8506,2025-03-18,2025-03-13,2026-02-26,175,362,32,78,0,0,39.13,1.523,9.25,125,47,2,6.05,6.05,2191.37,3.24,21.0,82.95,FIFO,In Stock,-3,2025-07-11,-7.22,72.41,Promotional item,252,0,0,0,252,6.44,0,0,0
SKU0742,Personal Product 204,Personal Care,C,S004,PT Nusantara Supplier,WHMDN,Medan - Deli Serdang,BATCH5198,2025-05-24,2025-05-20,2029-09-28,108,24,6,4,0,0,3.25,87.0,7.38,16,9,2,19.99,20.28,479.7,4.06,2.0,90.28,FIFO,In Stock,3,2025-06-30,8.15,66.86,Promotional item,14,0,0,1,14,4.31,0,0,0
SKU0743,Personal Product 242,Personal Care,B,S006,PT Frozen Express,WHDPS,Denpasar - Tabanan,BATCH1745,2025-03-22,2025-03-22,2029-07-29,171,195,26,1,1,0,13.28,514.0,14.68,62,22,3,8.93,8.31,1740.73,2.04,4.0,88.46,FEFO,In Stock,1,2025-07-07,0.6,74.05,,168,0,0,0,168,12.65,0,0,0
SKU0744,Seafood Product 203,Seafood,C,S006,PT Frozen Express,WHBDG,Bandung - Rancaekek,BATCH3938,2025-04-19,2025-04-03,2025-04-22,143,79,20,11,1,0,8.07,259.0,9.79,51,19,4,5.21,4.73,411.69,3.06,3.0,78.73,FIFO,Expiring Soon,0,2025-07-07,-1.11,61.43,,48,0,0,1,48,5.95,1,0,0
SKU0745,Seafood Product 240,Seafood,B,S003,PT Prima Distribusi,WHJKT,Jakarta - Cengkareng,BATCH3323,2025-06-20,2025-06-04,2025-06-29,81,291,57,9,3,1,29.51,1.014,9.86,46,16,1,5.74,6.56,1670.54,3.04,6.0,97.6,FIFO,Expiring Soon,0,2025-07-31,-2.4,86.15,High return rate,225,0,0,0,225,7.62,1,0,0
SKU0746,Frozen Product 499,Frozen,C,S005,PT Agro Raya,WHSBY,Surabaya - Sidoarjo,BATCH5312,2025-05-22,2025-04-13,2026-01-29,110,39,7,2,0,3,4.42,108.0,8.82,72,28,10,7.45,7.1,290.44,3.4,3.0,79.17,FEFO,Low Stock,-1,2025-07-05,-8.39,68.42,,30,0,0,1,30,6.79,0,0,0
SKU0747,Personal Product 162,Personal Care,C,S008,PT Hygienic Supplies,WHBDG,Bandung - Rancaekek,BATCH8208,2025-04-20,2025-04-17,2029-12-26,142,18,18,0,0,0,6.71,220.0,2.68,109,42,10,15.12,15.37,272.13,11.18,4.0,98.91,FIFO,Low Stock,-1,2025-08-21,6.7,93.07,High return rate,0,0,1,1,0,0.0,0,0,0
SKU0748,Fresh Product 134,Fresh Produce,B,S003,PT Prima Distribusi,WHMDN,Medan - Deli Serdang,BATCH9108,2025-05-21,2025-05-19,2025-05-25,111,1,163,117,1,0,60.81,1.282,19.34,372,129,4,1.0,1.05,1179.88,1.55,21.0,98.75,FEFO,Expiring Soon,0,2025-07-26,4.34,60.01,,-279,1,1,1,0,0.0,1,0,0
SKU0749,Pantry Product 235,Pantry,C,S008,PT Hygienic Supplies,WHJKT,Jakarta - Cengkareng,BATCH6727,2025-08-03,2025-07-29,2027-04-13,37,149,18,15,1,0,14.71,519.0,10.13,73,29,3,3.56,4.09,531.1,2.96,7.0,90.73,FIFO,In Stock,0,2025-08-04,-5.84,97.75,,116,0,0,0,116,7.89,0,0,0
SKU0750,Dairy Product 261,Dairy,C,S005,PT Agro Raya,WHDPS,Denpasar - Tabanan,BATCH4479,2025-03-24,2025-02-15,2025-04-18,169,166,53,33,2,0,17.45,376.0,9.51,79,27,3,3.19,3.52,528.94,3.15,4.0,77.65,FIFO,Expiring Soon,0,2025-07-04,9.45,65.7,,80,0,0,0,80,4.58,1,0,0
SKU0751,Dairy Product 472,Dairy,C,S002,PT Indo Fresh,WHBDG,Bandung - Rancaekek,BATCH2545,2025-05-05,2025-03-10,2025-06-02,127,134,54,45,0,0,17.56,392.0,7.63,87,34,3,3.03,2.81,405.4,3.93,3.0,86.87,FEFO,Expiring Soon,-1,2025-09-06,-4.37,67.73,,35,0,0,1,35,1.99,1,0,0
SKU0752,Personal Product 63,Personal Care,A,S007,PT Bakerindo,WHSBY,Surabaya - Sidoarjo,BATCH6300,2025-04-11,2025-04-02,2026-11-14,151,210,46,26,1,1,22.01,689.0,9.54,235,81,7,24.13,25.07,5066.82,3.14,14.0,85.99,FIFO,Low Stock,0,2025-08-30,-5.04,93.1,,138,0,0,1,138,6.27,0,0,0
SKU0753,Beverages Product 246,Beverages,C,S008,PT Hygienic Supplies,WHSBY,Surabaya - Sidoarjo,BATCH1095,2025-04-10,2025-03-20,2029-12-17,152,679,2,91,4,0,78.3,2.954,8.67,239,82,2,0.33,0.36,227.4,3.46,32.0,96.73,FIFO,In Stock,-3,2025-06-18,-0.66,69.48,,586,0,0,0,586,7.48,0,0,0
SKU0754,Frozen Product 486,Frozen,B,S010,PT DailyDairy,WHBDG,Bandung - Rancaekek,BATCH5635,2025-07-17,2025-06-27,2026-01-25,54,592,156,21,4,0,35.88,1.167,16.5,115,43,2,2.59,2.93,1531.21,1.82,8.0,75.68,FIFO,In Stock,2,2025-08-31,8.15,95.9,,415,0,0,0,415,11.57,0,0,0
SKU0755,Pantry Product 48,Pantry,A,S007,PT Bakerindo,WHSBY,Surabaya - Sidoarjo,BATCH7535,2025-07-26,2025-07-21,2027-11-29,45,178,56,63,1,1,28.97,814.0,6.14,136,49,3,13.44,15.35,2392.93,4.88,9.0,76.76,FIFO,In Stock,2,2025-08-14,-6.87,62.14,,59,0,0,1,59,2.04,0,0,0
SKU0756,Beverages Product 146,Beverages,C,S003,PT Prima Distribusi,WHJKT,Jakarta - Cengkareng,BATCH8083,2025-06-25,2025-05-09,2029-03-26,76,205,190,15,0,1,80.54,1.742,2.55,852,288,7,3.46,3.73,710.08,11.79,35.0,77.91,FEFO,Low Stock,-2,2025-06-14,7.2,90.09,,0,0,1,1,0,0.0,0,0,0
SKU0757,Seafood Product 50,Seafood,C,S006,PT Frozen Express,WHDPS,Denpasar - Tabanan,BATCH8298,2025-07-20,2025-05-25,2025-07-30,51,98,36,20,0,1,12.08,280.0,8.11,73,25,4,3.6,3.55,352.9,3.7,4.0,81.78,FEFO,Expiring Soon,0,2025-07-11,1.67,81.24,,42,0,0,1,42,3.48,1,0,0
SKU0758,Pantry Product 47,Pantry,B,S007,PT Bakerindo,WHSBY,Surabaya - Sidoarjo,BATCH8112,2025-04-05,2025-02-24,2027-04-21,157,197,28,9,2,1,16.81,509.0,11.72,84,34,3,9.02,9.93,1776.92,2.56,6.0,71.12,FEFO,In Stock,0,2025-08-29,7.2,61.74,Promotional item,160,0,0,0,160,9.52,0,0,0
SKU0759,Personal Product 347,Personal Care,B,S004,PT Nusantara Supplier,WHBDG,Bandung - Rancaekek,BATCH9596,2025-05-06,2025-05-01,2029-04-19,126,91,28,24,4,2,7.73,217.0,11.77,44,21,3,18.07,17.63,1644.5,2.55,2.0,79.99,FEFO,In Stock,-1,2025-07-12,-5.99,85.56,,39,0,0,1,39,5.05,0,0,0
SKU0760,Personal Product 245,Personal Care,C,S005,PT Agro Raya,WHBDG,Bandung - Rancaekek,BATCH5921,2025-08-08,2025-06-16,2030-06-09,32,26,12,0,0,2,3.33,104.0,7.81,40,17,7,10.47,9.59,272.24,3.84,1.0,91.9,FIFO,Low Stock,1,2025-07-05,7.52,95.42,,14,0,1,1,14,4.2,0,0,0
SKU0761,Pantry Product 283,Pantry,C,S002,PT Indo Fresh,WHJKT,Jakarta - Cengkareng,BATCH9366,2025-05-01,2025-04-04,2026-12-07,131,170,48,36,0,0,16.18,345.0,10.51,128,47,5,1.52,1.54,257.75,2.86,6.0,96.8,FEFO,In Stock,0,2025-08-28,-6.38,72.17,,86,0,0,1,86,5.32,0,0,0
SKU0762,Beverages Product 417,Beverages,A,S005,PT Agro Raya,WHSBY,Surabaya - Sidoarjo,BATCH2339,2025-07-06,2025-05-18,2029-10-17,65,1,55,4,0,3,66.3,2.343,17.25,401,136,4,4.12,3.94,4714.08,1.74,29.0,84.91,FIFO,In Stock,-3,2025-08-26,-7.74,92.73,,-58,1,1,1,0,0.0,0,0,0
SKU0763,Frozen Product 403,Frozen,B,S003,PT Prima Distribusi,WHMDN,Medan - Deli Serdang,BATCH7819,2025-08-29,2025-07-04,2026-03-18,11,174,24,16,1,0,17.46,425.0,9.97,60,25,2,5.55,6.25,965.87,3.01,9.0,91.59,FEFO,In Stock,1,2025-07-31,-5.31,84.2,,134,0,0,0,134,7.67,0,0,0
SKU0764,Frozen Product 344,Frozen,A,S008,PT Hygienic Supplies,WHDPS,Denpasar - Tabanan,BATCH4066,2025-07-04,2025-06-21,2026-03-28,67,424,5,17,3,0,37.85,1.419,11.2,63,25,1,6.26,6.43,2655.09,2.68,11.0,93.4,FIFO,In Stock,0,2025-08-30,7.81,75.46,,402,0,0,0,402,10.62,0,0,0
SKU0765,Pantry Product 447,Pantry,C,S002,PT Indo Fresh,WHMDN,Medan - Deli Serdang,BATCH1095,2025-04-26,2025-04-01,2026-06-01,136,29,2,2,1,1,1.97,75.0,14.72,27,13,7,12.43,11.74,360.44,2.04,2.0,92.52,FIFO,In Stock,1,2025-09-08,-9.93,67.83,,25,0,0,1,25,12.69,0,0,0
SKU0766,Frozen Product 355,Frozen,C,S007,PT Bakerindo,WHDPS,Denpasar - Tabanan,BATCH6910,2025-05-08,2025-03-25,2026-01-20,124,80,24,5,1,2,13.42,286.0,5.96,64,24,3,7.41,7.05,592.48,5.03,5.0,83.55,FEFO,In Stock,0,2025-08-02,-9.18,69.55,High return rate,51,0,0,1,51,3.8,0,0,0
SKU0767,Fresh Product 58,Fresh Produce,C,S001,PT Segar Makmur,WHBDG,Bandung - Rancaekek,BATCH8882,2025-09-03,2025-07-24,2025-09-09,6,87,21,9,2,0,8.41,225.0,10.34,41,16,3,2.44,2.34,212.51,2.9,7.0,80.18,FIFO,Expiring Soon,4,2025-06-18,-6.02,84.78,,57,0,0,0,57,6.78,0,1,0
SKU0768,Household Product 440,Household,B,S009,PT Beverage Nusantara,WHBDG,Bandung - Rancaekek,BATCH8592,2025-08-18,2025-08-09,2028-04-25,22,78,6,20,2,1,5.9,152.0,13.22,19,7,2,13.56,14.23,1057.99,2.27,5.0,81.65,FEFO,In Stock,0,2025-07-17,-4.18,71.42,High return rate,52,0,0,0,52,8.81,0,0,0
SKU0769,Personal Product 379,Personal Care,C,S008,PT Hygienic Supplies,WHMDN,Medan - Deli Serdang,BATCH8364,2025-05-12,2025-04-05,2026-06-21,120,36,10,12,0,1,4.76,123.0,7.56,19,9,2,6.59,7.12,237.38,3.97,1.0,93.09,FIFO,In Stock,0,2025-08-15,-6.88,64.68,,14,0,0,1,14,2.94,0,0,0
SKU0770,Household Product 201,Household,B,S001,PT Segar Makmur,WHSBY,Surabaya - Sidoarjo,BATCH8074,2025-09-07,2025-08-12,2027-04-05,2,111,13,14,2,0,8.23,199.0,13.49,44,19,3,11.97,12.47,1328.46,2.22,4.0,93.3,FEFO,In Stock,3,2025-06-27,-4.3,63.12,,84,0,0,0,84,10.21,0,0,0
SKU0771,Pantry Product 149,Pantry,C,S001,PT Segar Makmur,WHMDN,Medan - Deli Serdang,BATCH9410,2025-05-30,2025-04-23,2029-02-18,102,218,10,20,2,0,13.52,308.0,16.12,291,102,14,0.88,0.8,191.4,1.86,4.0,78.91,FEFO,Low Stock,1,2025-08-11,-6.69,76.44,,188,0,0,1,188,13.91,0,0,0
SKU0772,Pantry Product 217,Pantry,C,S010,PT DailyDairy,WHSBY,Surabaya - Sidoarjo,BATCH5388,2025-04-21,2025-02-23,2026-08-29,141,74,29,45,4,0,18.75,559.0,3.95,86,30,3,10.8,10.03,798.84,7.6,9.0,86.36,FEFO,Low Stock,-5,2025-07-11,7.6,93.16,Temperature controlled,0,0,1,1,0,0.0,0,0,0
SKU0773,Personal Product 178,Personal Care,B,S008,PT Hygienic Supplies,WHMDN,Medan - Deli Serdang,BATCH5718,2025-09-04,2025-07-20,2027-07-31,5,83,26,0,0,1,11.54,324.0,7.19,36,13,2,15.91,16.62,1320.42,4.17,5.0,85.54,FIFO,In Stock,3,2025-07-11,-9.65,75.01,,57,0,0,0,57,4.94,0,0,0
SKU0774,Meat Product 113,Meat,A,S010,PT DailyDairy,WHSBY,Surabaya - Sidoarjo,BATCH3148,2025-04-08,2025-02-11,2025-04-27,154,244,0,44,2,0,22.04,807.0,11.07,173,63,5,10.41,10.41,2539.33,2.71,3.0,91.77,FEFO,Expiring Soon,0,2025-07-22,-9.95,63.96,,200,0,0,0,200,9.07,1,0,0
SKU0775,Household Product 345,Household,C,S006,PT Frozen Express,WHMDN,Medan - Deli Serdang,BATCH4394,2025-07-30,2025-07-12,2030-01-23,41,14,2,1,1,3,1.8,59.0,7.78,21,12,5,18.44,16.82,258.14,3.86,2.0,74.81,FIFO,Low Stock,-2,2025-06-16,0.1,91.08,,11,0,1,1,11,6.11,0,0,0
SKU0776,Dairy Product 81,Dairy,C,S010,PT DailyDairy,WHMDN,Medan - Deli Serdang,BATCH9089,2025-08-15,2025-07-27,2025-09-04,25,25,2,11,3,2,5.47,191.0,4.57,27,11,3,1.67,1.52,41.67,6.56,4.0,86.27,FIFO,Low Stock,3,2025-08-14,-6.39,75.31,,12,0,0,1,12,2.19,1,0,0
SKU0777,Personal Product 184,Personal Care,A,S005,PT Agro Raya,WHSBY,Surabaya - Sidoarjo,BATCH3862,2025-03-20,2025-01-27,2027-02-07,173,260,14,46,1,1,24.97,838.0,10.41,79,29,2,15.16,14.62,3942.54,2.88,7.0,89.12,FIFO,In Stock,-6,2025-09-01,-2.93,85.6,,200,0,0,0,200,8.01,0,0,0
SKU0778,Fresh Product 117,Fresh Produce,C,S002,PT Indo Fresh,WHDPS,Denpasar - Tabanan,BATCH5224,2025-07-14,2025-06-23,2025-07-24,57,106,46,37,0,0,26.99,966.0,3.93,571,193,14,2.2,2.26,233.06,7.64,10.0,70.61,FEFO,Low Stock,0,2025-09-04,6.54,84.64,,23,0,1,1,23,0.85,1,0,0
SKU0779,Pantry Product 459,Pantry,B,S003,PT Prima Distribusi,WHDPS,Denpasar - Tabanan,BATCH2706,2025-04-08,2025-02-22,2030-01-08,154,286,87,39,1,2,28.29,975.0,10.11,88,31,2,6.11,5.55,1748.66,2.97,19.0,81.65,FIFO,In Stock,0,2025-07-15,5.29,79.86,,160,0,0,0,160,5.66,0,0,0
SKU0780,Personal Product 387,Personal Care,B,S002,PT Indo Fresh,WHJKT,Jakarta - Cengkareng,BATCH2669,2025-04-06,2025-02-13,2029-09-05,156,144,71,51,0,3,21.14,698.0,6.81,35,14,1,13.08,14.33,1883.04,4.4,6.0,97.16,FIFO,In Stock,5,2025-07-07,3.28,63.03,Seasonal SKU,22,0,0,1,22,1.04,0,0,0
SKU0781,Household Product 467,Household,A,S006,PT Frozen Express,WHBDG,Bandung - Rancaekek,BATCH8233,2025-06-27,2025-05-10,2030-06-16,74,210,23,17,0,1,12.51,419.0,16.79,191,66,10,19.49,22.05,4091.91,1.79,5.0,93.69,FEFO,In Stock,-6,2025-08-28,-0.89,92.15,,170,0,0,1,170,13.59,0,0,0
SKU0782,Bakery Product 420,Bakery,C,S003,PT Prima Distribusi,WHJKT,Jakarta - Cengkareng,BATCH7811,2025-07-20,2025-06-01,2025-07-25,51,29,29,0,6,0,56.57,2.036,0.51,176,63,2,2.17,2.42,62.87,58.52,20.0,93.3,FIFO,Low Stock,0,2025-08-09,8.34,80.43,,0,0,1,1,0,0.0,1,0,0
SKU0783,Frozen Product 147,Frozen,B,S009,PT Beverage Nusantara,WHBDG,Bandung - Rancaekek,BATCH7101,2025-08-19,2025-07-05,2026-04-24,21,185,26,21,0,3,12.48,297.0,14.82,43,18,2,7.36,7.08,1362.25,2.02,7.0,80.44,FEFO,In Stock,0,2025-07-25,-2.54,69.23,,138,0,0,0,138,11.06,0,0,0
SKU0784,Meat Product 386,Meat,B,S009,PT Beverage Nusantara,WHMDN,Medan - Deli Serdang,BATCH8025,2025-07-13,2025-06-17,2025-07-22,58,180,43,5,0,0,14.28,548.0,12.6,46,17,2,9.42,8.69,1695.74,2.38,5.0,87.75,FEFO,Expiring Soon,3,2025-07-13,9.41,75.21,,132,0,0,0,132,9.24,1,0,0
SKU0785,Frozen Product 350,Frozen,C,S006,PT Frozen Express,WHJKT,Jakarta - Cengkareng,BATCH1162,2025-05-19,2025-04-04,2025-12-22,113,288,89,28,4,1,28.34,1.018,10.16,135,50,3,2.14,2.0,616.12,2.95,12.0,79.8,FIFO,In Stock,0,2025-08-30,-6.65,90.08,,171,0,0,0,171,6.03,0,0,0
SKU0786,Bakery Product 396,Bakery,C,S003,PT Prima Distribusi,WHMDN,Medan - Deli Serdang,BATCH1607,2025-08-25,2025-07-14,2025-08-30,15,301,97,2,1,0,37.97,844.0,7.93,65,27,1,0.72,0.72,216.09,3.78,10.0,72.76,FIFO,Expiring Soon,0,2025-06-28,-8.44,94.5,Temperature controlled,202,0,0,0,202,5.32,1,0,0
SKU0787,Personal Product 215,Personal Care,C,S007,PT Bakerindo,WHDPS,Denpasar - Tabanan,BATCH6638,2025-06-24,2025-06-24,2028-03-27,77,60,15,8,0,0,8.44,328.0,7.11,127,43,10,5.3,5.26,317.78,4.22,1.0,94.4,FEFO,Low Stock,1,2025-07-04,7.94,86.13,,37,0,1,1,37,4.38,0,0,0
SKU0788,Dairy Product 207,Dairy,C,S008,PT Hygienic Supplies,WHBDG,Bandung - Rancaekek,BATCH8244,2025-04-23,2025-03-10,2025-05-19,139,157,31,13,1,0,28.43,605.0,5.52,178,64,4,1.71,1.63,268.6,5.43,11.0,82.61,FEFO,Low Stock,-3,2025-06-18,3.34,92.42,,113,0,0,1,113,3.97,1,0,0
SKU0789,Dairy Product 155,Dairy,B,S002,PT Indo Fresh,WHJKT,Jakarta - Cengkareng,BATCH7389,2025-04-25,2025-03-10,2025-05-12,137,233,43,69,4,2,34.93,1.123,6.67,58,23,1,3.91,3.86,911.66,4.5,9.0,87.29,FIFO,Expiring Soon,7,2025-07-05,2.38,92.19,,121,0,0,0,121,3.46,1,0,0
SKU0790,Meat Product 48,Meat,B,S009,PT Beverage Nusantara,WHDPS,Denpasar - Tabanan,BATCH6582,2025-06-22,2025-05-05,2025-07-13,79,357,11,69,1,1,39.17,1.383,9.11,61,22,1,4.47,5.02,1597.54,3.29,14.0,84.98,FIFO,Expiring Soon,3,2025-09-07,5.32,93.8,Temperature controlled,277,0,0,0,277,7.07,1,0,0
SKU0791,Pantry Product 124,Pantry,A,S005,PT Agro Raya,WHMDN,Medan - Deli Serdang,BATCH1982,2025-05-03,2025-03-11,2026-12-15,129,219,43,15,2,0,29.39,754.0,7.45,94,35,2,10.42,9.48,2281.32,4.03,7.0,95.67,FEFO,In Stock,-1,2025-08-07,-6.67,93.27,,161,0,0,0,161,5.48,0,0,0
SKU0792,Seafood Product 25,Seafood,C,S002,PT Indo Fresh,WHMDN,Medan - Deli Serdang,BATCH8424,2025-06-25,2025-06-04,2025-06-28,76,37,6,5,0,0,3.29,99.0,11.25,70,24,14,14.21,15.83,525.87,2.67,2.0,76.59,FIFO,Low Stock,-2,2025-06-27,-0.39,86.53,,26,0,0,1,26,7.9,1,0,0
SKU0793,Personal Product 322,Personal Care,B,S009,PT Beverage Nusantara,WHDPS,Denpasar - Tabanan,BATCH5902,2025-07-12,2025-06-24,2028-06-28,59,219,12,33,1,1,17.81,452.0,12.3,33,15,1,7.95,8.54,1740.81,2.44,8.0,78.75,FIFO,In Stock,0,2025-07-23,8.75,94.34,,174,0,0,0,174,9.77,0,0,0
SKU0794,Meat Product 168,Meat,A,S009,PT Beverage Nusantara,WHDPS,Denpasar - Tabanan,BATCH8443,2025-07-22,2025-07-16,2025-08-07,49,722,17,45,1,1,35.82,1.099,20.16,116,44,2,4.45,5.07,3215.64,1.49,11.0,71.03,FIFO,Expiring Soon,-2,2025-07-17,-3.27,82.46,,660,0,0,0,660,18.43,1,0,0
SKU0795,Fresh Product 32,Fresh Produce,C,S007,PT Bakerindo,WHBDG,Bandung - Rancaekek,BATCH8309,2025-05-11,2025-05-07,2025-05-17,121,343,128,52,1,0,44.24,1.514,7.75,73,29,1,1.76,1.64,603.82,3.87,13.0,70.64,FEFO,Expiring Soon,3,2025-06-15,-4.17,70.85,,163,0,0,0,163,3.68,1,0,0
SKU0796,Pantry Product 266,Pantry,B,S007,PT Bakerindo,WHSBY,Surabaya - Sidoarjo,BATCH7937,2025-04-13,2025-03-16,2029-01-28,149,116,24,2,4,1,10.2,376.0,11.37,55,24,3,11.9,13.19,1380.75,2.64,4.0,90.52,FEFO,In Stock,3,2025-07-18,5.69,84.36,,90,0,0,0,90,8.82,0,0,0
SKU0797,Dairy Product 66,Dairy,C,S008,PT Hygienic Supplies,WHMDN,Medan - Deli Serdang,BATCH9408,2025-08-07,2025-06-13,2025-09-05,33,54,8,4,0,0,8.19,318.0,6.59,132,50,10,1.38,1.41,74.51,4.55,1.0,87.4,FIFO,Low Stock,1,2025-06-13,-1.31,81.19,,42,0,1,1,42,5.13,1,0,0
SKU0798,Frozen Product 383,Frozen,C,S003,PT Prima Distribusi,WHDPS,Denpasar - Tabanan,BATCH7694,2025-06-07,2025-05-31,2026-01-03,94,37,6,2,1,1,3.15,86.0,11.75,9,6,1,4.06,3.7,150.21,2.55,2.0,82.9,FIFO,In Stock,-2,2025-07-24,6.45,91.21,,29,0,0,0,29,9.21,0,0,0
SKU0799,Fresh Product 79,Fresh Produce,C,S002,PT Indo Fresh,WHSBY,Surabaya - Sidoarjo,BATCH5968,2025-06-23,2025-06-05,2025-07-01,78,1,207,202,1,0,75.87,2.907,15.74,115,39,1,0.44,0.46,530.97,1.91,30.0,79.85,FEFO,Expiring Soon,3,2025-09-06,9.21,71.42,,-408,1,1,1,0,0.0,1,0,0
SKU0800,Dairy Product 302,Dairy,C,S007,PT Bakerindo,WHJKT,Jakarta - Cengkareng,BATCH4532,2025-06-23,2025-06-12,2025-07-09,78,581,151,44,0,0,50.39,1.064,11.53,532,179,7,0.91,0.83,531.38,2.6,16.0,91.26,FEFO,Expiring Soon,0,2025-09-09,-9.3,78.77,Promotional item,386,0,0,1,386,7.66,1,0,0
SKU0801,Fresh Product 23,Fresh Produce,C,S007,PT Bakerindo,WHMDN,Medan - Deli Serdang,BATCH8411,2025-04-16,2025-02-18,2025-04-23,146,190,24,33,1,1,16.78,420.0,11.32,133,49,5,0.85,0.84,161.9,2.65,15.0,80.95,FEFO,Expiring Soon,-1,2025-07-23,-1.8,83.41,,133,0,0,1,133,7.93,1,0,0
SKU0802,Beverages Product 311,Beverages,C,S003,PT Prima Distribusi,WHBDG,Bandung - Rancaekek,BATCH8551,2025-05-03,2025-03-16,2029-11-26,129,532,102,144,0,0,51.57,1.979,10.32,238,83,3,1.35,1.25,717.67,2.91,13.0,86.81,FEFO,In Stock,1,2025-06-16,4.58,83.84,,286,0,0,0,286,5.55,0,0,0
SKU0803,Household Product 167,Household,C,S002,PT Indo Fresh,WHDPS,Denpasar - Tabanan,BATCH7711,2025-03-23,2025-02-27,2029-09-20,170,17,17,0,1,1,15.71,606.0,1.08,73,26,3,7.45,7.5,126.7,27.72,5.0,99.26,FIFO,Low Stock,1,2025-07-21,-3.75,84.4,,0,0,1,1,0,0.0,0,0,0
SKU0804,Fresh Product 344,Fresh Produce,C,S008,PT Hygienic Supplies,WHSBY,Surabaya - Sidoarjo,BATCH3713,2025-03-28,2025-02-11,2025-04-01,165,245,22,17,0,0,19.79,611.0,12.38,36,16,1,0.3,0.29,73.97,2.42,8.0,70.49,FIFO,Expiring Soon,-6,2025-06-28,-9.48,83.97,,206,0,0,0,206,10.41,1,0,0
SKU0805,Beverages Product 159,Beverages,C,S009,PT Beverage Nusantara,WHJKT,Jakarta - Cengkareng,BATCH2395,2025-03-29,2025-03-17,2029-05-17,164,96,42,15,2,0,25.37,714.0,3.78,78,27,2,6.06,5.71,581.96,7.93,5.0,73.48,FIFO,In Stock,-2,2025-06-29,1.24,90.81,,39,0,0,1,39,1.54,0,0,0
SKU0806,Beverages Product 258,Beverages,B,S001,PT Segar Makmur,WHJKT,Jakarta - Cengkareng,BATCH3944,2025-03-25,2025-03-24,2029-03-18,168,189,123,61,1,1,56.59,2.172,3.34,258,88,3,5.86,6.16,1106.8,8.98,21.0,79.88,FEFO,Low Stock,-1,2025-08-14,-9.8,66.86,,5,0,1,1,5,0.09,0,0,0
SKU0807,Beverages Product 455,Beverages,A,S010,PT DailyDairy,WHMDN,Medan - Deli Serdang,BATCH6249,2025-08-19,2025-07-25,2029-08-15,21,975,215,71,1,2,78.67,2.104,12.39,828,277,7,4.61,5.19,4496.6,2.42,27.0,85.43,FIFO,In Stock,4,2025-07-09,-6.46,76.12,,689,0,0,1,689,8.76,0,0,0
SKU0808,Fresh Product 224,Fresh Produce,C,S003,PT Prima Distribusi,WHMDN,Medan - Deli Serdang,BATCH6199,2025-09-03,2025-08-10,2025-09-14,6,277,13,22,1,0,23.58,702.0,11.75,80,33,2,1.1,1.11,303.98,2.55,10.0,71.09,FEFO,Expiring Soon,1,2025-08-29,-7.8,77.52,Seasonal SKU,242,0,0,0,242,10.26,0,1,0
SKU0809,Pantry Product 147,Pantry,C,S003,PT Prima Distribusi,WHBDG,Bandung - Rancaekek,BATCH3526,2025-07-06,2025-06-17,2027-01-05,65,39,1,14,0,1,4.72,160.0,8.26,31,12,4,12.28,13.41,479.1,3.63,3.0,86.03,FEFO,In Stock,-1,2025-06-15,-2.95,95.7,,24,0,0,1,24,5.08,0,0,0
SKU0810,Pantry Product 167,Pantry,C,S003,PT Prima Distribusi,WHJKT,Jakarta - Cengkareng,BATCH7388,2025-08-26,2025-08-20,2028-04-27,14,35,12,9,0,1,5.26,180.0,6.65,62,25,7,8.9,9.23,311.39,4.51,1.0,96.7,FEFO,Low Stock,-1,2025-08-22,-4.61,83.19,,14,0,1,1,14,2.66,0,0,0
SKU0811,Seafood Product 193,Seafood,B,S002,PT Indo Fresh,WHJKT,Jakarta - Cengkareng,BATCH4874,2025-07-20,2025-06-19,2025-07-26,51,404,91,24,1,0,29.7,1.041,13.6,143,54,3,4.61,4.65,1861.79,2.21,10.0,97.08,FEFO,Expiring Soon,2,2025-08-26,3.95,87.39,,289,0,0,0,289,9.73,1,0,0
SKU0812,Seafood Product 284,Seafood,C,S007,PT Bakerindo,WHJKT,Jakarta - Cengkareng,BATCH7676,2025-05-09,2025-03-30,2025-05-12,123,178,33,8,1,0,24.05,621.0,7.4,257,89,7,4.49,4.17,798.4,4.05,9.0,71.14,FIFO,Low Stock,2,2025-09-07,-8.17,62.01,,137,0,0,1,137,5.7,1,0,0
SKU0813,Personal Product 346,Personal Care,C,S002,PT Indo Fresh,WHBDG,Bandung - Rancaekek,BATCH3057,2025-04-20,2025-04-01,2029-12-14,142,24,8,2,1,3,4.57,137.0,5.25,23,14,2,12.53,14.34,300.78,5.71,1.0,96.05,FEFO,In Stock,0,2025-07-14,-1.02,62.46,Temperature controlled,14,0,0,1,14,3.06,0,0,0
SKU0814,Dairy Product 496,Dairy,C,S003,PT Prima Distribusi,WHSBY,Surabaya - Sidoarjo,BATCH5016,2025-04-24,2025-03-21,2025-05-06,138,30,30,0,4,1,38.02,1.429,0.79,60,22,1,2.11,2.18,63.38,38.02,12.0,74.36,FEFO,Low Stock,-6,2025-06-30,-2.07,66.79,,0,0,1,1,0,0.0,1,0,0
SKU0815,Fresh Product 238,Fresh Produce,C,S010,PT DailyDairy,WHSBY,Surabaya - Sidoarjo,BATCH1008,2025-03-26,2025-03-23,2025-03-31,167,912,142,81,1,0,79.24,1.874,11.51,478,161,4,0.36,0.41,326.4,2.61,20.0,85.12,FEFO,Expiring Soon,-1,2025-08-06,0.69,68.73,,689,0,0,0,689,8.7,1,0,0
SKU0816,Household Product 195,Household,C,S006,PT Frozen Express,WHBDG,Bandung - Rancaekek,BATCH5609,2025-04-13,2025-04-11,2029-02-21,149,57,18,16,0,0,9.04,290.0,6.31,140,50,10,6.76,6.2,385.49,4.76,4.0,99.07,FIFO,Low Stock,-5,2025-07-03,-2.24,62.56,,23,0,1,1,23,2.54,0,0,0
SKU0817,Seafood Product 203,Seafood,B,S002,PT Indo Fresh,WHBDG,Bandung - Rancaekek,BATCH8077,2025-04-20,2025-04-07,2025-04-27,142,208,0,2,2,0,23.58,757.0,8.82,39,15,1,6.77,6.62,1408.68,3.4,9.0,74.11,FEFO,Expiring Soon,-3,2025-06-14,1.8,93.21,,206,0,0,0,206,8.74,1,0,0
SKU0818,Pantry Product 386,Pantry,C,S008,PT Hygienic Supplies,WHSBY,Surabaya - Sidoarjo,BATCH6269,2025-07-09,2025-06-18,2030-03-26,62,18,1,4,0,0,1.28,43.0,14.06,7,3,3,0.37,0.36,6.63,2.13,2.0,95.15,FIFO,In Stock,3,2025-07-13,8.41,79.21,,13,0,0,0,13,10.16,0,0,0
SKU0819,Seafood Product 468,Seafood,C,S003,PT Prima Distribusi,WHJKT,Jakarta - Cengkareng,BATCH1070,2025-04-07,2025-02-09,2025-04-17,155,130,15,24,4,2,12.62,358.0,10.3,98,35,5,3.82,4.33,496.64,2.91,8.0,83.81,FIFO,Expiring Soon,0,2025-06-15,-0.43,91.86,,91,0,0,1,91,7.21,1,0,0
SKU0820,Pantry Product 357,Pantry,A,S008,PT Hygienic Supplies,WHMDN,Medan - Deli Serdang,BATCH2270,2025-04-25,2025-03-22,2026-10-08,137,313,6,51,2,0,27.99,863.0,11.18,594,202,14,13.62,14.69,4263.72,2.68,12.0,72.61,FIFO,Low Stock,4,2025-06-16,5.85,75.64,,256,0,0,1,256,9.15,0,0,0
SKU0821,Dairy Product 498,Dairy,B,S007,PT Bakerindo,WHDPS,Denpasar - Tabanan,BATCH3903,2025-06-10,2025-04-18,2025-06-29,91,480,85,80,1,0,37.32,1.273,12.86,564,191,10,3.13,2.86,1504.51,2.33,14.0,94.87,FIFO,Low Stock,2,2025-08-25,2.19,96.82,,315,0,0,1,315,8.44,1,0,0
SKU0822,Personal Product 228,Personal Care,A,S001,PT Segar Makmur,WHBDG,Bandung - Rancaekek,BATCH6862,2025-09-04,2025-08-23,2028-04-01,5,258,42,39,0,0,18.59,671.0,13.88,89,33,3,21.37,23.42,5513.9,2.16,5.0,81.55,FIFO,In Stock,-1,2025-06-23,4.16,89.51,,177,0,0,0,177,9.52,0,0,0
SKU0823,Household Product 114,Household,C,S004,PT Nusantara Supplier,WHMDN,Medan - Deli Serdang,BATCH5599,2025-06-09,2025-05-09,2026-08-23,92,40,0,13,0,0,10.03,321.0,3.99,106,36,7,1.96,2.06,78.38,7.52,5.0,90.67,FIFO,Low Stock,-1,2025-09-09,6.61,91.08,,27,0,1,1,27,2.69,0,0,0
SKU0824,Household Product 203,Household,B,S002,PT Indo Fresh,WHSBY,Surabaya - Sidoarjo,BATCH9093,2025-04-17,2025-04-07,2029-02-04,145,72,25,47,3,0,14.49,377.0,4.97,70,27,3,19.06,19.32,1372.23,6.04,5.0,91.23,FIFO,In Stock,-2,2025-06-17,-0.84,79.86,,0,0,1,1,0,0.0,0,0,0
SKU0825,Beverages Product 309,Beverages,B,S010,PT DailyDairy,WHBDG,Bandung - Rancaekek,BATCH3101,2025-08-24,2025-07-08,2029-12-10,16,582,120,269,5,0,99.5,3.833,5.85,307,108,2,2.91,2.66,1694.26,5.13,37.0,84.93,FIFO,In Stock,0,2025-08-24,8.38,97.63,,193,0,0,1,193,1.94,0,0,0
SKU0826,Pantry Product 117,Pantry,B,S009,PT Beverage Nusantara,WHSBY,Surabaya - Sidoarjo,BATCH1378,2025-07-22,2025-06-08,2030-05-10,49,138,32,40,2,1,15.92,480.0,8.67,29,13,1,8.08,8.65,1114.86,3.46,7.0,92.83,FEFO,In Stock,3,2025-06-14,-8.29,89.39,,66,0,0,0,66,4.15,0,0,0
SKU0827,Frozen Product 481,Frozen,C,S007,PT Bakerindo,WHJKT,Jakarta - Cengkareng,BATCH7666,2025-06-19,2025-06-02,2026-04-05,82,142,43,26,0,0,15.82,441.0,8.98,25,9,1,2.97,3.15,422.27,3.34,4.0,95.96,FIFO,In Stock,-1,2025-06-14,7.49,89.43,,73,0,0,0,73,4.61,0,0,0
SKU0828,Frozen Product 265,Frozen,C,S001,PT Segar Makmur,WHBDG,Bandung - Rancaekek,BATCH7882,2025-08-28,2025-07-25,2026-05-06,12,109,21,2,0,0,8.75,205.0,12.46,42,16,3,1.71,1.87,185.91,2.41,3.0,85.17,FEFO,In Stock,0,2025-07-31,7.61,90.13,High return rate,86,0,0,0,86,9.83,0,0,0
SKU0829,Seafood Product 451,Seafood,A,S010,PT DailyDairy,WHJKT,Jakarta - Cengkareng,BATCH2219,2025-07-14,2025-05-17,2025-07-23,57,168,32,14,0,3,19.61,530.0,8.57,215,78,7,13.08,13.92,2196.89,3.5,6.0,99.11,FIFO,Low Stock,0,2025-08-15,-1.35,71.54,,122,0,0,1,122,6.22,1,0,0
SKU0830,Seafood Product 321,Seafood,C,S002,PT Indo Fresh,WHJKT,Jakarta - Cengkareng,BATCH1393,2025-05-10,2025-04-03,2025-05-19,122,72,5,9,3,1,4.67,99.0,15.42,28,14,3,5.43,5.54,390.82,1.95,6.0,98.07,FEFO,Expiring Soon,-5,2025-08-08,-1.91,89.01,,58,0,0,0,58,12.42,1,0,0
SKU0831,Frozen Product 491,Frozen,B,S006,PT Frozen Express,WHJKT,Jakarta - Cengkareng,BATCH4878,2025-06-16,2025-04-17,2026-04-25,85,374,79,163,0,0,45.95,1.434,8.14,139,47,2,2.33,2.52,873.25,3.69,14.0,88.63,FIFO,In Stock,-3,2025-06-25,6.68,76.3,,132,0,0,1,132,2.87,0,0,0
SKU0832,Beverages Product 321,Beverages,C,S008,PT Hygienic Supplies,WHDPS,Denpasar - Tabanan,BATCH1994,2025-08-09,2025-06-12,2027-01-31,31,282,85,87,0,0,29.21,904.0,9.65,447,155,10,2.09,1.97,589.58,3.11,13.0,79.77,FIFO,Low Stock,-2,2025-07-23,1.72,66.68,,110,0,1,1,110,3.77,0,0,0
SKU0833,Household Product 34,Household,C,S003,PT Prima Distribusi,WHJKT,Jakarta - Cengkareng,BATCH5939,2025-05-19,2025-04-10,2026-09-08,113,136,24,15,1,1,9.55,231.0,14.24,76,28,5,1.05,1.06,142.75,2.11,3.0,70.29,FEFO,In Stock,-5,2025-09-01,-7.71,73.62,Seasonal SKU,97,0,0,0,97,10.16,0,0,0
SKU0834,Pantry Product 151,Pantry,B,S007,PT Bakerindo,WHMDN,Medan - Deli Serdang,BATCH7735,2025-08-16,2025-08-02,2030-01-31,24,209,22,29,3,2,13.43,494.0,15.56,22,9,1,7.23,8.31,1511.74,1.93,6.0,74.69,FIFO,In Stock,1,2025-07-13,7.18,83.9,,158,0,0,0,158,11.76,0,0,0
SKU0835,Household Product 451,Household,C,S010,PT DailyDairy,WHDPS,Denpasar - Tabanan,BATCH1425,2025-08-15,2025-07-17,2028-07-10,25,28,6,5,1,2,2.71,68.0,10.33,46,19,10,10.19,10.48,285.36,2.9,2.0,78.59,FEFO,Low Stock,-2,2025-06-26,-1.87,69.96,,17,0,1,1,17,6.27,0,0,0
SKU0836,Fresh Product 305,Fresh Produce,C,S002,PT Indo Fresh,WHDPS,Denpasar - Tabanan,BATCH3064,2025-07-22,2025-06-12,2025-08-03,49,233,104,18,1,0,41.11,1.326,5.67,192,69,3,2.08,2.27,483.82,5.29,17.0,95.73,FEFO,Expiring Soon,1,2025-07-26,-2.92,65.64,,111,0,0,1,111,2.7,1,0,0
SKU0837,Beverages Product 228,Beverages,B,S003,PT Prima Distribusi,WHBDG,Bandung - Rancaekek,BATCH1991,2025-08-05,2025-07-28,2026-11-03,35,373,56,89,1,0,39.74,860.0,9.39,185,66,3,4.23,4.82,1577.79,3.2,16.0,85.25,FEFO,In Stock,0,2025-06-27,-7.59,70.47,,228,0,0,0,228,5.74,0,0,0
SKU0838,Personal Product 387,Personal Care,C,S006,PT Frozen Express,WHSBY,Surabaya - Sidoarjo,BATCH3385,2025-04-13,2025-04-04,2029-04-25,149,26,10,1,5,1,3.75,88.0,6.93,23,8,4,22.96,25.56,596.89,4.33,3.0,98.45,FEFO,In Stock,-3,2025-08-01,5.1,91.95,,15,0,0,1,15,4.0,0,0,0
SKU0839,Meat Product 497,Meat,A,S001,PT Segar Makmur,WHDPS,Denpasar - Tabanan,BATCH1939,2025-04-12,2025-03-28,2025-04-21,150,412,12,10,2,1,26.49,866.0,15.55,80,27,2,10.73,11.82,4420.68,1.93,7.0,76.44,FIFO,Expiring Soon,4,2025-07-17,9.82,81.66,,390,0,0,0,390,14.72,1,0,0
SKU0840,Personal Product 328,Personal Care,C,S004,PT Nusantara Supplier,WHJKT,Jakarta - Cengkareng,BATCH8794,2025-06-14,2025-05-01,2027-07-06,87,86,24,14,1,0,12.8,426.0,6.72,25,12,1,1.53,1.64,131.23,4.47,2.0,72.39,FEFO,In Stock,-1,2025-06-25,-2.67,88.56,,48,0,0,0,48,3.75,0,0,0
SKU0841,Household Product 290,Household,C,S006,PT Frozen Express,WHDPS,Denpasar - Tabanan,BATCH6384,2025-06-25,2025-06-15,2028-10-29,76,18,7,3,3,1,3.57,115.0,5.04,25,14,3,13.31,14.88,239.62,5.95,4.0,81.87,FIFO,Low Stock,0,2025-07-13,-9.63,88.9,,8,0,1,1,8,2.24,0,0,0
SKU0842,Personal Product 254,Personal Care,B,S004,PT Nusantara Supplier,WHJKT,Jakarta - Cengkareng,BATCH4772,2025-03-30,2025-03-01,2027-06-29,163,155,47,37,1,1,18.2,450.0,8.52,117,44,4,11.96,12.74,1853.21,3.52,6.0,91.1,FIFO,In Stock,0,2025-08-10,9.82,93.29,,71,0,0,1,71,3.9,0,0,0
SKU0843,Beverages Product 418,Beverages,A,S006,PT Frozen Express,WHMDN,Medan - Deli Serdang,BATCH4018,2025-07-19,2025-05-28,2028-10-15,52,663,208,144,2,0,69.72,2.657,9.51,527,178,5,7.67,8.1,5082.16,3.15,27.0,89.54,FIFO,In Stock,1,2025-07-25,4.01,77.68,Promotional item,311,0,0,1,311,4.46,0,0,0
SKU0844,Fresh Product 59,Fresh Produce,C,S003,PT Prima Distribusi,WHSBY,Surabaya - Sidoarjo,BATCH6896,2025-05-20,2025-05-18,2025-05-26,112,512,136,139,1,0,71.12,2.547,7.2,751,253,7,1.5,1.36,769.89,4.17,18.0,96.23,FIFO,Low Stock,2,2025-08-15,8.69,86.93,,237,0,1,1,237,3.33,1,0,0
SKU0845,Dairy Product 454,Dairy,C,S005,PT Agro Raya,WHBDG,Bandung - Rancaekek,BATCH5029,2025-06-15,2025-06-04,2025-07-09,86,178,50,19,1,2,26.57,740.0,6.7,203,70,5,2.16,2.43,384.78,4.48,11.0,98.65,FIFO,Low Stock,1,2025-09-07,6.62,62.15,,109,0,0,1,109,4.1,1,0,0
SKU0846,Meat Product 52,Meat,C,S001,PT Segar Makmur,WHBDG,Bandung - Rancaekek,BATCH6544,2025-06-04,2025-04-06,2025-06-12,97,86,0,6,1,0,6.86,210.0,12.54,153,57,14,7.53,7.36,647.24,2.39,4.0,75.7,FIFO,Low Stock,0,2025-08-01,-0.15,94.13,,80,0,0,1,80,11.66,1,0,0
SKU0847,Bakery Product 191,Bakery,C,S003,PT Prima Distribusi,WHDPS,Denpasar - Tabanan,BATCH2071,2025-04-03,2025-03-27,2025-04-08,159,581,171,59,0,0,60.1,1.822,9.67,640,219,7,0.61,0.56,354.76,3.1,22.0,87.28,FIFO,Low Stock,3,2025-08-24,1.65,67.4,,351,0,0,1,351,5.84,1,0,0
SKU0848,Dairy Product 194,Dairy,B,S006,PT Frozen Express,WHSBY,Surabaya - Sidoarjo,BATCH5006,2025-04-09,2025-02-10,2025-04-29,153,380,21,32,1,2,44.67,1.049,8.51,478,165,7,3.32,3.51,1262.25,3.53,15.0,79.01,FIFO,Low Stock,0,2025-06-23,0.8,60.67,,327,0,0,1,327,7.32,1,0,0
SKU0849,Household Product 151,Household,B,S003,PT Prima Distribusi,WHSBY,Surabaya - Sidoarjo,BATCH5588,2025-07-08,2025-05-14,2026-10-25,63,213,50,56,1,0,18.59,581.0,11.46,146,53,5,4.32,4.74,920.42,2.62,8.0,81.13,FIFO,In Stock,-1,2025-07-06,3.64,67.71,,107,0,0,1,107,5.76,0,0,0
SKU0850,Personal Product 108,Personal Care,B,S002,PT Indo Fresh,WHMDN,Medan - Deli Serdang,BATCH2062,2025-03-24,2025-03-14,2029-09-03,169,67,14,26,1,0,8.92,343.0,7.51,35,17,2,16.61,16.9,1112.64,3.99,3.0,80.47,FEFO,In Stock,-3,2025-06-19,2.65,64.92,,27,0,0,1,27,3.03,0,0,0
SKU0851,Bakery Product 266,Bakery,C,S008,PT Hygienic Supplies,WHBDG,Bandung - Rancaekek,BATCH7125,2025-06-19,2025-05-17,2025-06-26,82,311,85,15,1,2,57.87,1.854,5.37,265,91,3,1.17,1.07,365.05,5.58,18.0,94.54,FEFO,Expiring Soon,-1,2025-07-08,1.47,61.98,,211,0,0,1,211,3.65,1,0,0
SKU0852,Pantry Product 327,Pantry,B,S010,PT DailyDairy,WHJKT,Jakarta - Cengkareng,BATCH4325,2025-07-18,2025-06-20,2027-10-10,53,101,11,13,1,1,5.99,133.0,16.86,24,12,2,12.83,14.71,1296.18,1.78,5.0,92.93,FIFO,In Stock,2,2025-07-21,-9.49,60.55,,77,0,0,0,77,12.85,0,0,0
SKU0853,Bakery Product 194,Bakery,B,S010,PT DailyDairy,WHBDG,Bandung - Rancaekek,BATCH2388,2025-06-06,2025-05-29,2025-06-10,95,389,184,119,0,0,57.65,2.005,6.75,434,146,5,3.74,4.15,1455.91,4.45,19.0,72.37,FIFO,Low Stock,0,2025-08-03,-8.02,71.62,,86,0,1,1,86,1.49,1,0,0
SKU0854,Seafood Product 299,Seafood,A,S001,PT Segar Makmur,WHMDN,Medan - Deli Serdang,BATCH7981,2025-05-01,2025-04-03,2025-05-09,131,211,53,10,0,1,16.91,374.0,12.48,107,39,4,14.21,13.4,2998.86,2.4,7.0,76.1,FEFO,Expiring Soon,0,2025-07-16,0.25,80.73,,148,0,0,0,148,8.75,1,0,0
SKU0855,Household Product 163,Household,C,S005,PT Agro Raya,WHMDN,Medan - Deli Serdang,BATCH8236,2025-09-03,2025-08-20,2027-09-05,6,97,28,3,1,0,8.68,282.0,11.17,47,21,3,2.25,2.5,218.4,2.68,4.0,84.87,FEFO,In Stock,0,2025-06-19,3.19,67.13,Seasonal SKU,66,0,0,0,66,7.6,0,0,0
SKU0856,Meat Product 257,Meat,B,S009,PT Beverage Nusantara,WHDPS,Denpasar - Tabanan,BATCH5528,2025-03-29,2025-01-29,2025-04-05,164,129,12,28,1,2,20.21,715.0,6.38,68,28,2,9.14,9.13,1178.7,4.7,7.0,79.26,FIFO,Expiring Soon,3,2025-08-28,3.0,72.88,Promotional item,89,0,0,0,89,4.4,1,0,0
SKU0857,Fresh Product 103,Fresh Produce,B,S006,PT Frozen Express,WHBDG,Bandung - Rancaekek,BATCH5096,2025-03-21,2025-03-02,2025-03-29,172,540,76,41,0,2,32.64,1.187,16.54,350,122,7,1.75,1.78,943.54,1.81,9.0,96.22,FEFO,Expiring Soon,0,2025-08-16,6.2,88.54,,423,0,0,0,423,12.96,1,0,0
SKU0858,Personal Product 438,Personal Care,A,S009,PT Beverage Nusantara,WHSBY,Surabaya - Sidoarjo,BATCH5617,2025-09-07,2025-07-17,2028-05-12,2,248,32,35,1,0,23.24,623.0,10.67,70,24,2,19.37,17.5,4804.75,2.81,15.0,76.43,FEFO,In Stock,-3,2025-07-20,2.6,66.42,,181,0,0,0,181,7.79,0,0,0
SKU0859,Household Product 388,Household,A,S001,PT Segar Makmur,WHMDN,Medan - Deli Serdang,BATCH3445,2025-03-26,2025-01-30,2029-02-07,167,171,15,13,0,1,11.15,257.0,15.34,90,34,5,19.25,18.12,3291.53,1.96,4.0,93.54,FEFO,In Stock,0,2025-08-11,9.13,82.92,,143,0,0,0,143,12.83,0,0,0
SKU0860,Beverages Product 243,Beverages,A,S004,PT Nusantara Supplier,WHDPS,Denpasar - Tabanan,BATCH8679,2025-04-12,2025-02-25,2029-05-17,150,744,209,104,0,2,98.64,3.43,7.54,596,201,4,4.66,4.88,3465.03,3.98,28.0,90.85,FEFO,In Stock,2,2025-07-28,-8.33,60.48,,431,0,0,1,431,4.37,0,0,0
SKU0861,Seafood Product 97,Seafood,A,S007,PT Bakerindo,WHMDN,Medan - Deli Serdang,BATCH8372,2025-07-18,2025-05-25,2025-07-28,53,305,47,36,2,1,26.66,565.0,11.44,41,14,1,10.01,9.34,3052.78,2.62,10.0,83.04,FIFO,Expiring Soon,2,2025-07-24,8.81,74.04,High return rate,222,0,0,0,222,8.33,1,0,0
SKU0862,Seafood Product 378,Seafood,C,S001,PT Segar Makmur,WHMDN,Medan - Deli Serdang,BATCH6567,2025-03-25,2025-03-11,2025-04-02,168,151,11,14,0,4,14.05,327.0,10.75,150,52,7,4.5,4.3,679.35,2.79,6.0,81.0,FEFO,Expiring Soon,0,2025-07-17,3.23,90.62,,126,0,0,1,126,8.97,1,0,0
SKU0863,Bakery Product 399,Bakery,C,S009,PT Beverage Nusantara,WHSBY,Surabaya - Sidoarjo,BATCH1380,2025-06-18,2025-05-13,2025-06-24,83,343,119,89,3,2,37.67,1.268,9.11,232,81,4,1.35,1.34,462.84,3.29,15.0,70.81,FIFO,Expiring Soon,0,2025-08-23,2.56,97.8,,135,0,0,1,135,3.58,1,0,0
SKU0864,Personal Product 170,Personal Care,B,S010,PT DailyDairy,WHDPS,Denpasar - Tabanan,BATCH7404,2025-04-07,2025-03-14,2029-06-25,155,42,23,13,1,0,8.2,227.0,5.12,20,12,1,20.32,18.87,853.34,5.86,5.0,72.6,FIFO,In Stock,-4,2025-07-21,-7.4,87.87,Fragile,6,0,1,1,6,0.73,0,0,0
SKU0865,Dairy Product 56,Dairy,B,S006,PT Frozen Express,WHDPS,Denpasar - Tabanan,BATCH5991,2025-05-17,2025-05-12,2025-06-13,115,467,65,100,5,0,34.11,1.235,13.69,162,60,3,2.11,2.3,987.47,2.19,14.0,86.99,FIFO,Expiring Soon,-2,2025-08-27,6.96,90.91,,302,0,0,0,302,8.85,1,0,0
SKU0866,Dairy Product 424,Dairy,C,S010,PT DailyDairy,WHMDN,Medan - Deli Serdang,BATCH4260,2025-09-03,2025-08-30,2025-09-15,6,67,9,10,0,0,5.35,165.0,12.52,64,27,7,0.81,0.79,54.6,2.4,4.0,74.0,FEFO,Expiring Soon,-1,2025-08-04,-3.69,86.88,,48,0,0,1,48,8.97,0,1,0
SKU0867,Meat Product 269,Meat,C,S002,PT Indo Fresh,WHMDN,Medan - Deli Serdang,BATCH9495,2025-08-26,2025-08-26,2025-09-11,14,93,25,24,1,1,11.31,388.0,8.22,70,25,4,3.5,3.99,325.8,3.65,8.0,88.49,FIFO,Expiring Soon,0,2025-07-30,-5.11,89.07,,44,0,0,1,44,3.89,0,1,0
SKU0868,Bakery Product 81,Bakery,C,S002,PT Indo Fresh,WHBDG,Bandung - Rancaekek,BATCH8835,2025-04-25,2025-03-09,2025-04-30,137,51,1,16,0,1,5.08,172.0,10.04,40,15,5,2.58,2.53,131.45,2.99,2.0,74.65,FIFO,Expiring Soon,3,2025-07-22,4.01,85.4,,34,0,0,1,34,6.69,1,0,0
SKU0869,Household Product 67,Household,C,S004,PT Nusantara Supplier,WHSBY,Surabaya - Sidoarjo,BATCH8778,2025-05-22,2025-05-12,2030-05-14,110,100,22,4,0,0,7.95,224.0,12.58,52,20,4,5.11,5.1,511.14,2.38,5.0,83.69,FEFO,In Stock,-3,2025-06-26,-0.04,82.32,,74,0,0,0,74,9.31,0,0,0
SKU0870,Beverages Product 235,Beverages,C,S005,PT Agro Raya,WHBDG,Bandung - Rancaekek,BATCH8302,2025-09-08,2025-09-04,2027-06-27,1,114,29,29,1,1,11.2,266.0,10.18,24,13,1,5.92,6.04,674.56,2.95,4.0,79.55,FEFO,In Stock,-3,2025-06-24,-6.76,73.83,,56,0,0,0,56,5.0,0,0,0
SKU0871,Pantry Product 467,Pantry,B,S010,PT DailyDairy,WHMDN,Medan - Deli Serdang,BATCH1640,2025-05-15,2025-03-29,2028-12-17,117,237,83,37,2,0,22.67,809.0,10.45,42,19,1,4.86,4.84,1151.2,2.87,7.0,81.94,FIFO,In Stock,6,2025-08-04,4.99,92.15,,117,0,0,0,117,5.16,0,0,0
SKU0872,Personal Product 178,Personal Care,C,S005,PT Agro Raya,WHMDN,Medan - Deli Serdang,BATCH7800,2025-04-06,2025-03-22,2027-03-30,156,145,45,1,0,1,14.01,461.0,10.35,87,31,4,4.13,4.52,598.49,2.9,7.0,96.65,FIFO,In Stock,2,2025-06-22,7.21,70.6,,99,0,0,0,99,7.07,0,0,0
SKU0873,Frozen Product 467,Frozen,B,S003,PT Prima Distribusi,WHDPS,Denpasar - Tabanan,BATCH1715,2025-08-16,2025-08-01,2026-05-23,24,540,104,103,1,2,48.42,1.755,11.15,512,173,7,2.98,2.93,1611.04,2.69,20.0,81.37,FIFO,In Stock,-1,2025-08-05,-4.81,72.46,,333,0,0,1,333,6.88,0,0,0
SKU0874,Pantry Product 342,Pantry,B,S002,PT Indo Fresh,WHBDG,Bandung - Rancaekek,BATCH2986,2025-05-06,2025-04-13,2028-08-25,126,242,61,50,0,0,24.68,675.0,9.81,527,181,14,5.35,6.09,1293.61,3.06,11.0,96.9,FIFO,Low Stock,2,2025-08-27,9.67,72.81,,131,0,1,1,131,5.31,0,0,0
SKU0875,Beverages Product 210,Beverages,B,S008,PT Hygienic Supplies,WHBDG,Bandung - Rancaekek,BATCH9291,2025-07-07,2025-07-05,2027-09-04,64,291,146,124,1,0,45.6,1.579,6.38,209,72,3,5.06,4.97,1472.14,4.7,17.0,73.94,FEFO,In Stock,1,2025-09-06,3.26,61.92,Fragile,21,0,1,1,21,0.46,0,0,0
SKU0876,Bakery Product 382,Bakery,C,S007,PT Bakerindo,WHBDG,Bandung - Rancaekek,BATCH1175,2025-05-31,2025-05-15,2025-06-02,101,124,19,57,0,1,17.57,620.0,7.06,28,10,1,3.2,3.13,396.97,4.25,7.0,94.27,FIFO,Expiring Soon,2,2025-06-11,-4.65,90.02,,48,0,0,0,48,2.73,1,0,0
SKU0877,Seafood Product 384,Seafood,C,S008,PT Hygienic Supplies,WHMDN,Medan - Deli Serdang,BATCH2352,2025-05-14,2025-04-09,2025-05-18,118,162,18,8,0,0,10.68,357.0,15.17,36,15,2,4.08,4.27,660.21,1.98,7.0,94.14,FIFO,Expiring Soon,2,2025-07-15,5.54,93.82,Promotional item,136,0,0,0,136,12.73,1,0,0
SKU0878,Household Product 88,Household,B,S001,PT Segar Makmur,WHDPS,Denpasar - Tabanan,BATCH5819,2025-08-15,2025-08-08,2027-08-12,25,68,12,7,0,0,5.87,138.0,11.58,36,18,3,19.72,19.84,1341.19,2.59,3.0,89.52,FEFO,In Stock,0,2025-08-19,-6.78,96.81,Seasonal SKU,49,0,0,0,49,8.35,0,0,0
SKU0879,Beverages Product 79,Beverages,B,S008,PT Hygienic Supplies,WHSBY,Surabaya - Sidoarjo,BATCH1564,2025-07-26,2025-05-30,2027-10-12,45,352,72,17,2,0,38.32,816.0,9.19,297,105,5,3.79,3.72,1332.95,3.27,11.0,71.96,FIFO,In Stock,0,2025-07-15,3.38,65.76,,263,0,0,1,263,6.86,0,0,0
SKU0880,Household Product 416,Household,C,S009,PT Beverage Nusantara,WHJKT,Jakarta - Cengkareng,BATCH6051,2025-06-02,2025-05-05,2030-04-15,99,106,16,18,0,2,7.81,203.0,13.57,28,12,2,4.17,4.15,441.71,2.21,1.0,74.42,FIFO,In Stock,3,2025-06-25,5.65,82.02,Fragile,72,0,0,0,72,9.22,0,0,0
SKU0881,Beverages Product 476,Beverages,B,S004,PT Nusantara Supplier,WHSBY,Surabaya - Sidoarjo,BATCH2497,2025-07-10,2025-07-09,2027-08-23,61,261,27,27,3,0,20.28,485.0,12.87,32,12,1,6.02,5.7,1570.49,2.33,9.0,77.49,FEFO,In Stock,-2,2025-09-06,5.45,83.22,,207,0,0,0,207,10.21,0,0,0
SKU0882,Seafood Product 99,Seafood,C,S002,PT Indo Fresh,WHBDG,Bandung - Rancaekek,BATCH3736,2025-08-16,2025-08-14,2025-08-21,24,64,16,13,1,1,8.77,290.0,7.3,57,22,4,3.31,3.53,211.74,4.11,3.0,73.43,FEFO,Expiring Soon,3,2025-07-06,-1.36,78.67,Promotional item,35,0,0,1,35,3.99,1,0,0
SKU0883,Seafood Product 321,Seafood,C,S004,PT Nusantara Supplier,WHDPS,Denpasar - Tabanan,BATCH8010,2025-07-18,2025-07-11,2025-07-27,53,55,19,24,2,0,7.19,215.0,7.65,27,13,2,14.33,15.39,788.24,3.92,2.0,90.14,FIFO,Expiring Soon,-2,2025-08-13,-0.17,97.8,Promotional item,12,0,1,1,12,1.67,1,0,0
SKU0884,Dairy Product 206,Dairy,C,S006,PT Frozen Express,WHJKT,Jakarta - Cengkareng,BATCH8516,2025-06-02,2025-05-19,2025-06-15,99,262,20,17,2,0,17.28,603.0,15.16,109,40,4,0.95,0.86,248.72,1.98,7.0,84.94,FIFO,Expiring Soon,0,2025-06-17,0.4,94.18,,225,0,0,0,225,13.02,1,0,0
SKU0885,Pantry Product 189,Pantry,B,S001,PT Segar Makmur,WHJKT,Jakarta - Cengkareng,BATCH5940,2025-07-16,2025-05-28,2028-11-03,55,104,22,6,0,0,6.77,250.0,15.36,36,16,3,13.89,14.3,1444.19,1.95,5.0,82.0,FEFO,In Stock,-1,2025-08-27,-7.31,73.04,,76,0,0,0,76,11.23,0,0,0
SKU0886,Household Product 473,Household,C,S010,PT DailyDairy,WHBDG,Bandung - Rancaekek,BATCH6314,2025-07-07,2025-05-28,2027-01-17,64,171,39,4,0,0,18.46,429.0,9.26,61,24,2,0.97,1.03,166.28,3.24,7.0,70.45,FEFO,In Stock,2,2025-06-15,4.26,74.22,,128,0,0,0,128,6.93,0,0,0
SKU0887,Beverages Product 69,Beverages,A,S006,PT Frozen Express,WHBDG,Bandung - Rancaekek,BATCH6209,2025-03-31,2025-02-05,2030-02-06,162,376,61,146,0,2,53.65,1.828,7.01,243,82,3,7.21,6.6,2709.64,4.28,13.0,92.28,FEFO,In Stock,-1,2025-09-01,-8.41,85.93,,169,0,0,1,169,3.15,0,0,0
SKU0888,Pantry Product 300,Pantry,B,S008,PT Hygienic Supplies,WHMDN,Medan - Deli Serdang,BATCH4808,2025-05-02,2025-03-31,2029-12-03,130,98,6,20,0,1,11.96,451.0,8.19,183,63,10,10.9,10.37,1068.45,3.66,6.0,90.89,FIFO,Low Stock,2,2025-08-11,2.37,72.69,Seasonal SKU,72,0,0,1,72,6.02,0,0,0
SKU0889,Seafood Product 378,Seafood,C,S007,PT Bakerindo,WHBDG,Bandung - Rancaekek,BATCH1981,2025-04-04,2025-03-27,2025-04-08,158,104,34,7,0,1,6.23,242.0,16.69,33,14,3,6.29,6.16,654.61,1.8,1.0,73.47,FEFO,Expiring Soon,-1,2025-07-08,-7.03,85.6,,63,0,0,0,63,10.11,1,0,0
SKU0890,Dairy Product 105,Dairy,B,S001,PT Segar Makmur,WHBDG,Bandung - Rancaekek,BATCH6385,2025-04-09,2025-04-01,2025-04-30,153,293,75,44,4,0,38.91,1.486,7.53,65,26,1,3.73,4.01,1093.36,3.98,16.0,74.87,FEFO,Expiring Soon,-3,2025-07-31,3.65,76.65,,174,0,0,0,174,4.47,1,0,0
SKU0891,Beverages Product 267,Beverages,A,S007,PT Bakerindo,WHSBY,Surabaya - Sidoarjo,BATCH6427,2025-09-03,2025-08-13,2027-12-16,6,614,86,159,0,0,47.43,1.259,12.95,505,173,7,7.93,7.47,4869.57,2.32,14.0,98.15,FIFO,In Stock,0,2025-08-14,-8.63,70.86,,369,0,0,1,369,7.78,0,0,0
SKU0892,Personal Product 341,Personal Care,C,S004,PT Nusantara Supplier,WHBDG,Bandung - Rancaekek,BATCH9543,2025-04-07,2025-03-18,2028-05-27,155,91,37,16,0,2,10.78,387.0,8.44,50,18,3,8.44,8.49,767.81,3.55,5.0,72.27,FIFO,In Stock,2,2025-07-15,-5.38,80.78,,38,0,0,1,38,3.53,0,0,0
SKU0893,Fresh Product 252,Fresh Produce,B,S002,PT Indo Fresh,WHBDG,Bandung - Rancaekek,BATCH3318,2025-08-27,2025-06-28,2025-09-09,13,911,165,136,1,1,66.76,1.856,13.65,208,74,2,2.04,2.33,1854.07,2.2,20.0,78.13,FIFO,Expiring Soon,0,2025-08-24,-4.07,83.8,Temperature controlled,610,0,0,0,610,9.14,0,1,0
SKU0894,Pantry Product 408,Pantry,C,S004,PT Nusantara Supplier,WHBDG,Bandung - Rancaekek,BATCH7983,2025-05-03,2025-03-18,2026-10-10,129,381,86,12,0,0,27.45,709.0,13.88,86,31,2,1.05,1.19,399.78,2.16,8.0,73.61,FEFO,In Stock,0,2025-08-01,0.46,96.42,,283,0,0,0,283,10.31,0,0,0
SKU0895,Dairy Product 218,Dairy,B,S003,PT Prima Distribusi,WHDPS,Denpasar - Tabanan,BATCH5675,2025-07-08,2025-06-02,2025-07-24,63,465,83,93,0,0,47.69,1.615,9.75,149,54,2,3.37,3.19,1565.56,3.08,21.0,96.65,FEFO,Expiring Soon,0,2025-06-20,-2.58,80.65,,289,0,0,0,289,6.06,1,0,0
SKU0896,Household Product 247,Household,A,S002,PT Indo Fresh,WHSBY,Surabaya - Sidoarjo,BATCH3748,2025-05-31,2025-05-01,2028-07-12,101,231,47,3,1,2,18.47,575.0,12.51,143,51,5,19.97,20.78,4614.11,2.4,6.0,95.22,FEFO,In Stock,0,2025-07-17,4.63,74.2,,181,0,0,0,181,9.8,0,0,0
SKU0897,Beverages Product 390,Beverages,A,S003,PT Prima Distribusi,WHMDN,Medan - Deli Serdang,BATCH8002,2025-09-04,2025-07-12,2028-10-24,5,786,123,122,0,1,77.89,1.817,10.09,590,201,5,6.42,6.97,5043.6,2.97,25.0,74.68,FIFO,In Stock,-1,2025-08-02,2.85,93.12,,541,0,0,1,541,6.95,0,0,0
SKU0898,Dairy Product 373,Dairy,C,S003,PT Prima Distribusi,WHSBY,Surabaya - Sidoarjo,BATCH6011,2025-06-04,2025-05-06,2025-06-25,97,395,88,127,2,0,59.54,2.04,6.63,181,62,2,1.46,1.57,576.58,4.52,17.0,70.76,FEFO,Expiring Soon,6,2025-07-23,7.47,90.14,,180,0,0,1,180,3.02,1,0,0
SKU0899,Frozen Product 171,Frozen,A,S003,PT Prima Distribusi,WHMDN,Medan - Deli Serdang,BATCH4106,2025-07-21,2025-07-21,2026-02-25,50,507,195,27,1,0,47.65,1.307,10.64,294,103,4,6.94,6.95,3517.36,2.82,7.0,73.69,FIFO,In Stock,3,2025-07-07,-3.61,92.59,,285,0,0,1,285,5.98,0,0,0
SKU0900,Bakery Product 208,Bakery,B,S007,PT Bakerindo,WHMDN,Medan - Deli Serdang,BATCH9020,2025-06-06,2025-05-18,2025-06-11,95,619,121,188,1,2,69.8,2.623,8.87,320,111,3,1.91,1.74,1182.79,3.38,13.0,82.29,FIFO,Expiring Soon,2,2025-07-19,-5.31,81.28,,310,0,0,1,310,4.44,1,0,0
SKU0901,Personal Product 64,Personal Care,A,S007,PT Bakerindo,WHDPS,Denpasar - Tabanan,BATCH8148,2025-07-30,2025-07-14,2027-08-31,41,239,44,32,1,0,15.38,461.0,15.54,52,21,2,24.15,23.15,5771.28,1.93,6.0,82.22,FEFO,In Stock,3,2025-07-06,9.6,87.56,,163,0,0,0,163,10.6,0,0,0
SKU0902,Pantry Product 189,Pantry,B,S001,PT Segar Makmur,WHMDN,Medan - Deli Serdang,BATCH4970,2025-05-24,2025-04-24,2027-10-11,108,272,29,60,0,2,19.11,446.0,14.23,410,142,14,4.43,4.01,1204.42,2.11,7.0,78.13,FIFO,Low Stock,-1,2025-07-25,6.51,74.69,,183,0,0,1,183,9.58,0,0,0
SKU0903,Beverages Product 358,Beverages,A,S003,PT Prima Distribusi,WHSBY,Surabaya - Sidoarjo,BATCH3414,2025-04-08,2025-03-23,2028-10-26,154,748,27,78,2,1,74.15,2.828,10.09,112,38,1,5.48,5.75,4098.14,2.97,20.0,78.43,FIFO,In Stock,3,2025-06-24,-9.85,75.52,,643,0,0,0,643,8.67,0,0,0
SKU0904,Beverages Product 83,Beverages,B,S001,PT Segar Makmur,WHJKT,Jakarta - Cengkareng,BATCH7297,2025-08-17,2025-07-23,2030-03-28,23,731,79,44,2,2,59.86,1.623,12.21,903,304,10,1.88,1.84,1370.84,2.46,32.0,92.83,FIFO,Low Stock,-2,2025-07-05,-8.24,74.44,,608,0,0,1,608,10.16,0,0,0
SKU0905,Household Product 85,Household,C,S007,PT Bakerindo,WHSBY,Surabaya - Sidoarjo,BATCH9202,2025-03-16,2025-02-10,2027-11-24,177,11,5,4,1,0,1.74,54.0,6.32,12,5,4,6.54,6.23,71.92,4.75,1.0,92.1,FEFO,Low Stock,3,2025-06-26,5.02,91.62,,2,0,1,1,2,1.15,0,0,0
SKU0906,Bakery Product 449,Bakery,C,S002,PT Indo Fresh,WHJKT,Jakarta - Cengkareng,BATCH6642,2025-03-31,2025-02-07,2025-04-06,162,389,211,155,1,1,66.66,1.82,5.84,1,341,10,0.68,0.63,264.64,5.14,26.0,86.83,FIFO,Low Stock,-1,2025-08-06,2.21,74.13,,23,0,1,0,23,0.35,1,0,0
SKU0907,Personal Product 204,Personal Care,A,S005,PT Agro Raya,WHJKT,Jakarta - Cengkareng,BATCH1025,2025-07-28,2025-07-22,2029-04-30,43,141,30,30,1,0,19.66,603.0,7.17,92,33,3,17.91,18.01,2525.14,4.18,4.0,83.08,FIFO,In Stock,-5,2025-06-12,-4.32,93.3,,81,0,0,1,81,4.12,0,0,0
SKU0908,Bakery Product 148,Bakery,C,S007,PT Bakerindo,WHBDG,Bandung - Rancaekek,BATCH4053,2025-07-26,2025-06-11,2025-07-30,45,359,4,144,1,0,47.88,1.44,7.5,223,79,3,1.79,1.69,643.18,4.0,16.0,76.57,FIFO,Expiring Soon,0,2025-08-15,-5.61,84.58,,211,0,0,1,211,4.41,1,0,0
SKU0909,Frozen Product 57,Frozen,C,S008,PT Hygienic Supplies,WHDPS,Denpasar - Tabanan,BATCH4292,2025-07-17,2025-07-14,2026-03-01,54,47,47,0,0,0,44.89,1.214,1.05,72,27,1,6.62,7.09,311.08,28.65,17.0,95.16,FIFO,Low Stock,3,2025-08-16,1.47,85.92,,0,0,1,1,0,0.0,0,0,0
SKU0910,Personal Product 210,Personal Care,A,S008,PT Hygienic Supplies,WHDPS,Denpasar - Tabanan,BATCH3721,2025-08-13,2025-08-08,2030-03-08,27,142,15,41,1,1,22.35,857.0,6.35,105,38,3,17.8,18.01,2528.25,4.72,7.0,87.38,FEFO,In Stock,0,2025-08-30,0.88,89.74,,86,0,0,1,86,3.85,0,0,0
SKU0911,Meat Product 176,Meat,C,S001,PT Segar Makmur,WHDPS,Denpasar - Tabanan,BATCH8949,2025-07-11,2025-05-29,2025-07-31,60,237,90,63,0,1,26.93,884.0,8.8,164,56,4,2.92,2.81,692.21,3.41,5.0,93.73,FIFO,Expiring Soon,0,2025-09-08,7.82,66.29,Seasonal SKU,84,0,0,1,84,3.12,1,0,0
SKU0912,Beverages Product 405,Beverages,A,S001,PT Segar Makmur,WHJKT,Jakarta - Cengkareng,BATCH1118,2025-07-17,2025-06-23,2029-06-20,54,1,363,310,0,1,97.01,2.082,11.55,732,247,5,7.14,7.52,7993.22,2.6,37.0,71.59,FEFO,In Stock,2,2025-07-09,-6.24,68.35,,-672,1,1,1,0,0.0,0,0,0
SKU0913,Seafood Product 220,Seafood,A,S006,PT Frozen Express,WHSBY,Surabaya - Sidoarjo,BATCH6164,2025-03-19,2025-01-26,2025-03-27,174,209,43,45,1,0,16.03,392.0,13.04,33,17,1,10.03,10.91,2096.31,2.3,7.0,95.95,FIFO,Expiring Soon,2,2025-07-25,-4.36,97.96,,121,0,0,0,121,7.55,1,0,0
SKU0914,Bakery Product 30,Bakery,A,S006,PT Frozen Express,WHSBY,Surabaya - Sidoarjo,BATCH8486,2025-08-15,2025-06-21,2025-08-17,25,1,127,104,0,1,65.42,2.424,17.76,295,99,3,2.06,1.91,2389.42,1.69,26.0,87.44,FEFO,Expiring Soon,0,2025-08-23,-7.06,73.99,Seasonal SKU,-230,1,1,1,0,0.0,1,0,0
SKU0915,Household Product 144,Household,B,S004,PT Nusantara Supplier,WHSBY,Surabaya - Sidoarjo,BATCH8785,2025-05-17,2025-04-15,2029-11-03,115,183,62,16,0,3,19.58,676.0,9.35,119,41,4,9.9,9.77,1811.13,3.21,9.0,72.09,FEFO,In Stock,1,2025-06-17,-5.48,79.58,,105,0,0,1,105,5.36,0,0,0
SKU0916,Personal Product 491,Personal Care,B,S006,PT Frozen Express,WHJKT,Jakarta - Cengkareng,BATCH1749,2025-03-31,2025-02-08,2028-04-06,162,169,38,41,2,2,12.36,271.0,13.67,261,88,14,8.2,9.22,1386.12,2.19,2.0,92.0,FEFO,Low Stock,1,2025-06-15,-2.36,62.98,,90,0,0,1,90,7.28,0,0,0
SKU0917,Pantry Product 205,Pantry,C,S010,PT DailyDairy,WHJKT,Jakarta - Cengkareng,BATCH8800,2025-06-12,2025-05-01,2028-11-04,89,253,25,39,1,3,18.57,454.0,13.62,92,36,3,2.84,2.76,718.39,2.2,9.0,98.93,FIFO,In Stock,2,2025-07-22,0.25,95.03,,189,0,0,0,189,10.18,0,0,0
SKU0918,Dairy Product 74,Dairy,C,S009,PT Beverage Nusantara,WHDPS,Denpasar - Tabanan,BATCH3094,2025-05-03,2025-04-02,2025-05-11,129,157,35,25,0,0,21.05,625.0,7.46,130,46,4,3.59,3.98,563.08,4.02,10.0,81.23,FIFO,Expiring Soon,2,2025-08-02,1.68,86.26,,97,0,0,1,97,4.61,1,0,0
SKU0919,Personal Product 448,Personal Care,B,S008,PT Hygienic Supplies,WHBDG,Bandung - Rancaekek,BATCH8899,2025-05-18,2025-04-06,2027-01-09,114,92,31,28,1,1,16.1,339.0,5.71,171,58,7,15.15,16.11,1393.53,5.25,4.0,94.65,FIFO,Low Stock,0,2025-08-09,-7.28,61.78,,33,0,1,1,33,2.05,0,0,0
SKU0920,Beverages Product 338,Beverages,A,S002,PT Indo Fresh,WHJKT,Jakarta - Cengkareng,BATCH3625,2025-05-21,2025-03-23,2026-07-19,111,699,74,79,1,1,49.44,1.614,14.14,742,248,10,5.53,5.04,3865.4,2.12,14.0,90.2,FEFO,Low Stock,0,2025-07-22,-1.82,86.11,,546,0,0,1,546,11.04,0,0,0
SKU0921,Meat Product 132,Meat,B,S008,PT Hygienic Supplies,WHJKT,Jakarta - Cengkareng,BATCH9757,2025-03-23,2025-02-11,2025-04-01,170,162,30,6,4,0,14.8,433.0,10.95,70,26,3,6.4,6.72,1036.7,2.74,8.0,82.11,FEFO,Expiring Soon,-3,2025-08-29,2.21,97.6,,126,0,0,0,126,8.51,1,0,0
SKU0922,Seafood Product 115,Seafood,B,S010,PT DailyDairy,WHDPS,Denpasar - Tabanan,BATCH7176,2025-08-24,2025-06-27,2025-09-01,16,95,4,22,7,0,10.54,353.0,9.01,41,20,2,13.23,13.36,1257.11,3.33,5.0,96.24,FEFO,Expiring Soon,2,2025-06-18,-2.14,87.03,,69,0,0,0,69,6.55,1,0,0
SKU0923,Pantry Product 439,Pantry,A,S007,PT Bakerindo,WHBDG,Bandung - Rancaekek,BATCH2895,2025-07-14,2025-06-26,2027-12-26,57,309,56,48,2,0,27.06,1.043,11.42,126,45,3,10.54,10.86,3255.78,2.63,10.0,99.16,FIFO,In Stock,0,2025-08-26,2.98,94.08,Temperature controlled,205,0,0,0,205,7.58,0,0,0
SKU0924,Personal Product 382,Personal Care,A,S002,PT Indo Fresh,WHDPS,Denpasar - Tabanan,BATCH6134,2025-06-07,2025-05-14,2027-02-22,94,156,5,34,0,0,13.49,500.0,11.56,23,10,1,17.84,18.52,2782.67,2.59,4.0,87.9,FIFO,In Stock,-4,2025-08-01,1.57,83.23,Temperature controlled,117,0,0,0,117,8.67,0,0,0
SKU0925,Dairy Product 199,Dairy,B,S007,PT Bakerindo,WHSBY,Surabaya - Sidoarjo,BATCH3069,2025-06-08,2025-05-06,2025-07-06,93,529,76,88,1,2,45.69,974.0,11.58,70,24,1,3.39,3.55,1791.51,2.59,16.0,99.37,FIFO,Expiring Soon,0,2025-08-27,-5.05,83.12,,365,0,0,0,365,7.99,1,0,0
SKU0926,Pantry Product 236,Pantry,C,S006,PT Frozen Express,WHBDG,Bandung - Rancaekek,BATCH9189,2025-06-26,2025-05-14,2027-09-17,75,21,21,0,4,0,9.48,244.0,2.22,50,22,3,13.49,15.3,283.25,13.54,7.0,74.73,FEFO,Low Stock,-1,2025-08-22,0.21,72.34,,0,0,1,1,0,0.0,0,0,0
SKU0927,Dairy Product 341,Dairy,C,S001,PT Segar Makmur,WHDPS,Denpasar - Tabanan,BATCH9230,2025-06-20,2025-05-07,2025-07-06,81,253,54,50,3,0,25.11,791.0,10.08,191,65,5,2.43,2.46,616.0,2.98,7.0,73.47,FIFO,Expiring Soon,1,2025-08-05,8.98,62.07,,149,0,0,1,149,5.93,1,0,0
SKU0928,Beverages Product 245,Beverages,A,S004,PT Nusantara Supplier,WHMDN,Medan - Deli Serdang,BATCH7171,2025-06-27,2025-06-24,2030-06-08,74,549,126,52,0,3,42.16,1.606,13.02,198,72,3,4.88,5.15,2680.11,2.3,9.0,84.8,FEFO,In Stock,3,2025-08-21,-6.41,87.13,,371,0,0,0,371,8.8,0,0,0
SKU0929,Dairy Product 376,Dairy,C,S004,PT Nusantara Supplier,WHJKT,Jakarta - Cengkareng,BATCH7419,2025-07-26,2025-07-07,2025-08-17,45,134,50,33,0,1,17.09,442.0,7.84,30,13,1,3.76,4.14,503.79,3.83,8.0,75.34,FIFO,Expiring Soon,0,2025-09-07,6.59,83.04,,51,0,0,0,51,2.98,1,0,0
SKU0930,Seafood Product 348,Seafood,B,S008,PT Hygienic Supplies,WHSBY,Surabaya - Sidoarjo,BATCH2176,2025-06-01,2025-04-29,2025-06-10,100,266,47,37,0,1,29.47,807.0,9.03,48,19,1,6.17,5.89,1642.2,3.32,13.0,91.12,FEFO,Expiring Soon,-1,2025-08-04,7.43,82.03,,182,0,0,0,182,6.18,1,0,0
SKU0931,Dairy Product 439,Dairy,B,S009,PT Beverage Nusantara,WHMDN,Medan - Deli Serdang,BATCH6298,2025-08-16,2025-06-29,2025-08-27,24,267,48,29,0,1,23.44,678.0,11.39,145,51,4,3.4,3.65,907.45,2.63,10.0,71.26,FIFO,Expiring Soon,3,2025-06-11,-5.37,86.69,,190,0,0,0,190,8.11,1,0,0
SKU0932,Pantry Product 296,Pantry,C,S003,PT Prima Distribusi,WHMDN,Medan - Deli Serdang,BATCH5769,2025-03-15,2025-01-17,2028-11-27,178,95,69,2,0,0,29.16,844.0,3.26,314,110,7,4.43,4.95,420.66,9.21,13.0,96.58,FIFO,Low Stock,-3,2025-08-14,5.27,93.82,,24,0,1,1,24,0.82,0,0,0
SKU0933,Beverages Product 377,Beverages,C,S001,PT Segar Makmur,WHSBY,Surabaya - Sidoarjo,BATCH3418,2025-04-15,2025-03-22,2026-11-09,147,52,1,13,1,0,6.59,166.0,7.89,27,14,2,7.04,7.5,366.13,3.8,1.0,74.01,FEFO,In Stock,-2,2025-06-15,-0.36,75.75,,38,0,0,0,38,5.77,0,0,0
SKU0934,Personal Product 50,Personal Care,B,S006,PT Frozen Express,WHMDN,Medan - Deli Serdang,BATCH2922,2025-07-26,2025-06-24,2026-11-10,45,102,22,14,1,0,9.21,276.0,11.07,34,16,2,8.2,9.34,836.25,2.71,2.0,89.64,FEFO,In Stock,1,2025-06-26,7.28,61.02,,66,0,0,0,66,7.17,0,0,0
SKU0935,Dairy Product 370,Dairy,C,S007,PT Bakerindo,WHBDG,Bandung - Rancaekek,BATCH4946,2025-09-01,2025-08-07,2025-09-11,8,118,44,46,2,2,20.24,530.0,5.83,66,26,2,2.43,2.22,286.93,5.15,6.0,92.59,FEFO,Expiring Soon,2,2025-08-02,-5.96,62.36,,28,0,0,1,28,1.38,0,1,0
SKU0936,Personal Product 335,Personal Care,B,S007,PT Bakerindo,WHJKT,Jakarta - Cengkareng,BATCH7260,2025-05-14,2025-04-27,2030-01-04,118,88,17,19,3,0,11.21,351.0,7.85,54,20,3,14.44,13.27,1270.73,3.82,4.0,78.72,FEFO,In Stock,1,2025-07-24,-3.64,64.09,Seasonal SKU,52,0,0,1,52,4.64,0,0,0
SKU0937,Fresh Product 251,Fresh Produce,C,S009,PT Beverage Nusantara,WHBDG,Bandung - Rancaekek,BATCH8856,2025-09-04,2025-08-18,2025-09-16,5,56,10,2,0,0,7.57,187.0,7.4,50,20,4,1.82,1.75,102.1,4.06,6.0,88.63,FIFO,Expiring Soon,2,2025-06-26,5.92,62.55,,44,0,0,1,44,5.81,0,1,0
SKU0938,Frozen Product 331,Frozen,B,S007,PT Bakerindo,WHSBY,Surabaya - Sidoarjo,BATCH2629,2025-04-16,2025-03-27,2025-11-14,146,273,47,30,1,2,22.23,797.0,12.28,72,28,2,5.04,5.39,1375.54,2.44,7.0,92.91,FIFO,In Stock,0,2025-07-03,7.69,97.5,,196,0,0,0,196,8.82,0,0,0
SKU0939,Household Product 11,Household,A,S007,PT Bakerindo,WHDPS,Denpasar - Tabanan,BATCH9004,2025-04-25,2025-04-21,2029-04-14,137,139,19,27,0,0,10.48,377.0,13.26,48,17,3,19.0,18.45,2640.97,2.26,2.0,77.43,FIFO,In Stock,-6,2025-08-14,3.37,71.79,,93,0,0,0,93,8.87,0,0,0
SKU0940,Personal Product 93,Personal Care,B,S010,PT DailyDairy,WHBDG,Bandung - Rancaekek,BATCH8327,2025-09-08,2025-07-19,2029-10-18,1,275,27,28,0,0,19.58,726.0,14.04,151,53,5,4.7,4.32,1291.68,2.14,5.0,98.9,FEFO,In Stock,-3,2025-08-25,2.7,84.31,Temperature controlled,220,0,0,0,220,11.24,0,0,0
SKU0941,Dairy Product 83,Dairy,B,S002,PT Indo Fresh,WHDPS,Denpasar - Tabanan,BATCH2386,2025-07-06,2025-06-29,2025-07-14,65,509,96,49,1,2,42.64,1.055,11.94,257,86,4,1.98,2.04,1007.46,2.51,18.0,98.84,FEFO,Expiring Soon,1,2025-07-25,1.09,83.09,,364,0,0,0,364,8.54,1,0,0
SKU0942,Dairy Product 484,Dairy,C,S001,PT Segar Makmur,WHBDG,Bandung - Rancaekek,BATCH9510,2025-06-25,2025-04-29,2025-07-03,76,295,76,63,0,1,36.58,922.0,8.06,225,79,4,0.98,1.05,290.01,3.72,10.0,71.19,FEFO,Expiring Soon,0,2025-06-17,8.24,67.36,,156,0,0,1,156,4.26,1,0,0
SKU0943,Dairy Product 252,Dairy,C,S006,PT Frozen Express,WHDPS,Denpasar - Tabanan,BATCH9818,2025-06-11,2025-05-10,2025-07-07,90,584,120,100,0,1,37.66,1.15,15.51,228,77,4,0.96,0.93,563.21,1.93,15.0,92.1,FIFO,Expiring Soon,-1,2025-06-13,9.7,94.25,Seasonal SKU,364,0,0,0,364,9.67,1,0,0
SKU0944,Meat Product 97,Meat,A,S003,PT Prima Distribusi,WHSBY,Surabaya - Sidoarjo,BATCH4539,2025-07-16,2025-06-09,2025-07-25,55,688,96,43,4,2,35.38,820.0,19.45,166,60,3,3.97,3.85,2730.33,1.54,19.0,96.49,FEFO,Expiring Soon,-1,2025-08-05,-6.36,60.09,Temperature controlled,549,0,0,0,549,15.52,1,0,0
SKU0945,Bakery Product 282,Bakery,B,S005,PT Agro Raya,WHSBY,Surabaya - Sidoarjo,BATCH3675,2025-06-04,2025-05-10,2025-06-11,97,553,72,50,0,1,46.75,1.222,11.83,142,48,2,1.9,2.1,1049.21,2.54,24.0,87.86,FEFO,Expiring Soon,-3,2025-08-30,5.38,90.13,,431,0,0,0,431,9.22,1,0,0
SKU0946,Beverages Product 482,Beverages,B,S003,PT Prima Distribusi,WHDPS,Denpasar - Tabanan,BATCH5413,2025-07-19,2025-06-09,2026-12-10,52,681,75,140,0,0,53.52,2.037,12.72,245,84,3,2.09,2.06,1425.2,2.36,19.0,95.54,FIFO,In Stock,-1,2025-07-24,-1.2,81.8,,466,0,0,0,466,8.71,0,0,0
SKU0947,Pantry Product 262,Pantry,C,S010,PT DailyDairy,WHBDG,Bandung - Rancaekek,BATCH6183,2025-05-25,2025-04-05,2027-04-04,107,88,87,1,0,1,27.89,718.0,3.16,134,50,3,7.98,8.36,701.99,9.51,10.0,82.41,FEFO,Low Stock,-1,2025-07-23,9.95,72.76,Temperature controlled,0,0,1,1,0,0.0,0,0,0
SKU0948,Meat Product 139,Meat,A,S002,PT Indo Fresh,WHDPS,Denpasar - Tabanan,BATCH2080,2025-08-12,2025-07-22,2025-08-30,28,322,105,38,0,0,31.3,1.214,10.29,102,39,2,10.26,10.02,3304.78,2.92,16.0,84.2,FIFO,Expiring Soon,1,2025-07-25,-4.59,90.98,,179,0,0,0,179,5.72,1,0,0
SKU0949,Beverages Product 75,Beverages,A,S004,PT Nusantara Supplier,WHSBY,Surabaya - Sidoarjo,BATCH7179,2025-09-07,2025-08-24,2027-03-26,2,482,101,70,1,1,45.82,1.068,10.52,209,72,3,7.93,7.84,3820.14,2.85,17.0,81.28,FEFO,In Stock,-6,2025-08-27,-9.93,97.43,,311,0,0,0,311,6.79,0,0,0
SKU0950,Dairy Product 270,Dairy,C,S005,PT Agro Raya,WHDPS,Denpasar - Tabanan,BATCH9666,2025-05-07,2025-04-15,2025-05-17,125,124,27,34,0,0,16.91,459.0,7.33,109,41,4,3.68,3.98,455.8,4.09,8.0,87.66,FEFO,Expiring Soon,4,2025-07-01,3.36,90.9,,63,0,0,1,63,3.73,1,0,0
SKU0951,Fresh Product 25,Fresh Produce,C,S003,PT Prima Distribusi,WHSBY,Surabaya - Sidoarjo,BATCH6655,2025-06-02,2025-04-12,2025-06-07,99,69,40,29,1,0,15.93,603.0,4.33,28,12,1,0.69,0.7,47.82,6.93,1.0,81.06,FEFO,Expiring Soon,-1,2025-07-10,-4.95,79.45,,0,0,1,1,0,0.0,1,0,0
SKU0952,Meat Product 352,Meat,C,S009,PT Beverage Nusantara,WHBDG,Bandung - Rancaekek,BATCH3337,2025-03-25,2025-03-01,2025-04-03,168,156,60,56,1,0,17.82,388.0,8.75,111,40,4,2.67,2.45,416.75,3.43,8.0,76.76,FEFO,Expiring Soon,-6,2025-09-03,-0.6,70.09,,40,0,0,1,40,2.24,1,0,0
SKU0953,Pantry Product 190,Pantry,A,S004,PT Nusantara Supplier,WHDPS,Denpasar - Tabanan,BATCH8500,2025-05-25,2025-05-14,2030-05-11,107,240,46,35,1,1,24.91,574.0,9.63,262,88,7,13.28,15.12,3187.46,3.11,10.0,82.5,FEFO,Low Stock,4,2025-07-26,5.67,73.73,,159,0,0,1,159,6.38,0,0,0
SKU0954,Frozen Product 142,Frozen,B,S007,PT Bakerindo,WHDPS,Denpasar - Tabanan,BATCH2424,2025-07-13,2025-05-14,2026-03-28,58,260,82,76,1,3,23.35,846.0,11.13,247,84,7,4.03,3.64,1048.24,2.69,6.0,77.9,FEFO,In Stock,-3,2025-07-19,8.26,83.15,,102,0,0,1,102,4.37,0,0,0
SKU0955,Household Product 325,Household,B,S002,PT Indo Fresh,WHJKT,Jakarta - Cengkareng,BATCH3705,2025-07-10,2025-06-04,2027-01-17,61,174,12,31,0,2,13.74,368.0,12.66,148,52,7,6.01,5.46,1044.89,2.37,8.0,87.84,FIFO,In Stock,0,2025-08-30,-4.94,93.5,,131,0,0,1,131,9.53,0,0,0
SKU0956,Pantry Product 253,Pantry,C,S001,PT Segar Makmur,WHMDN,Medan - Deli Serdang,BATCH3235,2025-03-20,2025-02-18,2029-01-24,173,19,2,3,0,2,1.59,57.0,11.95,24,13,7,10.43,9.91,198.14,2.51,1.0,92.17,FEFO,Low Stock,5,2025-07-06,-3.12,72.08,,14,0,0,1,14,8.81,0,0,0
SKU0957,Beverages Product 273,Beverages,B,S002,PT Indo Fresh,WHMDN,Medan - Deli Serdang,BATCH4115,2025-09-06,2025-07-10,2030-02-19,3,259,32,28,0,0,24.51,703.0,10.57,151,53,4,6.32,6.38,1637.66,2.84,10.0,79.22,FIFO,In Stock,0,2025-07-17,-0.23,87.08,,199,0,0,0,199,8.12,0,0,0
SKU0958,Beverages Product 126,Beverages,B,S009,PT Beverage Nusantara,WHDPS,Denpasar - Tabanan,BATCH8350,2025-08-30,2025-08-20,2030-01-24,10,246,191,55,0,0,96.96,2.553,2.54,1,347,7,7.31,8.24,1797.37,11.82,37.0,73.13,FIFO,Low Stock,1,2025-08-18,0.64,73.49,High return rate,0,0,1,1,0,0.0,0,0,0
SKU0959,Frozen Product 488,Frozen,B,S001,PT Segar Makmur,WHMDN,Medan - Deli Serdang,BATCH3793,2025-05-06,2025-04-13,2026-02-07,126,378,69,28,1,1,24.02,519.0,15.74,109,37,3,3.71,3.36,1401.85,1.91,10.0,73.92,FIFO,In Stock,1,2025-07-28,1.8,94.44,,281,0,0,0,281,11.7,0,0,0
SKU0960,Meat Product 277,Meat,C,S002,PT Indo Fresh,WHSBY,Surabaya - Sidoarjo,BATCH5809,2025-06-25,2025-06-09,2025-07-15,76,58,8,10,0,0,3.73,119.0,15.55,37,18,5,2.97,3.11,172.09,1.93,3.0,83.56,FIFO,Expiring Soon,5,2025-09-09,-7.26,80.15,,40,0,0,0,40,10.72,1,0,0
SKU0961,Pantry Product 112,Pantry,C,S005,PT Agro Raya,WHDPS,Denpasar - Tabanan,BATCH8999,2025-08-31,2025-08-28,2029-04-05,9,94,52,42,6,2,14.33,523.0,6.56,52,23,2,6.83,6.78,641.78,4.57,4.0,84.6,FEFO,In Stock,0,2025-09-09,7.21,78.64,,0,0,1,1,0,0.0,0,0,0
SKU0962,Seafood Product 182,Seafood,A,S002,PT Indo Fresh,WHJKT,Jakarta - Cengkareng,BATCH7587,2025-06-12,2025-05-21,2025-06-17,89,239,83,89,0,2,29.15,1.103,8.2,47,18,1,14.55,14.52,3478.53,3.66,10.0,93.55,FIFO,Expiring Soon,-2,2025-08-28,-6.82,92.01,,67,0,0,0,67,2.3,1,0,0
SKU0963,Dairy Product 271,Dairy,C,S009,PT Beverage Nusantara,WHBDG,Bandung - Rancaekek,BATCH8985,2025-05-27,2025-05-27,2025-06-06,105,97,13,21,0,0,7.56,291.0,12.83,15,7,1,3.79,4.21,367.32,2.34,3.0,80.35,FIFO,Expiring Soon,-2,2025-06-17,2.01,73.34,,63,0,0,0,63,8.33,1,0,0
SKU0964,Frozen Product 192,Frozen,C,S005,PT Agro Raya,WHSBY,Surabaya - Sidoarjo,BATCH9788,2025-05-23,2025-04-02,2026-01-04,109,91,12,10,1,1,7.72,271.0,11.79,15,7,1,1.36,1.4,123.87,2.55,1.0,75.08,FEFO,In Stock,-1,2025-08-27,-1.66,77.47,,69,0,0,0,69,8.94,0,0,0
SKU0965,Pantry Product 225,Pantry,A,S003,PT Prima Distribusi,WHBDG,Bandung - Rancaekek,BATCH1095,2025-06-11,2025-05-20,2028-11-15,90,239,14,35,3,1,22.84,598.0,10.46,108,39,3,11.2,11.13,2676.11,2.87,5.0,78.04,FIFO,In Stock,1,2025-08-26,-8.45,92.22,,190,0,0,0,190,8.32,0,0,0
SKU0966,Fresh Product 203,Fresh Produce,C,S007,PT Bakerindo,WHSBY,Surabaya - Sidoarjo,BATCH4260,2025-09-01,2025-07-03,2025-09-06,8,125,95,30,2,1,40.86,1.584,3.06,124,42,2,1.18,1.11,147.7,9.81,20.0,86.7,FEFO,Expiring Soon,9,2025-06-16,-3.71,83.83,,0,0,1,1,0,0.0,1,0,0
SKU0967,Fresh Product 251,Fresh Produce,C,S009,PT Beverage Nusantara,WHMDN,Medan - Deli Serdang,BATCH3087,2025-03-19,2025-02-27,2025-04-02,174,220,27,12,0,1,26.54,679.0,8.29,127,47,3,2.32,2.35,511.21,3.62,11.0,71.13,FEFO,Expiring Soon,0,2025-07-07,0.62,76.55,,181,0,0,0,181,6.82,1,0,0
SKU0968,Beverages Product 423,Beverages,A,S007,PT Bakerindo,WHBDG,Bandung - Rancaekek,BATCH1346,2025-08-12,2025-08-04,2027-03-20,28,951,151,138,3,0,75.72,2.028,12.56,345,118,3,7.0,7.58,6661.66,2.39,30.0,89.3,FIFO,In Stock,1,2025-07-27,-2.38,60.58,,662,0,0,0,662,8.74,0,0,0
SKU0969,Beverages Product 122,Beverages,A,S001,PT Segar Makmur,WHSBY,Surabaya - Sidoarjo,BATCH1131,2025-05-23,2025-04-26,2029-09-26,109,2,232,216,3,2,90.32,2.038,17.45,273,92,2,7.05,6.63,11100.0,1.72,35.0,76.95,FEFO,In Stock,0,2025-08-03,1.54,77.85,,-446,1,1,1,0,0.0,0,0,0
SKU0970,Fresh Product 220,Fresh Produce,B,S004,PT Nusantara Supplier,WHDPS,Denpasar - Tabanan,BATCH9376,2025-08-01,2025-07-21,2025-08-15,39,416,157,40,0,0,66.62,1.756,6.24,707,241,7,2.35,2.42,977.18,4.8,22.0,86.09,FIFO,Low Stock,0,2025-08-05,-9.83,94.42,,219,0,1,1,219,3.29,1,0,0
SKU0971,Household Product 359,Household,C,S004,PT Nusantara Supplier,WHMDN,Medan - Deli Serdang,BATCH2688,2025-07-21,2025-06-07,2029-03-17,50,22,2,1,3,1,1.37,44.0,16.06,17,12,4,16.0,17.53,352.04,1.87,2.0,78.32,FIFO,In Stock,-1,2025-08-16,8.68,79.96,,19,0,0,0,19,13.87,0,0,0
SKU0972,Pantry Product 325,Pantry,C,S003,PT Prima Distribusi,WHBDG,Bandung - Rancaekek,BATCH7574,2025-08-10,2025-08-08,2027-05-07,30,68,16,17,1,0,6.17,212.0,11.02,32,13,3,8.21,7.39,558.46,2.72,4.0,73.4,FEFO,In Stock,0,2025-08-16,-2.54,63.21,,35,0,0,0,35,5.67,0,0,0
SKU0973,Bakery Product 316,Bakery,B,S004,PT Nusantara Supplier,WHJKT,Jakarta - Cengkareng,BATCH7673,2025-08-27,2025-07-25,2025-09-01,13,769,111,47,2,1,57.71,1.926,13.33,607,203,7,1.37,1.25,1057.22,2.25,18.0,85.75,FEFO,Expiring Soon,2,2025-06-12,2.17,92.3,,611,0,0,0,611,10.59,1,0,0
SKU0974,Meat Product 173,Meat,B,S007,PT Bakerindo,WHMDN,Medan - Deli Serdang,BATCH7997,2025-08-25,2025-07-15,2025-09-15,15,106,25,22,0,0,9.71,311.0,10.92,155,58,10,8.36,7.98,885.99,2.75,8.0,83.18,FIFO,Low Stock,0,2025-08-02,0.65,61.55,Promotional item,59,0,0,1,59,6.08,0,1,0
SKU0975,Meat Product 180,Meat,A,S007,PT Bakerindo,WHBDG,Bandung - Rancaekek,BATCH3977,2025-06-20,2025-06-18,2025-06-26,81,389,118,86,1,2,38.45,1.015,10.12,62,24,1,6.0,5.59,2335.59,2.97,13.0,82.69,FIFO,Expiring Soon,5,2025-09-03,8.27,86.2,,185,0,0,0,185,4.81,1,0,0
SKU0976,Seafood Product 147,Seafood,C,S008,PT Hygienic Supplies,WHSBY,Surabaya - Sidoarjo,BATCH8059,2025-04-07,2025-03-27,2025-04-11,155,34,5,0,0,0,2.99,107.0,11.37,8,5,1,13.33,12.08,453.11,2.64,3.0,73.95,FEFO,Expiring Soon,-1,2025-07-09,-3.28,93.72,,29,0,0,0,29,9.7,1,0,0
SKU0977,Seafood Product 50,Seafood,B,S001,PT Segar Makmur,WHDPS,Denpasar - Tabanan,BATCH6907,2025-08-07,2025-06-21,2025-08-15,33,264,68,72,0,0,23.88,766.0,11.06,75,27,2,5.81,6.67,1534.16,2.71,11.0,71.43,FEFO,Expiring Soon,-3,2025-06-26,4.74,86.21,,124,0,0,0,124,5.19,1,0,0
SKU0978,Bakery Product 333,Bakery,B,S005,PT Agro Raya,WHBDG,Bandung - Rancaekek,BATCH2429,2025-04-13,2025-02-16,2025-04-18,149,779,141,55,0,0,45.15,1.574,17.25,142,52,2,1.49,1.71,1163.59,1.74,15.0,85.22,FIFO,Expiring Soon,-2,2025-08-24,9.19,79.66,,583,0,0,0,583,12.91,1,0,0
SKU0979,Pantry Product 22,Pantry,A,S010,PT DailyDairy,WHBDG,Bandung - Rancaekek,BATCH8303,2025-07-22,2025-05-24,2030-07-04,49,176,36,4,2,0,15.22,361.0,11.56,115,39,5,14.91,16.94,2623.97,2.59,10.0,96.84,FIFO,In Stock,2,2025-08-31,-3.67,95.95,,136,0,0,0,136,8.94,0,0,0
SKU0980,Pantry Product 155,Pantry,C,S008,PT Hygienic Supplies,WHBDG,Bandung - Rancaekek,BATCH1717,2025-04-26,2025-04-18,2027-03-06,136,71,13,22,2,1,11.78,375.0,6.03,183,65,10,4.62,4.54,328.18,4.98,4.0,81.37,FIFO,Low Stock,-1,2025-07-18,4.55,84.6,,36,0,1,1,36,3.06,0,0,0
SKU0981,Meat Product 450,Meat,B,S009,PT Beverage Nusantara,WHSBY,Surabaya - Sidoarjo,BATCH2923,2025-06-08,2025-04-11,2025-06-27,93,210,73,58,1,3,24.49,878.0,8.57,78,29,2,5.13,4.86,1076.46,3.5,10.0,94.96,FEFO,Expiring Soon,1,2025-09-01,1.03,62.73,,79,0,0,0,79,3.23,1,0,0
SKU0982,Pantry Product 488,Pantry,C,S009,PT Beverage Nusantara,WHJKT,Jakarta - Cengkareng,BATCH5491,2025-07-29,2025-06-15,2029-12-07,42,48,31,4,3,1,12.49,288.0,3.84,136,49,7,12.33,13.55,591.75,7.81,4.0,98.79,FIFO,Low Stock,3,2025-08-03,5.55,97.71,Temperature controlled,13,0,1,1,13,1.04,0,0,0
SKU0983,Fresh Product 498,Fresh Produce,C,S004,PT Nusantara Supplier,WHMDN,Medan - Deli Serdang,BATCH9723,2025-05-06,2025-03-12,2025-05-19,126,340,32,74,0,0,30.47,1.175,11.16,189,67,4,1.09,1.25,370.67,2.69,9.0,88.51,FIFO,Expiring Soon,0,2025-08-19,-5.42,86.84,,234,0,0,0,234,7.68,1,0,0
SKU0984,Frozen Product 288,Frozen,C,S007,PT Bakerindo,WHMDN,Medan - Deli Serdang,BATCH4390,2025-04-07,2025-03-27,2025-12-12,155,516,49,93,1,0,44.49,1.198,11.6,67,23,1,1.08,0.99,559.5,2.59,15.0,89.8,FIFO,In Stock,3,2025-08-20,-1.27,62.76,,374,0,0,0,374,8.41,0,0,0
SKU0985,Pantry Product 5,Pantry,C,S009,PT Beverage Nusantara,WHMDN,Medan - Deli Serdang,BATCH9602,2025-05-04,2025-04-18,2030-04-22,128,91,13,9,4,0,6.8,261.0,13.38,45,18,4,3.16,3.25,287.46,2.24,3.0,91.74,FEFO,In Stock,-2,2025-08-12,7.95,77.15,,69,0,0,0,69,10.15,0,0,0
SKU0986,Meat Product 61,Meat,C,S003,PT Prima Distribusi,WHBDG,Bandung - Rancaekek,BATCH5781,2025-08-29,2025-08-27,2025-09-10,11,50,23,23,3,0,10.12,364.0,4.94,22,12,1,9.13,9.16,456.49,6.07,6.0,82.99,FIFO,Expiring Soon,-4,2025-08-05,-5.31,92.17,,4,0,1,1,4,0.4,0,1,0
SKU0987,Meat Product 405,Meat,B,S001,PT Segar Makmur,WHBDG,Bandung - Rancaekek,BATCH1022,2025-07-18,2025-06-07,2025-07-26,53,159,68,91,3,0,28.67,928.0,5.55,224,81,5,8.3,8.96,1319.95,5.41,6.0,76.69,FEFO,Low Stock,4,2025-06-21,-8.98,61.66,,0,0,1,1,0,0.0,1,0,0
SKU0988,Bakery Product 43,Bakery,C,S009,PT Beverage Nusantara,WHSBY,Surabaya - Sidoarjo,BATCH5831,2025-08-06,2025-07-17,2025-08-11,34,332,30,13,1,0,42.31,1.326,7.85,67,25,1,1.98,1.89,657.59,3.82,18.0,90.76,FIFO,Expiring Soon,3,2025-06-21,7.32,64.71,,289,0,0,0,289,6.83,1,0,0
SKU0989,Household Product 113,Household,C,S005,PT Agro Raya,WHBDG,Bandung - Rancaekek,BATCH9804,2025-07-06,2025-05-25,2026-08-07,65,75,11,9,1,1,6.84,177.0,10.96,29,15,2,8.54,8.62,640.31,2.74,4.0,74.1,FIFO,In Stock,0,2025-06-13,9.64,97.0,,55,0,0,0,55,8.04,0,0,0
SKU0990,Pantry Product 446,Pantry,C,S010,PT DailyDairy,WHDPS,Denpasar - Tabanan,BATCH4614,2025-07-19,2025-06-29,2029-01-09,52,13,7,3,1,1,2.64,57.0,4.92,15,7,3,8.59,7.92,111.63,6.09,3.0,88.01,FEFO,Low Stock,-2,2025-08-14,3.99,75.51,,3,0,1,1,3,1.14,0,0,0
SKU0991,Household Product 386,Household,C,S007,PT Bakerindo,WHBDG,Bandung - Rancaekek,BATCH8109,2025-05-18,2025-04-25,2027-09-04,114,117,38,29,0,0,13.97,459.0,8.38,114,44,5,2.66,2.86,311.48,3.58,5.0,83.75,FIFO,In Stock,1,2025-07-10,1.89,71.86,High return rate,50,0,0,1,50,3.58,0,0,0
SKU0992,Frozen Product 418,Frozen,C,S003,PT Prima Distribusi,WHBDG,Bandung - Rancaekek,BATCH3955,2025-04-17,2025-03-07,2026-02-16,145,158,21,28,0,0,13.63,480.0,11.59,64,23,3,4.74,4.85,748.56,2.59,4.0,80.62,FEFO,In Stock,1,2025-09-07,8.98,60.23,,109,0,0,0,109,8.0,0,0,0
SKU0993,Personal Product 419,Personal Care,B,S007,PT Bakerindo,WHDPS,Denpasar - Tabanan,BATCH3351,2025-07-23,2025-07-19,2026-12-12,48,165,24,16,2,0,13.27,430.0,12.43,102,36,5,7.07,8.09,1167.03,2.41,3.0,87.55,FEFO,In Stock,2,2025-08-09,0.75,82.44,,125,0,0,0,125,9.42,0,0,0
SKU0994,Pantry Product 207,Pantry,C,S002,PT Indo Fresh,WHDPS,Denpasar - Tabanan,BATCH2633,2025-08-05,2025-07-12,2026-08-29,35,97,6,18,1,1,7.04,169.0,13.78,29,15,2,3.35,3.67,325.02,2.18,4.0,91.09,FEFO,In Stock,1,2025-09-07,-2.78,72.78,Seasonal SKU,73,0,0,0,73,10.37,0,0,0
SKU0995,Beverages Product 330,Beverages,C,S001,PT Segar Makmur,WHBDG,Bandung - Rancaekek,BATCH5385,2025-07-08,2025-06-29,2026-12-26,63,244,54,39,3,1,33.68,848.0,7.24,361,125,7,2.39,2.74,583.01,4.14,15.0,73.98,FIFO,Low Stock,0,2025-09-08,2.21,66.35,,151,0,0,1,151,4.48,0,0,0
SKU0996,Fresh Product 377,Fresh Produce,C,S006,PT Frozen Express,WHJKT,Jakarta - Cengkareng,BATCH8871,2025-07-20,2025-06-02,2025-07-25,51,382,64,48,1,0,31.9,678.0,11.97,485,166,10,0.99,1.05,379.21,2.51,8.0,79.06,FEFO,Low Stock,2,2025-08-20,-6.23,80.85,,270,0,0,1,270,8.46,1,0,0
SKU0997,Frozen Product 125,Frozen,C,S001,PT Segar Makmur,WHDPS,Denpasar - Tabanan,BATCH9906,2025-03-16,2025-03-09,2025-11-19,177,208,27,96,0,1,40.03,1.019,5.2,307,107,5,2.54,2.31,527.28,5.77,15.0,74.4,FIFO,Low Stock,0,2025-09-04,1.33,88.43,Promotional item,85,0,1,1,85,2.12,0,0,0
SKU0998,Fresh Product 454,Fresh Produce,C,S007,PT Bakerindo,WHBDG,Bandung - Rancaekek,BATCH1393,2025-09-09,2025-08-26,2025-09-15,0,264,48,13,1,2,26.13,797.0,10.1,394,133,10,0.69,0.71,181.39,2.97,9.0,92.17,FEFO,Low Stock,0,2025-07-22,5.47,91.92,Promotional item,203,0,0,1,203,7.77,0,1,0
SKU0999,Meat Product 451,Meat,C,S007,PT Bakerindo,WHJKT,Jakarta - Cengkareng,BATCH2804,2025-05-07,2025-04-23,2025-05-17,125,33,33,0,2,2,23.48,676.0,1.41,181,64,5,2.38,2.71,78.48,21.35,13.0,92.4,FIFO,Low Stock,0,2025-08-04,0.46,93.18,,0,0,1,1,0,0.0,1,0,0
SKU1000,Pantry Product 61,Pantry,B,S006,PT Frozen Express,WHJKT,Jakarta - Cengkareng,BATCH3475,2025-08-29,2025-08-18,2030-01-18,11,102,18,10,1,0,11.88,274.0,8.59,37,13,2,10.98,10.08,1120.29,3.49,11.0,87.0,FEFO,In Stock,1,2025-07-04,-5.75,93.05,,74,0,0,0,74,6.23,0,0,0
